b1191,cspG,eutG,fixC,cspA,yecO,yedE,sucA,cchB,yceP,ygbD,yjbO,yfiA,lpdA,pspB,atpG,dnaJ,flgD,gltA,sucD,tnaA,ygcE,yhdM,ibpB,yfaD,hupB,pspA,asnA,atpD,nmpC,icdA,lacA,yheI,aceB,lacY,b1963,dnaK,folK,ycgX,lacZ,nuoM,dnaG,b1583,mopB,yaeM,ftsJ
1.535191108195685,1.301523795206627,0.22332654391989193,2.4369465979115237,1.4965577336497882,1.4584028055058278,-1.2312399134380236,0.6101860473199296,3.068864772613619,-0.6193058620539447,2.1032994349874325,0.7911196685586975,-0.4488558487520299,-1.5555351758346625,1.953764603839223,-0.9417718453762564,0.04351788768834419,-0.05850201405205224,-1.32830386346982,-0.2460566066086487,-1.480066546548947,4.0490736421596125,-1.7520350712720032,-0.4266528367835969,-0.5210999579423221,-1.3009230718269011,1.6630225687103954,3.508389628782138,-2.3144749825255344,-1.2534832176281756,-3.353871885942949,2.1480125605080014,1.7622446371228495,-3.3388981697625724,1.4696475402479647,2.8459755632716703,2.0906313597739734,1.8676511062296794,0.9762695016383539,1.7915855536826828,-1.073492523418695,1.0947188427233807,3.589505351728263,1.480169598167767,1.2474442183429373,1.8542559901013145
0.9427773542612925,2.294387647472529,1.5101882919632545,0.5812438137421079,-1.8286746536596756,2.263227838750462,-1.434565101243624,-2.599749300188348,1.019180989792634,1.2573759148330153,0.9299998507301082,-0.43337043323578417,-2.8035480024864503,-1.9140178799358776,2.8770316108815708,-2.359566022876751,1.9236413977002207,-1.4698053221340712,-2.577048236659854,-3.4022655785437816,-1.9457878864366047,-0.7176817457277509,1.5503033571091436,0.980369587264816,1.4840757346426352,-2.9834427141517215,1.4977768940875595,-0.5792529139123139,0.6244921571363846,-0.1745440855782039,0.2567325901903952,1.6053232256076382,-1.095553295925484,0.07603365142541829,1.7382885270322141,0.4948355972802847,-1.4672444699278553,-0.08454452147816482,-0.44597772992990947,0.9186898309184868,-0.6785964155236349,-0.21881022889114488,2.343834244961511,-0.8210980534855628,2.174061925151877,-0.5825098473665877
1.062495886071702,2.300875944577038,1.3932814140663772,-0.3755403111524065,0.8745490179906055,1.9147664234766302,-1.79598742099939,-0.46677091782607494,-0.2971435781204259,1.4053522957063738,2.3343110760790005,3.997773114145475,-1.202381412775631,-1.764875278175843,2.5042064155805788,-0.48249544651191245,0.19939652769445826,-1.5571221158677575,-1.3184462986858165,-0.9663726990445572,-1.2995803611277583,3.4883111058143887,-1.9724021318100218,2.027447617809466,1.3169699673024324,-1.9797301156753129,1.3229569387596405,2.7807338808782927,-4.080966350600801,-0.4466726213137702,-2.5152495686274703,2.3970093047956227,3.4632567219768076,-2.6791023174601216,1.6452277002972724,4.829705492025489,3.114196306474491,2.5926314567218025,4.451815764078496,3.227852491178574,0.36049788524143556,3.7484607900072433,1.9680238474767615,2.295344958516881,5.455505029068253,2.8967022938025675
2.1078594428545205,2.658759243099751,0.7969419426072221,1.220728084269555,2.769739765222717,2.243095347099771,-2.643589213645118,0.1264493910525024,3.0083138559168185,0.5808843640395507,1.278598953833662,1.2848124191060597,-0.087966081143669,-2.217546981375941,2.887733908777888,-1.059220841488003,0.4703046618509341,-0.3130484483418674,-1.0098765352496821,-0.7612183714133409,-2.1974892055499935,4.1093348389765705,-0.5897587909403565,0.6837461785768765,0.6786675072558886,-1.2059900528557457,1.8150267468300754,4.133180259793721,-3.5101265708543714,-1.0953948522860408,-3.149002879403996,2.3340027188549763,1.967108418006228,-3.2027039662226118,1.5990772776599296,3.4884057511484103,1.5338480343479992,2.53895639935555,1.264352419463962,2.399201453355773,-1.2861974095284678,1.0367002216982575,1.0816938169506418,1.012586793228468,5.523278901415046,1.8361472459153227
0.49049404021444054,1.3229741284322434,0.6961428207756153,1.2212300542612002,-1.2642147453961372,1.840921255624476,-1.4468409056823326,-0.9787001539481679,2.882491129919245,0.5983130145664994,1.7810018211558254,2.5489439816975685,-2.6843331136188975,-1.1814598328521557,0.6292274435814811,-2.1652525218744563,-0.33965361422859,-1.0880375606622426,-2.5557742984344936,-1.431508017973045,-1.562646321273954,0.03488734808829452,1.519473976952986,0.923855812753098,0.5933865609624156,-3.0806583381811166,1.5677460470593305,0.62610585763342,-1.2757206461748853,-1.704262321981012,-1.5075294814025921,4.100409446523385,0.7978960798328248,-1.295383078421738,3.864676406157236,2.7173794636466324,-0.1127380726410031,1.9296033815639009,1.4819372048646025,3.957339046531903,0.44590089844258984,0.7785626860108876,1.3599725659943387,-0.2877972626234173,3.0531028431497367,0.6054479076659588
1.6936159090098952,1.2390975848369277,0.7156807768267479,2.6292671384160213,-1.9627327306268785,1.3947061000377585,-0.36337590917103624,-0.2824179097495272,1.4647788750225081,-0.11856840713686845,3.2426258230977614,1.04947726698147,-3.056324131355921,-0.3433409640314353,0.32920826726023455,-1.0454932745953331,-0.05033486234929474,-0.4063378612975874,-1.8954546914295825,-0.4836979706623241,-2.3105432273074635,3.541032207247209,-0.0337280273880467,1.2167882858254895,0.9045582894890337,-3.7395660114157088,-0.5140875686025812,3.446344262180286,-2.4746422854549115,0.5925625116570798,-3.3708440935285227,-3.6672334994726166,2.2986439576753552,-3.61665201360499,-4.599047581289494,3.4982051173201,1.9363779687741784,2.1078969248905306,3.3014904756077827,-3.089738768932256,-5.030322413696115,2.5141499724267,1.4447695560575669,2.16162525803374,3.9970033933544196,2.08345189053657
2.3740483901620935,-0.14923719774396593,1.2448413214929583,1.681946807555772,-2.7014762777789962,-0.28788254695454696,-0.1944203733479002,0.15873172280056247,2.006898154249636,0.5661481767059307,3.4602403810115527,1.8941181619250362,-3.6012997007297813,-0.3779838477380051,0.09639792841948425,-0.13574211746695486,-0.9000217086647404,-0.6658276372717206,-0.4138483771249004,-1.6606177351163887,-2.0575668765431105,4.703990463239974,0.5656934529268902,1.5240007411806282,0.060255645339931885,-4.6491814224573975,0.14991878115558444,3.885605330294999,-3.1438107423843276,0.08042787151884712,-3.0499771738298826,2.886883382996211,3.0273210658010266,-3.1323833595129793,2.286602838586936,3.4274798221383156,2.338630019022895,3.403378367030456,3.315122454194478,2.8265688345699553,0.7964233474482116,2.5438041977040955,0.9603334770335171,2.9772792211895975,-0.38366129959362816,3.4525371370554736
0.7762353475899024,2.722974519720888,0.8120968533091621,0.3895506005219249,-0.9817613499243697,2.160977442737904,-2.4098422282054868,-1.3899621276408158,0.023645840460257306,0.9398572377395975,1.7931593818970442,1.6501343437336204,-2.4593165098669356,-2.6899036558581946,2.4343524842802085,-1.4375318521105298,1.405245959886685,-0.38586173659977985,-1.7082290267718112,-0.8808962105866056,-0.7624781848945125,2.554956453716315,0.6401608136837612,1.6911142204058083,0.06605342419322491,-3.3463357835415284,2.406622253078549,2.2897507455964834,-2.666188585686635,-2.573192977034588,-2.6047959968591714,2.4826110610604473,1.2145418987195877,-2.4922524274768847,1.305080259922494,1.7537734044672721,1.3390913426714093,1.208481368284415,1.572513416763358,2.6104309640758636,-2.743768447794676,1.2531182749226712,2.406366333144901,1.323592165329878,4.421493010380759,2.0460637157827493
0.8783814520804254,1.4957246716915695,0.9815998347981121,0.12535345323455416,-1.1882135187427103,2.477903472295344,-1.20525745999204,-1.2026120195939842,2.1482500149820454,0.9379301131275635,0.3928423731196049,2.733623724402574,-2.2659130643343524,-1.5050376044683047,0.9059793217777934,-1.033952382701355,1.8376314167354488,-0.31355646015163985,-0.9600566090626518,-1.0382455008565634,-1.1034726238276469,1.4981348181858394,1.1566178703620593,0.9283095291871861,0.3119425279260467,-2.5755555001103634,1.1476805008942517,1.2959123254506602,-1.2193134830489223,-0.1348214922010189,-0.16702741672189192,4.012699107383446,0.7506371364304063,-0.29296151357015643,4.047952440497536,1.2316308531597724,0.2536262046996077,0.5175993471017206,1.027059637979311,4.525441013449842,-0.9153481455375746,0.7782576253955675,3.216337789736369,-0.38127659955001136,2.8566639586118105,0.32128717087791636
1.8314002643189353,2.646783534782127,1.800220596566819,0.6758887799227331,-0.14828903891168588,3.088871726520105,-1.2241960769955136,-1.4498409949320943,0.9347866962386979,1.1977822875820265,1.5758199324400546,1.7907557438550288,-1.0215170209873041,-1.4343239006054325,2.216026512575523,-1.6361476959451609,1.420642321168831,-1.3408744929021843,-0.3075666134959736,-2.3080233637363268,-1.0931070704462063,3.0785601147056267,0.5817924465875384,1.9055678101991882,2.3138486861752328,-1.138294372180991,1.5639792175890819,3.228079981803624,-1.8657748718678577,-1.9489792186134944,-1.319679979092329,1.3550665054696511,1.274375771812399,-1.837335212291013,0.5137394580861196,2.744362723707453,1.3162114847656892,0.8301620961949202,1.1430410828830844,1.9869151823469275,-2.2148497247674457,0.6678810859843917,3.383045905988862,1.1524458542885359,3.527496861524332,1.6027433851801511
1.3020569607198942,0.84681209640484,0.4362355242313116,3.112876668008737,0.1409676588265989,1.791920702739708,-0.4899112933299137,1.056481110161152,3.1673612740702106,0.04748061708628981,3.3367281289828634,2.3797821928559717,-1.903484585402703,-0.7481296652597967,0.4064882489976305,-0.151455016873012,-1.1358732279127892,0.34161175580873326,-1.1605197114398538,0.19935245661706502,-1.7803420339268223,3.0238904967815188,0.37023161767743484,1.1587713322557958,0.5159529241979691,-2.385462110531603,1.1204811199636089,2.8272100388435466,-0.9741782066800198,-0.13650010673027535,-1.6649721813661411,0.8122527297179011,0.12383854943013128,-1.639595312181359,0.07678590367533533,1.0171913444310798,0.3934581901413544,0.3396176440220964,-0.13109003692119203,0.8769314792163114,-2.617244195363321,0.09313995554915322,2.2189308904777194,-0.5202480295892502,2.2602074317164695,0.6166203061917908
1.6222478892922731,2.307505734164052,1.4860459467108726,1.4378509915938786,0.07285563543961991,2.5483944094035142,-0.9818582790113964,-1.9730179451647296,0.8741853203123782,0.842139610913986,2.4625742826532853,2.399315270076725,-1.7217909288406301,-1.0857565329537935,1.5347696045091364,-3.5434521598920994,1.7143369102367294,-0.912614969152264,-2.141378700414066,-2.4165613084773487,-1.5797517616385994,2.4762091059974813,1.3348370056832812,1.647377637633829,1.3851580919263762,-2.439507530696166,0.9287588204633735,1.7604527629595983,-1.7432262532276253,0.015866401763257376,-2.197765408936397,1.4718903121544524,1.3662670817987528,-2.548887216612765,1.4737329010229776,1.9220365754784234,2.0791757531946664,1.8070983407532195,0.9549907373335759,1.1198703388471691,-1.3815261140682802,0.970453028391512,2.715980789768848,0.5932376131239565,2.2636391045579667,0.5596556007396748
1.4062555988049315,2.248849940328467,2.5481025631877925,3.3879420228351265,1.929888565738981,2.466360148676613,-1.7119749903085812,-1.9475526930210971,3.139304775080838,2.0179383262471795,3.548851595503909,1.8138284371549176,0.5509081427582256,-1.6723072892219806,2.992724010084532,-2.466097141234842,2.9839625747765957,-0.8641127108328336,-0.6065016107007142,-0.4060917705006015,-2.5400741529271054,1.573827382902325,2.8107174881553973,3.6997782958628713,1.890749555576063,0.2039913435845817,1.6996832888986266,2.5167900060676174,-2.8477825174646365,-0.6279242465984822,-1.337280088945225,1.7272311662929147,2.1704723870897773,-0.9694545635504677,2.1669403399770752,3.075067088193551,2.4989668877418914,2.7467658403769817,2.491014333437637,1.129226044342141,-2.7056673371032662,1.5627165018195568,0.9941121305647737,1.9396124080401478,2.0772630695777723,3.341992402375152
0.8819823187945106,1.5519707390496147,0.3205166690637471,0.4340269877302345,2.34576341912343,1.6314894102411797,-0.44947267157262605,-1.2637987006110354,1.322086765208173,-0.43144386864778284,1.7417681347432297,1.324349447605587,0.11578743521156998,-0.6716104958378601,1.5707374028255243,-2.399113820899994,1.7640037613435244,-1.5428206503631114,-0.6404238052185441,-2.047176140976453,-0.6884105980134663,2.018640548098844,1.9566802915928694,-0.47413646442989643,0.11153978160021483,-0.668652677546751,0.9547652874171535,2.6271750976219908,-1.4431979628210845,-1.6791445584103335,-1.1886896404941578,0.2181220507947612,1.2093320511185834,-1.7053190338827333,-0.41388849973245767,2.553508979482541,1.1489837971915666,1.427276024183714,1.8034176123660335,0.4263227935312919,-3.055731443164575,1.4039397397511537,1.3613120151163622,1.0222814713537507,1.890256181901627,2.079755001125786
0.5077633792031965,1.413910058312734,2.698951365199223,1.4582055041068802,0.058725166474793936,1.1872611877756876,-0.18289450478329128,-3.941923143768038,1.1858729139152353,2.44773674936894,2.997695539150572,1.3219090334811792,-0.5795965431451948,-0.3793846176061544,0.926573954005878,-3.1219668812986483,4.264952095063526,-3.5329253325629244,-2.493217052405873,-5.101713096606205,-1.2186926078264844,0.14130157045609915,4.665656933501825,4.825797441524406,2.0542115240606535,-0.9827938030034034,0.033759049552519294,0.1888773777726358,-1.4231360659736079,0.7980484102685459,-1.4703578285432748,2.633819142901448,1.6420561485482055,-1.6109598456627219,2.610584634006007,2.7580766945193047,1.164297945041457,1.4253079946357596,3.0837028326871216,2.7555031001680153,-0.8942326332268206,2.7204556043276833,0.30616665896180795,1.3015215826854507,3.5058030502356776,1.978540126809377
1.0658913129201129,2.04619984152531,0.7145860628790931,1.9716952265442547,1.6250879074816784,1.884162099817133,-0.84665773694537,-1.2852921741589713,2.8552295057686368,-0.6537891188392437,2.8102020788177366,0.6067035470540332,0.9591445930880913,-0.7528139245195902,1.3113301753555646,-1.4829242677582228,0.9660025016116915,-1.4620588036077766,-1.095229220371985,-1.8938785707902945,-1.6162394646270946,1.8217061134052488,0.4887517521330935,1.2177478876138812,0.9777267127566285,0.6287499018337015,0.08108104631736501,1.8134218475356694,-2.990845499775788,-0.36445695091177976,-2.189648309398619,-1.096308326780435,1.8294233724806457,-2.3933599846852447,-1.9752385048297543,2.5674826596639573,2.543288699451765,2.3002006378183673,1.808571057664557,-0.3966205538876071,-3.3050477028245124,1.7818706949992418,0.9443229566962437,3.0475679246162874,5.7934387414034525,3.895072230889965
0.981231765950259,1.0198813349429003,1.905739731640723,0.7508930533850139,0.8128848821365345,0.9395655846010941,-1.1093348661948939,-0.8826951325365531,1.850998861255316,2.1829916478531946,1.8682011680065662,2.3406250143835905,-1.2130358284571492,-0.884559492765845,0.9862860457202725,-1.5167767109522101,1.7713209238938452,-1.619521825010275,-1.562504432080036,-1.3812240317726852,-1.4739467665537842,2.775540748799121,1.7406713700086938,2.367885518934864,0.7208164656160259,-2.0269399671552004,1.0225779026367272,2.382942422419416,-1.7904991874716707,-0.41001890922017564,-2.2237943613491256,1.126058719849497,1.6861420037906805,-2.087435689007938,1.2001014821416323,2.743756153542538,2.2106501160937255,2.6113672841988533,1.9746633891491197,1.2457516902295955,-0.6543799312046905,1.7006052538346772,2.067029081574571,1.96839917983358,1.764641346802437,2.601832888486503
1.452514674781354,1.9793855194107834,0.8646551216352274,3.0095837080260233,1.0719567878574652,2.363436118806814,-1.2017384476734057,-1.1819286587106446,4.017431768356168,-0.43606574215894955,2.6445400075464565,-0.37177356493087,0.06554435352621168,-1.3440781542354336,2.460321551563749,-1.0555213308331048,2.8087312500327855,-0.241951969970007,-1.98554068405083,-1.97336918956747,-2.1071830869118857,1.3739632510884099,1.862698082239334,1.0209820202752784,0.48140974084158994,-0.9976233308338228,1.563809346701281,1.660918746267228,-0.20052814317388612,-1.0767490632884864,-0.744454549352014,2.04573736100053,0.009973941866599612,-0.8511120043637778,1.1818563169772243,1.5202870095037406,-0.04936543266124682,1.0816752733190356,-0.22354400632408455,2.5857438381441007,-1.1876519797595284,0.25079230950558296,2.016329466847382,-0.15349507329799417,3.1787355189759063,0.3488925961843343
0.6215263905413083,2.9355672725202453,1.9341331237283996,1.5968042222886245,-0.6614727263655648,3.328283019477306,-2.6601790554042246,-1.5638313831843016,1.4316417430655348,1.0451936337689933,4.131028401144999,1.401705847846961,-1.8103271597379917,-2.976660093355301,2.7235957437577416,-1.7928482363091993,0.752749170593811,-0.44810635832717716,-1.8265766407130108,-1.2911443519897792,-1.0495160560417633,1.8246491829403888,1.3622199534497377,2.2099406894841387,1.0567571527329944,-2.3186619825236123,1.889152183017754,1.9503699791031044,-1.9745410227192024,-1.3961540684159515,-0.8883975470812916,2.6600832905464795,1.021282695396102,-0.7141463987876153,2.1792015428876206,1.3763879351346509,1.472861401532156,1.9990118151834095,0.6778555386640966,2.9118640181038575,0.1643082955351951,0.8921099570939697,3.217264095233249,1.5608804501728029,5.514218932535451,2.291137694266883
2.1502999440652135,1.124122315247869,1.5991169029402665,0.8313171796620888,-1.3210690449419542,0.956205202979888,-0.5868802254482713,-2.0525330220695617,1.8428832503681645,2.3591007251298524,1.5421813290090909,3.5462398745443364,-2.523498690225277,-0.7536680632838558,0.26799974924150227,-3.1875832584067942,1.8888337962145738,-2.586473686648153,-0.8025013983564422,-1.038263871155096,-1.8560068603605389,2.6895786696438395,1.4156360775266361,3.407215358736558,1.9527503002381104,-3.414210656884565,0.26417267674279366,2.202618933774341,-1.8698195878716888,-1.0743773379513466,-1.6312045914482065,2.474016726501833,1.4021933153913235,-1.915336862450257,1.932358103206011,1.8273796270893397,0.849519604049189,1.6740798638678398,2.090095284041035,3.287677543141836,-0.6967489565595033,1.8642333967069362,3.234248713827819,0.9850622557565655,2.223020904858225,1.2545404098528397
0.67701030640844,3.3347267663386155,0.38379447882422313,0.35214991993642997,2.2259147888947117,3.65491001704563,-1.1837617912149048,-1.3043666618321086,1.1978325268876528,-0.6701897972928792,2.013522603694968,0.4592120203715433,0.555609522746916,-0.7980738461207595,0.2680996747976325,-1.5210339758852258,1.3692791706468894,-1.8359267497314695,-1.4660476029988696,-0.7463777492757732,-1.227807990747542,0.5142517281349408,1.325506186693143,0.4074786008877407,-0.3313944505376316,-0.2837630424003972,0.5193051022313864,0.9435893078309194,-1.303496803542422,0.12632664768575053,-1.1730430951029638,0.706775942194255,0.32296488587838235,-1.4372118246224797,0.19549617849323375,0.33339564345181794,-0.6869165922747763,0.7064801288714687,-0.3323842589402124,0.926254791229096,-0.4494862674329676,0.2101914507351651,2.6102940112900384,-0.9244786630408923,3.62831593575929,0.2090612091294548
0.041301659570177396,2.7903019176183057,0.9707771048952427,0.5892405219582812,1.9424958547327056,2.5320013269098074,-2.911402844649844,-1.5473815578612022,2.0404878880463433,1.3155431859257933,0.9460931461547215,2.9862446127588926,0.6022710553041517,-3.3050466687552067,3.5401339677611547,-1.1467324126080696,0.9195515865088557,-1.9181107192917088,-1.3908832395520419,-2.236558723716833,-0.8975348487109147,-0.7111302075186741,0.13865770597757066,1.5405477880841063,2.0733522529814703,0.6308410835920935,2.9219806228260294,-0.38940859417216767,0.07688200951782242,-1.5967304958847763,1.4903904245476738,1.3723163935991565,-1.0309106800953645,1.6178842430194704,1.0780709717860437,0.2995589626025599,-0.3632475147713413,-0.3369721748098453,-1.9101550110809307,1.580797619211423,-3.5191678909257886,-1.4959441902459032,2.0841360894461074,-0.18386199858458896,5.6339603262748605,1.0974476725644182
1.114905621828985,1.6802266053517958,1.6323472262615275,2.2509189069281508,1.320650843488023,1.8942942451356102,-0.48688506746182525,-1.9964187556273791,2.8035481336832793,-0.028233112535636207,3.026699981367892,1.941657343564438,-0.10977481732069605,-0.32688180477909823,0.6409066637346541,-1.819491895177597,0.4531683504049411,-1.2595282924610822,-1.601515514429559,-1.8167813881008654,-1.730210659419376,1.1196710082658514,2.286841905697327,1.9358850146636422,0.8828879927279351,-0.9145880982953537,0.8289213979567558,1.80028682289387,-1.1007173533292756,-1.5015782843673358,-0.5034173965902466,-0.07211562468324595,0.09830896116299526,0.06527427846656875,-0.32911745123115876,1.2132613572825264,-0.15408028303016474,0.5243014223655608,0.32443473405598044,-0.8894887546672574,-0.91221638055785,0.739342165830035,1.4118922470622794,0.13933635928108057,2.8350885506849037,1.452978338172931
1.7198818220835046,1.55005612542279,1.1079240300606719,1.9570312714852711,2.0124172418848305,1.1146768362803754,-1.5849827776364473,-2.5956377570124776,1.710620271581772,-0.12580584781427084,2.031820382155121,4.011256082354241,-1.0326119713467203,-1.8146577978167224,1.3814553714683653,-2.1870808558800623,1.4570689797612122,-2.561165561087503,-1.010130891719024,-1.9238058390053852,-2.085787564063598,1.2251293310706295,1.9021337921605288,1.1807847284726298,0.11801743050521507,-2.146056091516073,1.7947548508125337,1.79372485828157,-2.7958668334846632,-2.1480835683043313,-0.6584884727462562,3.5749175767233163,2.085531849661205,-0.41117895496004375,3.177483301197915,3.2695250237225135,2.3620340084516087,2.2790523032335566,3.132674206465402,3.67990555839655,-1.0305311055765602,3.014124822955858,0.6987382805740563,2.8930598245907464,2.280894539143145,3.2916402051661713
1.447283248768772,0.8314113718265499,0.9890113415560056,3.1528008035333217,-1.9683284992140542,1.1613758226153599,-0.5610435530372059,-1.377576221500459,1.0888464920446999,-0.05790264874609441,2.7171143776054203,-0.6089575909825145,-3.4406780579283427,-1.0566007813850993,0.9895722873549553,-2.241938887822959,0.645863825135566,-0.555360067773435,-1.6649393191509518,-2.74164794014393,-1.815994362371841,2.4355958139702323,0.9444081619777587,0.3597795957974905,0.6214823724012265,-4.025067474393511,0.7528768515516976,2.7182707542209448,-2.6778611844134916,-0.3943707874726401,-1.730050834310999,2.904491427975006,2.7590405905531297,-1.075271038720637,2.4257044601856803,4.394545742102476,2.813486728754945,2.3805724822988994,3.492990489223679,3.1729346609332767,-2.245451208135802,2.4546089413529257,1.5466955153237745,2.3152829783356905,0.9715529586155172,2.39585903837084
1.3883459267304894,1.6719799509164286,1.6098639617969364,2.0636387382458214,0.5705487866565759,1.7951132477711589,-1.6759840088911087,-2.4724898815876424,1.812665767100807,0.9456085748262516,3.135824358669635,0.35365084185311346,0.16821725916512387,-2.1097795051796737,1.9415478364413377,-2.2815277444893933,2.0538414590871152,-1.4795534030168136,-0.17793331065018125,-1.5585979699876946,-2.3367441670018065,1.9570423999917044,1.6760133286903576,1.8901317636089798,1.7664568617415575,-0.27488734782013835,2.3247349453718322,1.378446546475321,-2.889642980040521,-1.452315471338716,-1.7331936518041975,0.8342618345900523,2.2661991458997774,-1.7015685880475333,0.9175450102294056,3.108451923772601,1.8092428670973555,2.159535818664695,1.6425963499494445,0.8205490755650678,-1.6918226319952456,0.9967537232363383,2.4197137119957017,2.267548864519153,3.102227105021302,3.0445037908111487
0.4298840886022668,0.20689254547412061,2.487180308768245,2.231142551606424,-1.824896354048799,0.6698452458285948,-0.37909111540572815,-2.468591904534518,3.1599345586828385,1.9538735972207613,3.231794217955354,-0.5252110084028978,-2.9192322206360153,-0.738957818294393,-0.4193227547653333,-2.3674967569237397,0.9146532520951252,-2.090873216154862,-0.45176873725059274,-2.059700022620544,-1.5818968922839904,-0.3262938971626741,2.557434621943251,2.7266487300190896,2.4682854893316133,-3.8934596012311635,-0.32059225339790154,-0.24687107087417215,-0.5944183754986645,1.4035649103701575,-0.36668287879781425,-2.0664282192616117,0.05091960644444593,-0.7165380500630217,-1.8351560111410243,0.6110284084664181,-0.06733221887953589,-0.1518728447362392,-0.008765122610939313,-1.4695198253099144,-5.6114327513362054,0.3151687634671295,3.380389826570136,0.6984863089449882,0.33037917797649197,0.9548741006349437
2.4660452048786556,1.2269773745306765,1.2386971602076375,0.893490561466338,1.90766441835359,0.9109797465704375,-1.452625545076679,-1.6509776061271073,1.1092182619062405,0.7869511223256453,2.379586117623078,-1.2336401038492155,0.4962383926248306,-1.493379756732555,1.9642532787269744,-0.8555277389571724,0.5419215946399925,-0.40299912412961414,-3.4845489527798055,-2.296106729927017,-2.481692281509819,4.238709789894539,1.1822033852409564,2.1452878659591197,0.9931456810962677,-0.4240347584627149,1.3440243257279125,3.9860394797964576,-4.519177524889153,-1.4042013494760361,-3.134844631455712,0.22662060024040032,4.167009330765075,-2.917989836140607,-0.6195749285523409,4.976208098372048,3.5553349724711913,3.6419590333558025,4.3681576899118895,1.2034056933277584,-0.6221552763993261,3.331830189378472,1.8545795831820437,2.3916927824914955,3.9381401369540825,2.3984194941826016
0.5130605424427653,0.8875863190647055,1.1791775815773478,1.475921454579013,1.8601789001512739,0.7674015020328417,0.2535905079466607,-0.018732020987497267,3.1634765284496096,1.3728939869339227,3.195412062475287,1.6635691324295208,0.3464403822201483,0.9996388223946167,-0.7588455392173239,-1.039363883950789,-1.3894751536809444,-0.6677796994182607,-1.7894944424801495,-0.7019433451459314,-1.0676359008594167,1.4674111708901436,0.3800083626559758,1.6887189772422735,0.9472976200227432,-0.07350707809392487,0.010794088972509996,1.3808222648985025,-0.6062187522734914,0.3192564710399657,-0.8796112543665702,-1.046851585282121,0.543466862296181,-0.6327301082409943,-1.0791696934739308,1.691235505968289,-0.06913052783237938,1.684057655059592,0.5210972967054737,-1.0846669499685941,-1.077180332311063,0.1450230166089116,0.21106655586466738,-0.7602835231115324,1.0204020001307872,0.6521907342580485
1.0115241561697692,1.3417152080213515,1.1866659046213286,0.6979073733352658,-2.1097850797142272,0.7877704530299579,-0.8046058671283866,-1.2480475557907575,1.450013785894801,1.6451443763714817,2.279013471849571,1.3739236870224805,-3.2953903881720397,-1.1450777901228413,1.4294228374579063,-1.8807190807512795,2.0594500122612853,-1.949548928565571,-1.717671187418146,-1.5723441694695564,-0.9847352379787379,2.049616653025197,0.9065463863308283,1.1633507329438542,1.0770845482930158,-4.25476800205039,1.056697351359021,1.7420540359056853,-0.7454748012340473,0.3416596382063808,-1.2908134201615507,2.4139009355933014,0.42281194012012047,-1.358603363742037,1.547469599989159,1.2904175314197024,-0.10408407212558701,0.8992773051560896,0.40394458339638517,2.5301208638242874,-1.705755370316184,0.27444216690645284,1.7207950373188494,0.002444617106663105,2.485914443639471,0.44597469563586745
0.48304758139818615,1.1830443123581134,0.3304062214120721,0.519336424341506,-0.05995774355976183,1.6856948506085787,-0.4038303490991697,-0.23674510193916865,1.2053402735857022,0.41033551914589855,0.3595514162920823,2.9981594976140133,-1.5139838226992632,-0.48438080094795244,0.762104969413408,-2.5483535146477827,0.42922968066480327,-1.1338864614492588,-0.16672996443912713,-0.886431765075742,-0.7672345687293854,2.5258982325884136,1.4315583412536348,1.5861527364713224,0.4111880652581955,-2.3885944339592236,1.1047686099102705,2.57955767560282,-1.2057744019911933,-0.5608423117120379,-2.26690442243959,3.13808515156071,0.6251377225470056,-2.9758228535624838,2.269482724141829,1.5048389788938092,-0.024050766622241482,1.0439781370484695,1.5597863397103031,2.9920241239794416,-0.9432561870582329,0.9934389140928541,2.434056315432663,-0.11684857610198673,1.635130865909168,0.6069092645470118
1.1952755838595086,2.9502945116640458,1.1691038517807744,2.526659557154818,1.8208824265293675,2.4287161396095582,-2.818185815038074,-1.015910668663662,2.747481569200534,0.27615801850362354,3.2615704114491537,2.007126192808957,0.035224258438505185,-3.105401925378121,2.5387937717790017,-1.403403863237147,1.0427182253261957,-0.735328099631631,-1.210370127998717,-1.1742798276429944,-1.6286899935922918,1.8988125879615323,2.140122022601557,2.124374927956973,0.6917562955898288,-0.3320755474387418,3.0003975046531277,2.543545955159559,-1.4883795693014439,-1.775537450044676,-1.3235676396775595,1.260952598117327,0.004456983963552208,-2.0706897601697856,0.4301442319518288,1.8826835910602795,-0.41264086982695336,0.4001530241563245,-0.8159544912839849,2.7803264316797947,-1.5634850466765522,-0.0988864635655049,1.0977175892717956,-1.1425616039306274,6.556882938828049,-0.1182510961157277
0.719718074000528,2.0496621893650375,-0.24975591643026807,0.5092483083665584,-1.7009305617264783,2.802217872710669,-0.922210681309921,1.292979879726814,0.09570506378302412,-0.7613947022479484,2.499742900327487,1.872522690385917,-1.902653312965788,-0.4619085458585337,0.9890546534891613,-0.029835932537013665,-2.9831195386266307,-0.448314884492619,-0.197364884911287,1.4753203745523555,-1.0434893327881678,2.734985260539935,-2.297726036678989,-0.4232360561520556,-0.8718744801167304,-2.3105954243381692,1.143715511716921,2.726386139866233,-2.2521731963891525,-0.7729425613330343,-1.7038212446785599,2.6948657261871385,1.5586768836828782,-1.9523323249433686,1.8979917919484686,2.7745696012943113,1.7317480127425164,1.5899132820470094,1.796098077451755,2.8610556144975865,-1.5019764309811248,1.5360639475985143,2.230065745832842,1.288051917103112,4.032445923858179,2.497375065224099
0.8640983407304978,2.70694444080977,-0.25844060753890963,1.0886622215717572,0.958394193232558,2.4419706578162965,-1.7517312873833502,1.138498923990738,1.3559040741099695,-0.8246611482076995,1.543741257364095,3.0756453447341157,-0.6026066832583543,-2.1933241330638062,2.5280839341360384,-0.8203517575087569,-2.5950174822065337,1.3939263120587442,-0.4556317392100342,0.17116305774719986,-1.2141003666879493,3.3022987977194944,-1.8814938337504983,0.7965041168407224,-0.7854372321802963,-1.1663769186714004,1.644270206579669,2.720679775024166,-1.681030317844506,-0.8327261496425211,-2.5545306338546907,2.7292773602597666,0.47470162856150633,-2.049331648939843,1.5253715705177238,1.1144545544504514,0.13292168556116746,0.5791153727762214,0.38313637595932526,3.14774028997405,-2.3901092524102197,0.41155441724535646,2.732939870379534,-0.11845589922083477,4.89220837571731,1.1414330935420258
1.112654932560313,3.126295357350334,0.47336887588112475,1.3611582920150749,1.1767276185588247,2.253143504602204,-2.6285069437149744,-0.9808518558042687,1.244735073083036,-0.1802466342413418,2.292670401642006,2.3545933022859242,0.14493195006714044,-3.0504318510761768,2.991808989537343,-1.306065433091272,1.2861847277405138,-0.8661674749909057,-1.460227802161342,-1.2683567235798188,-1.346128917307067,2.568685498177205,1.8458720035054652,-1.5628847433434114,0.5918141338778401,-1.1566925083621804,2.3628153338153473,1.8390625935165883,-1.9434762593539971,-0.8069353404189276,-1.9113665343522999,0.09532560126198653,1.0341635716381343,-1.8093561389697799,-0.35644352972729987,2.1424579028613855,1.0026305541345137,1.6333133251788505,0.5698325726719712,-0.3197527601513872,-2.2102038103550488,0.15640025893301668,1.7735352465393865,1.153290862094577,6.278298674641328,1.3663384624942008
1.1313931358189093,1.6913980886897986,1.1318647158737594,3.684736653287378,-0.08106930906706111,1.9754896226013021,-1.3518465259624395,-1.1659829243350255,2.572161760011981,0.36065991954454424,1.4120633773494355,2.8324583263363348,-0.5401610320831749,-1.111793120806281,1.6745995551438122,-1.9915330691385111,0.6248679097209965,-1.5662194855800424,-1.5770581542329256,-1.0687501067166165,-2.123396045108672,1.010944908146633,3.2466763983611777,1.6702326149076867,0.16649419729984039,-0.3724961226798251,1.5517635766872362,0.9507718780876564,-1.54327824510635,-1.5773137688203505,-0.8404976169435143,3.6953154020998866,1.088197345506483,-0.7283051139119088,3.6565630559846163,2.2015536566043528,1.1907741187733487,1.5412365081992854,0.6617974340001789,3.980332132174331,-0.37942081281863804,0.9747414134882771,1.80259915244143,0.4636350597844207,3.8457195169621827,1.4845158893598618
0.36534775726001834,2.7434398235045974,0.7909648035356395,1.188754290341722,0.043301469530307515,2.956920400802706,-3.0990993816883767,-0.403758937254841,2.0152941123661496,0.7458700453334726,1.8460499163076014,2.2699044987436583,-1.7963211411357698,-3.4236363124984077,3.3810669942833074,-1.8575620636979095,0.8006085151194653,-1.086814378913873,-0.8876801834475191,-0.4909479180542211,-0.8017988522600458,0.11893002619537607,0.7636078543222079,-0.13050461435355198,1.39597233136461,-2.7441436479942247,3.406972794710969,0.6443999575422179,-1.1949844512853862,-2.89416111932129,0.36222943412220077,2.7764911177059073,0.14647255541403625,0.18481961395600743,2.3709126982062285,0.1641275114940659,-0.7411212431810946,1.0388642707225098,0.48979460693367494,2.8906509207428956,-1.8559417144012775,0.3961208369593877,3.0571828518379984,-0.7464569250577187,5.002419993519837,0.04797412573287363
3.0469454728740053,-0.3688465066551121,0.40438522687068357,6.118414382302655,0.08465571967318161,-0.15563757843136838,0.21709159698063885,-0.32401386196832904,5.323573235434963,-2.218854248611531,6.000359056820635,0.0055517825949240596,-0.17097247172465113,-0.35613579904118664,0.4109697799808594,-1.5964054786695443,0.5118431355185958,-1.4442515491151262,-0.08907442162067114,-1.4154866573198561,-3.575449208808654,5.44657324477342,0.6476383270053455,0.15263397964018988,-0.39256015264754196,-1.0155973823270545,-0.11351155801101043,5.025035690417495,-2.292502881930914,0.5456628692472805,-3.1559464121236456,2.477849817817761,2.329743237219205,-3.553125594676727,1.5210210091192944,3.95457470464066,2.935568429753499,2.2694957935637547,1.7038488765161226,3.027659446352792,-1.2956879247819844,1.477797640214886,1.006111939108266,2.768944407091414,-0.19274111620487044,3.4134282491087578
-0.15381288576863694,0.801050937552672,1.2907518199174257,-0.34712644701072914,-1.8856968213689949,0.5908643317217812,-0.9520860117737654,0.3825386506739832,0.5839818438705142,2.1002083256670296,2.2430282870283444,-0.6857899320307352,-4.146255561472962,-0.7123730582819991,0.8311557024847345,-1.3709968834417001,0.43639357426103687,-0.11664740632047366,-2.1143885429544955,-0.22257115861160948,0.12976626323071816,0.08234975764576857,0.6838278378343415,1.943954116870895,1.514382217651935,-5.5382796715589,0.8883812680009131,-0.04942589662052943,0.2925652601116633,0.10192888732867778,-1.5954796662725286,2.3489186499839794,-1.1743966306503202,-1.9225956330582727,2.4836346520780035,0.3442111407987034,-2.225623690513066,-0.5280937968058883,-0.5059994106835219,2.2457149942319714,-0.382745551815713,-0.5620173969401066,3.798390855369352,-1.5876235404076966,0.6218120273858054,-0.6962346842296823
2.269842026878972,3.798353911186012,1.5115685319422656,1.9178374922745736,-1.6728055826711814,2.742429472429423,-2.6504829450871994,-2.053890128999028,2.9692238235318573,0.7962194429290338,2.016081682568357,-0.37249655733891873,-2.790963919204141,-2.801139565856635,2.6112768969719133,-2.2384451356326505,2.9403311353040698,-1.555988375474328,-2.9969734817124913,-2.7377735591200527,-2.426342580544955,2.9980108497777636,3.1730583301579234,1.7592201819938076,1.6178758511767775,-3.6895052615025112,2.924456977119121,2.489982846064158,-2.8310222376249867,-2.218395008336665,-2.9118453210367106,3.98276236243684,1.9180207266598945,-2.3432494763147105,3.7954498462330104,3.415675424889703,2.404941215935235,2.4625836422526257,1.5515283301982976,3.863829985574264,-0.6473298445099078,1.890804278521621,0.3741258925305777,2.3158357926822672,5.335649237612536,3.146493363561681
1.7494654873167852,1.902923525281582,1.2255330702760368,1.6273969517787015,1.6136516774428293,1.6773638741276808,-1.1615245656280477,-0.3576407825068584,2.743983031079323,1.03543367636485,0.6073718977099303,0.6501365159243877,0.45312836775596077,-1.2089315327000094,1.9099204269022902,-0.7774321971740671,0.18694965299415767,-0.40024785366155446,-0.7196398159593926,-1.680448388387093,-1.655116461851726,3.6574950601532286,0.3411550888641318,0.958822283059539,1.184795352524234,-0.05574264597592271,0.9377101228576031,3.6013292468564475,-2.6403279575402747,-0.45989848627468405,-2.6171724726206858,4.075607408291231,1.9029026888653962,-2.4820140112315356,3.3569848922465866,3.3568821510275684,1.8201428890686646,2.725830820952804,2.342974987535978,4.573756244890436,-1.976618943588546,1.7861092925413793,0.6086609825995413,0.778290613975578,4.812108366848572,1.7449713982663435
0.6698503407636881,1.6406746966095138,2.108705046968927,-0.17865701674575796,1.456245974324283,0.8802179312043215,-1.0650558703736523,-4.024963307230046,1.848063641695421,2.8824097983863917,1.6415296636391636,2.2089491595618247,-0.4437785743679219,-1.4362496139388297,1.1369327946525845,-4.167196919326422,3.425377516895359,-3.192765179093313,-1.8198953582793318,-4.217581366064954,-0.8919031155476732,-0.8664956952921208,2.960068589166939,4.410017078310569,2.6991543526791872,-1.4424221116789266,1.0076709036745322,0.12562666414974744,-0.13020817121870554,0.005811982903192181,0.7767843956890401,-0.8943675821137955,-0.13934826273858958,1.165268978828606,-0.6647611268982316,0.4872201206399427,0.12084243053206367,0.49641025454326826,0.09999679799563177,0.15463987412402935,-1.3547408296098784,0.13667387088493654,0.7750501309735554,0.7430716428145785,2.813467218791091,2.622114552888134
2.161266775497788,1.2316476991236591,1.5995118419790064,1.119838987660293,1.2774068734551127,1.5916037160087833,-0.905117558629646,-1.6801638494898457,2.6480901382374666,1.002317292653232,1.1071515010174577,1.5287647396132882,0.43266263188828513,-1.9039921778183053,0.4013441243121114,-1.9307890223508102,1.8896369293411737,-1.8437433826725935,-2.0228825254641647,-1.514297028879089,-2.1293941932162044,4.4419300474800885,2.431192872598631,0.9956668067454322,1.484309373322188,0.18960756000018186,0.8513636511686884,3.5937101280951875,-3.2709715057075552,-0.6424033309947049,-2.432882114524245,2.1495610559823137,2.8934794937570683,-2.83405437172114,1.8069544723138313,2.9767778652122927,1.8678046462730156,2.6769325268772906,3.550644900475879,2.1235567063854486,-2.2656465052377737,3.0353512302168966,0.5771691519371438,1.2900302598373818,2.063757924663422,1.2510917714718108
1.6195280746067868,1.7779749512095808,0.44055175230606836,1.403809335378032,0.6364240435672304,1.6610969286160284,-1.2506383577821505,0.6818906514979135,0.6186315463993839,-0.47016953385889626,2.846447637991038,0.3856625760590573,-0.31644757713266236,-1.2692955177366696,1.7177277308768755,-0.7449903252327986,-1.0914523244396763,-0.30402564249592645,0.9398537046001298,-0.5857237177851979,-1.0116582099887725,2.9604928505588326,0.2294674359969644,0.010740198817106306,0.6460718980887965,0.01031110961360282,0.5830770753334663,3.199186395848207,-2.663405750123063,-0.5452419998015168,-0.9993203177265022,2.1418047766026596,1.6293372396532466,-0.9458608177727492,1.5102910272511247,1.9875638297019,1.1360045554711315,2.1913067968038886,2.8971061391259214,2.780944111447612,-2.42783399855393,1.7651521034230524,0.3830759117921978,1.0967836129630602,2.047226269288216,1.5617130471052456
1.7366720953757824,0.7928323849566865,1.1919976157722492,0.4470599796025265,0.7134095052688492,1.0056676110046165,-0.567299864871422,-0.0014409741368808238,0.1018440901990687,0.8482323291450367,2.349770679893251,0.3553137981339318,0.5587396822324888,-1.3043963688348716,1.1777259717579744,-1.1624806714997589,-0.1850156451635281,-0.8893062549874551,-1.711177164212507,-0.38605313339267355,-1.689634287449245,3.723587669014443,0.17806068416708087,1.5608172877458106,0.8313703927616598,-0.051940909390466805,0.7768535300294603,3.4573186450490008,-2.1362591152803057,-1.016034483780035,-2.9355840457052156,1.5931476424228888,1.0362181020217118,-3.0759632311552787,1.2708014385767068,2.3931149558899443,0.11880978900085648,1.7129922109105116,0.8339902691907624,1.3313901584069383,-0.6724748850345218,0.5895732315622892,3.0036437842022314,0.046358744109860406,1.1216374452144708,0.621397450044453
0.6647320587227141,1.081907721422481,0.7477277629687642,0.9506716773803697,-0.37203030739552234,1.7718915781169158,-0.8665887764352657,-2.580472819393745,0.4356708115619419,1.3701275281292336,2.887636363107757,1.1599239599792526,-0.399473216679182,-0.48492757181021817,0.9908981754054265,-2.2241956612719522,1.9932554349258005,-2.5093101041352766,-1.8659765595284936,-1.800424112878107,-1.5580865856381938,-0.09323780156216444,2.535192439462829,0.578735570509248,0.7245679596778685,-0.4753786092639829,0.8389980433522652,0.2635606118418954,-1.3171227410111683,-0.5034168806356203,-0.5366215834752852,0.8060516633485588,1.402756824726654,-1.1100193998190524,0.8834766965999066,2.1604535213500693,0.44946116909166967,1.8488519520560809,1.8733963451532367,1.4053748477235253,-1.3474028492532877,1.970943514820465,1.7073523909740127,0.6203452964737258,2.40279397929718,1.1828445875292553
-0.5468078077151131,1.9165400348598653,0.488661268859106,0.7272286631893989,-0.7470771933581679,2.4281311862376955,-1.5843721086331386,-0.9221290534285527,1.9205151023148805,0.1786548918425538,2.1005069556236386,0.10297604924268566,-1.8507652768766025,-1.4727067419709898,1.493658057995931,-0.7972112224143896,2.1989039738622256,-1.1833582970596117,-1.8657890712249379,-1.4864475174409943,-0.8798896828653336,-0.8207793027410948,0.4356046506659751,0.08855494225548943,0.2897004780568828,-2.603711404848488,0.8252037612071322,-0.20286390693653655,0.7251917644836017,-0.5795372398389496,0.7454569313805413,-0.6002512755692349,-1.8355011104346621,0.9799801225617402,-0.7277265042479804,-0.7486887202346422,-2.802381343573168,-0.7769459885552144,-1.841518923433161,0.7453722403186247,-2.815796660162359,-1.4907586625174476,0.7919064126044548,-1.7765586308921595,5.0557374528189145,-0.20402203378752626
2.7714078465352623,2.2143641954882414,1.0884926864808413,4.7876802920843975,0.28765517311130295,1.3615035343257382,-2.5482118793719186,-1.019069754165646,3.7769937306765096,-1.024386641641539,4.433826529810753,2.226204162666215,-0.7794140391043052,-1.8573490381782098,2.357778776824699,-0.8207871376556068,1.4680097712506115,-1.266189029240985,-0.7619095704307093,-2.116809361208945,-2.956732475576774,4.323313183158444,1.4736599615856443,0.3874275969429315,0.47339498097620625,-1.7390552696262973,2.232882699698161,4.05346683332705,-3.580750542358505,-1.576862577588673,-3.136376597828969,4.679687612446734,2.3252181839682464,-3.1961587008294936,4.086460371487378,3.0065728688992834,3.049584778361444,2.538420699012006,2.5747422765990136,5.413821594531483,0.10911104032951302,1.634260553950341,2.9510391458747707,1.8601031242907877,3.1986441207519367,2.2567615578090345
1.1609973896645238,5.058860256253741,1.667093714509229,2.37669355932434,3.493951143584798,4.435506312901353,-2.8062220526137396,-0.9305117589717288,1.34252143353982,1.2458603873863878,2.318200919607477,1.6007588492469822,1.8999914951332952,-2.64749303974339,3.8399424421911617,-1.094819410281136,0.5657723251330482,1.1948109131626006,-1.2620926581064216,-1.0017567973255102,-1.6341167932529763,2.2750792976875793,0.8856052599250401,1.323899293334842,1.4046192668168471,2.157238708394972,2.7211819951908436,2.1118876893195977,-2.966699606668519,-1.1936375206295236,-1.9847844270516073,3.103946209704925,1.9701318545416364,-1.4480935762497567,1.6684513571527808,3.589993111368316,1.6944197633905946,2.302884710454339,2.1843551771385115,3.876447190090273,-1.3807533474925098,1.908497853649357,-0.14291295557920702,1.9549775103449518,8.66190961795614,2.9705644617118754
0.9730738491493501,1.1869254597705132,1.1656717799577563,2.0416424263603115,-3.1874139164413364,1.4757149308720294,-0.6956659065486637,-0.9131145054299938,2.9293898834084,0.5417846555005429,4.230839170585045,0.6075428578478279,-3.706456983547781,-0.32221173855030916,0.04353990611282166,-1.0801250709171937,0.29557120900275224,-0.5186432515032393,-1.0907902183413383,-0.6589370826318112,-1.667205033714344,1.8667916799683797,0.7028092120233831,0.26159452656530835,0.7571171422731866,-4.193181289059245,0.6529392962039757,2.0573773986900172,-0.4225383777416354,0.014439532144237432,-0.8337344825298051,-0.2509985759251234,-0.3281898961231249,-0.8470432069603895,-0.6491477853078567,0.41521129774462806,-0.04550241817224643,0.4817740758883332,-0.30234301938067754,-0.13083537230570919,-2.660984163471043,0.23532479935700057,2.462866074067719,1.0468143911720038,3.3652577788885845,2.513336664890259
0.5806906739678561,0.22991991060870154,0.723252652025979,0.16764096971176068,0.561483607223437,-0.03790916357745533,-0.5558729271187701,-2.0842121530442417,0.2294152364150832,1.131664697359291,2.1405506200029105,2.436036952507517,-0.19757061370061213,-0.30271058987083754,0.3114213696801549,-2.908824823084353,2.582518962132487,-0.8507072276816638,-1.737328677537938,-2.4320594277412924,-1.032451791665543,-0.2865916892416114,1.9171208585947352,1.1603342227818993,0.6517766166779043,-0.45905137019366293,1.5130068036720654,0.40738044468554446,-0.509453395705951,-0.06239620235742782,0.22002780149293644,1.5759126249620845,0.47739835413905884,0.21815052859825945,1.4880990179025724,1.122328343500572,0.09150298049415884,0.8905651533117958,0.5914600560198405,1.5262010104732162,-0.6671620363146609,0.42874714682223447,2.87816124410519,-0.28113138179595154,0.8825529043398013,0.8359033256679952
1.3121373924281872,2.431369224600238,2.032843585429222,0.4866331538295381,0.06472067488202782,2.474609538137228,-2.186425220725665,-2.167345660296406,0.1561044836419483,2.291894876837056,2.072493356030004,-0.8062331053196352,-0.5993050734675338,-2.0543119295442174,2.2628386132941785,-2.324749371184348,1.4266340097664583,-2.1038398057670284,-2.7888365725931124,-0.5597267681559412,-1.8137923536505751,2.2982700377565983,0.7474610302243694,2.1691677268518372,1.5575642899270072,-1.4621519030011636,2.2728233925337435,1.8929732676552733,-2.003902684665691,-1.1030155636263128,-2.3359659148862746,5.532551316734859,0.5858180787213,-2.216477867639335,5.325743855348024,2.47853286048446,0.04931646735042894,1.2310610737653707,0.1889720426186463,5.736082404249769,0.19427818310377432,0.3813283009259273,3.457035091043881,-0.6243809774257505,4.69976197364009,0.30749460325293776
0.555197373262366,1.823439786576821,1.2209475834559504,0.019072384020760502,1.1992749352745786,1.603776981796779,-1.5779021020169037,-3.0325177187377452,0.44236537356283856,1.3243512339319374,2.259579897428951,0.7433320516602671,-0.12000102264853707,-1.9383643430277933,1.7570338293602696,-2.746558122804049,1.5407975288195264,-2.0317286690212986,-3.100636020982627,-2.6018020978759067,-0.9150905731606518,-0.07016533481602538,2.016420150671254,1.6245909400336012,2.481480723558523,-1.1204857956849321,2.804154494419394,0.2793429114888022,-1.3974435160271936,-2.214298628749286,-0.06198690309996202,2.776324343290323,1.0412148742825111,0.24499771221637556,2.844404654574509,2.3045315998144362,0.9001319542060556,1.5706430267018694,1.0347903467457102,3.34096931434563,-0.31407236290258567,0.46318694840952046,2.9561881794451415,-0.8439769056506814,3.5049725965393166,-0.9269871388624433
1.317339104220593,-0.7880274336177733,2.3697908848099463,0.8057007659225199,-1.083277932262555,0.018089056195747633,-0.4268062373114718,-2.7575244771410006,2.1624660866713943,1.9727517441117308,0.8642550472362387,1.2461730592188873,-1.4273616868554793,-0.4626246990603857,-0.1429047865608548,-2.466258175841979,3.4547548704887396,-2.2454479623305605,-3.147359118000436,-1.9517078478718688,-1.3633888571127284,1.971624266873453,2.262935444239059,2.975066496910594,1.7762189991692692,-1.4026474760602297,-0.35726120299457054,2.4443019497207614,-0.6682278259688479,0.2364113682086122,-0.5827173473385586,1.0528529005184164,0.5216057041729603,-0.3835407930561563,1.6972125204541941,-0.38734489861665633,0.36963528039371385,0.7137729955140029,0.8359401548476224,0.7165501508043086,-0.48304021010399567,0.5643057916416316,2.4501142264378917,-0.2923450305214106,0.3523569935909281,-0.36053736479258003
1.5210841419494396,0.8756538249800951,2.5799046226311697,2.4198774023366245,-0.16422903625705326,1.1762000869728815,-0.9006477707106441,-3.848838260214845,3.522266899100404,2.00698353836854,2.7409378647300784,1.901795850770783,-2.4824501291392647,-1.3111485990666845,1.1338447288038807,-3.1818547092326104,3.598141572276081,-3.5970234524263245,-3.121919696105882,-2.9006340171097786,-2.321833921479605,1.0315376937783536,3.1215678738474364,3.942674153491623,2.9066916969360554,-3.693029267053073,0.9004019617022079,1.4626764767568585,-1.0317134621005708,-0.10364251982332551,-0.1703696282396001,-0.8639236058079292,0.38399794147691346,0.05178151453365332,-1.0370364403582617,2.193339452107012,0.704651408523479,0.6739854684270383,-0.8913989472574906,-1.2737914539915962,-2.2484879934176627,-0.1371909117216521,2.089714786879506,0.36640575293458555,1.6449209619473313,1.123248291796343
0.3283140734617086,1.8009441630728193,0.8412496445556885,0.8761233946222939,-0.1507897120191498,1.158930134287742,-0.2610793804558038,-0.7406559026145559,2.92175349163894,0.9543333851385325,2.8059481969004962,0.49112815561219125,-1.159763675499463,-0.1657254717501031,0.8918400167337536,-1.4613626959522819,0.9621219871367028,-1.329268511476667,-1.802152723095607,-1.4280159921074356,-0.6680067420276933,0.7605936826361612,1.714059031708769,1.6472669908478426,1.0874829285828174,-1.71714157915982,-0.040179506577198376,1.1555347108811151,0.24485531462960508,0.6698948805557716,-0.7722165155849269,0.275336014222169,-0.3957172360309189,-0.4828725422955409,0.14366942821025053,0.5823636731154795,-0.274683348273996,-0.2688639989587531,-0.5269091803535055,0.7658976368875021,-1.793189388603268,-0.48893939344706383,1.6435789982844782,-0.8001679382830711,1.9345588643032348,-0.40100559339438235
2.4292143650983675,1.362616275030462,0.5808771832281455,3.7005292646215047,0.267266889366609,1.200956009910684,-1.2981342885422333,0.4888839600257189,2.8720144822822387,-1.0847179332382728,3.2101608031595403,1.9584546607830804,-0.8449411861322829,-1.3111368686641522,1.702520889247995,-2.0124795819203833,-0.6104822721814378,0.168831145933791,-1.5750284646036505,0.669964043664905,-2.511091675804254,4.8285568629233335,0.7187840169814466,0.7214393917837912,0.5960807422290683,-1.5350251574903861,0.5955288198111834,4.684508443371054,-3.414828487669043,-0.7609728795960655,-3.1234415694276914,3.760796575486741,3.1206611142242386,-2.96692069654958,2.823373683123545,3.9628173628414176,3.3170751731353203,3.2424316265845237,2.5594580770517013,4.735807769177915,0.13377873711934085,1.9759320074993885,3.6067757202583,2.838856277027605,1.974457270190715,3.813690242641817
1.0784941838521738,4.299774659577324,0.43125729794983947,0.4088426780450467,3.4265874024275775,3.341293828618336,-3.733682351360273,-0.6496183245824335,1.5990887556262954,-0.15252669430603882,1.8886077437369357,0.7290670227255522,2.666509705287561,-4.180130006009743,4.693605317931459,-2.5521531591224758,1.0777537629919034,-2.005087070533858,-1.7572133417841653,-0.8747368676812556,-1.605910777819994,1.6690752545659067,1.7282351466443922,0.1371021165237276,0.9423876474941018,2.2786968207776264,4.258758129457581,1.6922376077811576,-0.510397310489946,-2.37119579735444,-2.4119427276719225,0.9437488928671127,-1.4524372006465298,-2.231829029270532,-0.42329854847823145,-0.29054666636587223,-1.1384619326483914,-0.39459257883887244,-2.410156250306475,2.6265450744445595,-2.193384443295837,-1.3183176292245213,1.6798486431719861,-2.3061359470476703,7.401237452376574,-1.1665586655528233
1.1184827425567745,2.8999371636918365,1.0152927443165063,1.144229385311375,-0.8963818538159977,2.9060530468981063,-2.828828632545122,-2.4391076142884884,2.2589323907914545,0.5312378587485009,2.461271617178012,2.333283226138995,-0.9127244197069888,-2.9099773544257275,4.017926603394828,-2.5676090553865007,1.9461862786257296,-1.9442446857650355,-0.4984016064270076,-1.4556289762980401,-1.4009910398580863,1.3944919629447856,1.3232068936668313,1.1469786705980445,0.8329007697709916,-0.44515060490034,2.6541542149991573,1.508246508803299,-2.120575079006526,-1.9232669668090718,0.17572568206543515,1.971569968312373,0.0919601034727282,0.2765757518035583,1.654144941041697,1.1014675901612285,0.11444065292186478,0.5973095779381186,-0.055067629353716896,2.851262495991838,-0.9092132451961379,0.25027118891394895,0.7012672982604842,-0.026255767523923557,4.274272711445238,1.468043169942282
3.3464671914918123,2.8111486272149717,1.1275814754438742,2.6682275274173937,0.28034634987377705,1.606016602273682,-1.8804585352094856,-0.4786938916801322,2.0949188551450084,0.21010513451355728,3.0620058449868397,2.05991795427227,0.38857004066464107,-1.508983111821436,1.7344705611866593,-1.9131482630345276,0.21457294817411787,-1.1349522557572072,-1.2884033261468006,0.3061852370441296,-3.2246301741789676,7.268852904377985,0.1913077687973601,1.9281590066493337,1.028150622270369,0.14317075631258191,1.4916584835677429,5.7032618389814305,-5.607546036851523,-1.521482389575926,-5.564304581731635,0.5066359880349819,5.160752721137175,-5.908278180272104,-1.2440157887265022,6.886156137757595,4.857849311610525,4.315440049737272,5.769066517654446,1.671250213464055,-2.1662672066331794,4.738552451282812,0.3244902614545704,4.222903903642752,5.360786897445948,4.668751908450089
0.0034294345549308325,1.943597297463566,1.5751827426253018,-0.5329308749791144,1.0095887614082828,2.5101590815620796,-0.3632494933614774,-2.5562788753382026,-0.10094192842662508,1.8174461990422373,0.519154378404808,3.115000993408065,-1.1551950075183317,-0.5419410667094716,0.7675128975114447,-3.443851376724022,2.1585125975713737,-3.07991989693355,-2.845027155549544,-2.3315025376359344,-0.4848914447881343,-0.9789590145579758,1.0105441755334446,2.0158997768369673,1.5448333284902094,-1.4875544985477076,1.14401180017972,-0.3506550274696665,-0.2814624248419777,-0.9802293598611763,0.26837315720641475,2.300652998561287,-0.19406682377112605,0.35335910968545003,2.3792125450705246,-0.2942744053433062,-0.9918858036066768,0.9995823157645636,0.34491118334432613,1.6262325640468207,-1.9728446508059043,1.1055846411659271,2.450879361889425,-1.7131902526509242,1.9617784517616135,-0.9626915257637978
1.6888681632873694,1.1546360733641199,1.4758629307414228,-0.14164390465442644,-1.3119106966533458,1.0455164561768606,-0.5784690919298482,-0.9292568025114998,1.199768166502628,1.7487759813820423,1.9849105430347622,-0.5222147278138658,-1.9444319695173724,-0.9393951898297759,1.0690877897736613,-1.647216504370748,0.6445396499639743,-1.1041557176203762,-1.282802866985292,-1.8225444816947194,-1.6200910316158716,4.518034882271772,-0.030997229659688985,2.8500695231102693,1.2149632990198247,-3.1270300773485977,0.06575644797971858,4.185650663203086,-3.662244332527582,-0.4678470639176513,-3.0248150001140033,0.8475340116420973,3.6198284068824407,-2.8034524745909692,0.010765401203652214,4.624054750637724,2.6845840231037212,3.9881598892161243,4.5666347712377835,0.925885976469499,-1.4159319172973135,3.0986911744962407,0.3007323316636954,2.9297273748177584,1.5709786772367995,3.875747239805284
1.5614030306560651,1.220656394630153,2.2531743384830465,2.072901352691261,-0.7464699966924552,0.6671727791020177,-1.0209293032741287,-2.2384798559985866,1.7032980742558859,2.4630349943124243,1.403304890507831,2.627690259962592,-1.5748183607702835,-1.1557992113265896,0.27175777788275335,-1.5093957869018941,1.9280171389066354,-1.6366302871918994,-2.3957081226449364,-3.1830085924353293,-2.1072045230705365,2.7513486908382827,2.218238006390065,4.933399422977157,2.132721053468691,-1.6980147474164817,-0.09425336606829715,2.705803945588451,-2.540048393117466,0.21723518689464627,-2.7090739837997413,-1.4350469215591046,1.7591815814769904,-2.5728712674822543,-1.717705883799457,4.046376346357474,2.31933101149706,1.5161777996352461,1.7147958267072299,-2.259454537351873,-1.6542838487920646,1.3423449419599076,2.5101001824870552,2.3506551126050175,3.263339856239968,3.24669044895911
-0.16465331986863396,1.2500676595645956,2.1668280905912125,-2.00230663156965,2.2215627394411097,1.7048206833976023,-1.26024519662249,-2.697762723095217,-1.0555173619894895,4.263336278533676,-0.5075876781837643,4.666417343061844,0.5143830683885529,-2.2214539597108285,0.6160815077101316,-2.340758676248921,4.152120626590424,-0.8244114631485286,-2.3947250988298405,-1.9742616821732313,-0.38059478554425086,-0.5764393863059865,1.7648793020828841,1.723428924430694,2.4518700914791216,-0.22047798086366366,1.0013430808179355,-0.11435504430615473,-0.8305364257744703,-0.9822237477938813,0.5988806857667781,1.209579470720694,-0.132344676222504,1.1243082318600974,1.6910267194923791,0.43782148419171496,-1.0841644518484985,0.6491136938185871,-0.2341789086649837,1.5009611851699989,-3.530464047939685,-0.19748597308158522,3.892558565870452,-1.5549548095624064,2.214769995425441,-1.3731095894720817
0.026318021986831974,0.9569781683687693,0.9845716735162258,0.015302437855809758,0.024881519869735552,1.543048228080885,-1.2669185980392765,-0.5435562439792595,0.09582781364755855,0.8666496202700008,0.4781193988292347,1.4984760765723664,-0.4261309884984804,-1.378821851887085,0.6910797111046236,-1.3805438515381696,1.3773386137332166,-0.5804793459230935,-0.5009538775786102,0.4945169795471871,-0.5104402876111602,0.03192962411977618,-0.0002293459385673824,0.5097093146798735,1.73683189334448,-0.2139576646256114,0.6739814232192979,0.8561051876585974,-0.3223126466198083,0.09657012711331348,-0.22137390955726155,0.1176049852640122,-0.18746640264580616,-0.07309388934241356,-0.19705694955821618,1.2264936700191003,-0.5203068130811751,0.4397081671952363,-0.20356097413171814,0.7132825272396157,-2.615335485648706,-0.16860744182091225,1.5730754902920174,-0.1403016911095557,1.9250853930631693,0.3316057044913483
0.22128616557991188,1.9894744631556103,-0.1639012507876163,0.1309725572471816,-0.7841955476279459,2.0341671815667866,-1.5570092774446767,0.7029730701947323,0.2639918265098542,-0.5222615571003812,1.980705946853101,3.653874211357265,-0.8474619009825103,-2.048770037173292,1.9365622811008936,-0.42886246402328565,-0.06422696427315144,-0.16466874609507398,0.23724081042792466,0.5585630777833799,-0.34308985691918714,1.6080486793438524,-1.2529616017870007,-0.289758298081638,-0.2626389846709867,-1.5868623962319863,1.2345330656617874,2.009802526526167,-0.5364880685973914,-0.5635299308592546,-0.7845420193981719,3.6725701266175097,-0.37461267318435865,-0.4881222733196824,3.090805552244725,-0.06422831470981905,-0.6884049045221786,1.0293550684727746,0.1842333706369066,2.733832078920199,0.463641354535006,0.7469740903016047,0.9614942756758785,-0.5101969621352951,3.1958840667979094,0.16078270430014507
-0.2134111323696135,2.1812250329509575,0.9878911002009607,-0.3263747832962802,-0.011118792097739333,2.3071001307965724,-1.5951663650638546,-1.4082546013278445,1.2410265610684739,1.7607976169470478,2.232103020099173,1.1303029852028925,-0.3995469986370658,-1.0602994982396963,1.817960687049866,-1.5280893728435054,3.0459907760675162,-1.2225966389003755,0.4639018078073951,-1.9402076578198617,-0.45709258558912524,-0.8100976445510097,1.8849703164416445,1.3502291572081786,1.0363021881311345,-0.7564238953304807,1.434187656508862,-0.8737738175651593,0.30385948864218837,-2.5223857220688135,0.015141650177011856,1.2594986696886576,-0.9721109305388085,0.1959200165165904,1.3477024799637545,0.4673683628462646,0.10242334921410978,-0.09630518287113388,0.034880919333464044,0.6744887145582006,-2.1882034919611955,-0.4207942632260968,0.9132625756847869,1.0752635496312621,5.091776052900258,2.0429580208850506
1.6003706663833546,2.3885575659124747,0.8545878051335363,2.3721556847511,-2.15166565847039,2.6729854789139176,-0.5612202118600331,-0.38909362426648986,1.6131611054605335,-0.7679835154236008,0.8583060989798965,1.4449644162456288,-2.9306592003983423,-1.1219429447924454,0.7344099695577129,-0.29894252208787697,0.9622850792772093,-1.6357800347466946,-1.0924547374716136,-0.16808872737999336,-2.13372152346245,2.8249588675555923,0.34736838127359637,0.24654588782706255,-0.3338846183053008,-3.3158331287092375,0.06275849868444228,2.315465307266863,-2.368041653990759,0.4988690647938958,-2.0551127381633445,1.3229012135708338,1.5515081195044562,-1.4409222494928988,0.5102144759178229,3.0653306882864175,1.5550133647613316,1.2119404849696345,2.1518485325100967,1.4410118759006463,-2.209427339439909,2.4358580980587705,1.1716963560699942,1.9277782564950428,4.247711574584746,2.5561216805143623
1.4865888659997066,3.9579744837148088,0.16529860500105076,0.4279023352864144,0.2502778354405556,3.9422869144303547,-2.917421559822494,-0.4909743753002431,0.3547096020045759,-0.4613327680095958,1.1432046189494034,2.0990455229231095,-0.3750080550695991,-3.2724475986580677,4.262188963466343,-0.39214361039752954,0.6919062182068836,-0.9862338353570925,0.3129571525032506,-0.8900155248861666,-1.6301136066088762,2.6933538904061933,0.5312617500579185,-0.5962651147119769,-0.09578960295387295,-1.0667661482134174,3.0587003303310962,2.6438740668567178,-2.1530465131621455,-2.966337765014168,-2.738310864709063,1.3356915666188085,1.3604854036640248,-3.2330324309326857,-0.3096530746784065,2.1252367700878945,0.903228804492628,1.7260764368671782,1.8926609963489127,2.2397873370756805,-2.9734783683441606,0.8075155312570748,2.8087893786211926,1.6080452980268434,6.659565041197708,2.178827707428366
1.9972391749346814,0.33336247360680193,0.45501926042109575,3.043426842791081,-0.5581350503241749,1.02011353673149,-1.4895117436617258,-0.516999591110021,3.4340463354874484,-0.4601715624958589,3.536942950357444,2.3379946036734607,-1.8992870933639803,-1.8075290923090483,0.4365869743607296,-1.2724345004897988,-0.30169233218095015,-0.4491425559155213,0.9205531421456168,-0.44739811631376325,-2.3743217403240386,3.394275260788878,2.104383590656494,0.280020983550451,0.8581481396449018,-2.671201982425959,1.2373297863729231,2.5249094896944584,-2.887461609255262,-1.056815258402386,-3.220040490902962,2.6622226608679123,2.3778414991976407,-3.1099428083773835,2.6281773582489207,3.0142383416813563,2.917766692381108,2.8398894779309374,2.8644266638315568,3.5048996928887197,0.07130987084781815,1.6979533098856592,2.044557830218162,1.320719168384118,1.1568340816271192,2.18097274026439
0.9268648626286868,2.558979969509117,1.9089665743161222,1.6698934880942018,1.6577630544567374,1.7592461952578136,-1.7859392729256713,-2.680236466636537,2.844144159348239,1.0126144499341718,2.3629967230069453,3.114062024217362,0.26411647943743244,-1.919680111272097,2.6647287106782023,-0.24462208992352608,2.176359665695059,-3.1933254074912485,-2.7607173440151085,-2.4147251656913715,-1.37838577064614,1.7810294849100616,2.998885101232565,2.1199500586656357,1.0278277650561938,-0.47422009057235925,1.8898582332299863,1.6962212356693671,-2.0238978416849003,0.05438814093182709,-1.4769087807867955,2.7081417410303277,1.6686941258002426,-1.3111006163513508,2.173572155884403,2.704528388482604,0.8094048580482234,2.104745194151816,2.3749882067548924,3.043085962591365,-2.1986926057346334,1.7856866734071626,1.411773578211279,0.24146956810966602,4.899330739543006,1.2369180928107817
1.940828259944467,0.5034721729615201,-0.5006413250339392,2.3354527246478964,-0.7956415406579501,1.486934432921286,-0.1519728616589171,1.0006874997520478,2.6685251974581226,-1.2369681960732188,2.2114223169203595,1.079913118921802,-1.8106464818911654,0.27454905961346276,-0.2408440867246444,-0.09933011954433835,0.48795574033585576,-0.10190231490495028,-1.9045536959119391,-1.2734943142793989,-1.7034176116634803,5.039611607304439,-0.3851671719351677,-2.16244596601602,-0.40599384980456876,-2.1624774303575744,-0.2232335996831354,4.765415559874501,-2.893043144258777,1.3665137050720093,-3.243111933134291,4.166212175786464,2.789732123413034,-2.965223216394307,3.0251237222987184,3.98212109986917,2.073460106281449,3.075213059696038,2.54760411651596,5.21970740743089,0.6470011293804026,2.1290577398174757,0.5542270391733781,1.648836932059521,2.01485436680288,1.8036431414969032
0.8659074230728296,1.13929688925232,1.8346557346213666,0.8077387905534216,-0.8192391604737882,0.8580127797852375,-0.8648635129134801,-2.920792566713593,1.6948488926830887,2.116265499475955,4.342577802790091,0.6527133458123408,-1.629468258638402,-1.3087128555994263,1.0777600581638023,-2.2944597196276355,2.1007904549880774,-2.109736767407885,-1.8716547527034293,-2.2519683813921856,-1.0369264129494082,0.7899351282696698,1.5093520890166754,1.4257342836487341,2.363382594047165,-2.1444513353473122,0.193063562223309,0.3444458464400597,-1.4133347338047244,-0.39867492300401297,-1.0663973411621406,-1.6405993588523107,0.9472248546105126,-0.9379568380192881,-1.543841938641865,1.5051947943407449,0.747470663566842,1.6979108763332442,0.935642743081382,-1.9788226408530358,-1.572068102918743,1.05493953582708,2.5358701290187167,1.7468187067686936,2.2332494366587943,1.8866716659270066
2.073216734401418,4.083182642546792,2.416661347423176,1.4477657602766865,-2.8084533607670084,3.390594212297968,-2.8244991078101362,-1.67514517219489,1.7945849331219947,2.1054322039837112,1.1104660067958243,2.131964729349373,-3.434905163573178,-3.0779508772775364,4.0745745848030825,-1.7033431241023047,1.3237576363255876,-2.2541171654487395,-1.3478186517943338,-1.93317577830565,-2.267521386795992,3.274537728883298,2.3900130378468267,3.516346073481725,1.957755924959114,-4.646836291924602,2.4239313542127814,3.1503758724170354,-2.8604189211344533,-2.5584289461804555,-1.8235056493497008,4.055600436034767,1.7199719131314162,-1.657641011757819,3.7567797304668638,2.880358366529365,2.5214790599911696,1.7221047237739866,1.4397563731691074,3.8971628066578443,0.44349825299901124,0.7596880455981083,3.6418572416200057,3.3082594681506574,6.0973095371196875,4.024460583916005
1.7849817312118887,-0.9179070418824025,0.9170833939578382,2.499778613711044,-1.5928748427403572,-0.9871288140596526,0.37031401844289347,-2.0644293818548407,3.2436646668538707,0.45854725356218173,2.2473637160839335,0.6072642443654981,-3.2064072614367056,0.001348727982040554,-0.9021330923060475,-2.182636922573944,1.3231901299004964,-1.8161217870313993,-0.9710705436123117,-1.381909660206704,-1.5546388476419675,3.6518435457014045,1.3739661097660263,0.8946165984408856,0.881347322183143,-4.209237866780471,-0.550949503759645,3.6019842882227846,-3.42968867178564,0.4175871526387325,-1.7121074330434074,0.418671650137282,3.344679194174109,-1.388260287423078,0.03373887276191234,3.5132383536220124,3.55328134243453,3.2804541936994775,2.872828090118184,0.40448659837597245,-2.2925958735791587,2.422709264949006,1.638837633858186,3.849738310320822,-2.0362615687972543,4.496659124003645
1.934870562199337,1.7706615714119036,0.3994186252677294,1.9455345451898758,0.6674557836111423,1.7408659113335692,-1.2235581290121413,-0.4052551940675443,1.7495990421005652,-0.3319602745987347,2.5921761390397813,0.6869232045696302,-0.13333002197204524,-0.8867821215279983,2.0905029255834267,-1.2789326893927284,1.6879293909931476,-0.15433333711595942,-1.7287064460758659,-1.0427658633859114,-1.816208977418474,4.171719556428645,0.08461379017491,-1.1369660538263495,-0.19881005019879505,-0.40431892961551363,2.4248082995579736,3.321744307065225,-2.6038770613561604,-1.493173977398842,-2.65648251829448,2.3843211546848497,1.7656825151881979,-2.731050466361897,1.5768031596420067,2.258887899219244,1.2544743290472868,2.1522083760059827,2.5297207894406895,1.7326302849462951,-0.5536481817182455,2.3183889454913644,1.9524899509918914,1.449653945758937,1.2280815578546007,1.81613438908655
1.7637017766653598,2.377381317187282,-0.17928048605017488,2.66512317795014,0.3418449335043996,1.657425188875963,-1.9981561655870306,-1.0629413715186544,1.9884046467062175,-1.0472496202406314,3.862665249741144,2.7566101065730404,-1.278508504387474,-2.2773012945759854,2.2269193262599654,-1.439243774593864,1.7941372509117874,-0.6827657103791883,-1.535605820734544,-0.9668187704492829,-2.9866114591917805,3.961494627879028,1.065505767073292,-1.542063227877718,-0.10229689221586247,-1.4810685506752288,1.7273260822254568,3.2769291688111064,-3.706113918163277,-0.5546961346834907,-3.2418762196830757,1.8346648723128633,2.4583911313808144,-3.0576751188943323,0.24779813728105693,3.1694736231391363,2.0645107630243267,2.5995456260322793,2.6110274985720148,2.416573262696641,-3.137014010154589,2.8799895573160077,0.13858156319016368,1.7716339114600503,3.8585745463320626,2.4103783679276063
0.24300655457108755,1.144314747350509,2.978412127117031,2.8688513768498956,-0.9655180616422919,1.2542610547671562,-0.4398143695322949,-2.33713061784068,2.156466357433043,2.397993096512041,2.7527307951857383,1.9723490538357737,-2.2560794246130182,-0.8571267031816046,0.43807729543578433,-2.1121577146899644,2.70079780670568,-2.6341680718942078,-1.214901844574052,-2.618492135266668,-1.189523331886437,-0.9754276002319151,1.2726370337425397,4.344055248467752,2.101245631618016,-3.38268827013675,0.417849147076208,-0.9180035390811108,0.1726942221274903,0.01545121467813737,0.9023999294420897,4.1002469698512725,-0.6302339588311903,0.9282351782393881,5.348085700319263,-0.17786308729740785,-0.6579615537489872,0.3233410691616765,-1.1482049477779015,2.923245322728911,-0.07064813393206082,-0.7860025597435834,1.805870964040041,-1.576791321365619,1.6089967498822393,0.09394001645035388
1.1245295673888847,1.7016276551197946,1.870218688526783,1.5630903585525973,-1.9849964400271394,1.5103094741714602,-1.3514348380595003,-2.883073777959613,3.658693163811369,2.155479468257803,2.360977368294811,3.090939087402301,-2.5345711495913896,-1.3818744848625681,1.4245444891600576,-3.001178607008518,3.4640042099017125,-1.3866068083500154,-1.8741021300558915,-2.3955973515153572,-2.1933297501696596,1.0877009462817495,0.9697540788576922,2.752000637450452,2.114790006889458,-2.8578768654746645,2.5482931919793153,1.1591281594129017,-2.3617438429083215,-1.9780680661730974,-0.7538191080320898,-0.4032923231666359,2.029983867952805,-0.2663673818324017,-0.9223585568912347,3.411385372609087,1.5867063983578722,1.853534808091578,1.9645592967649772,0.10378536636033564,-4.468499271254364,0.9933912213729029,0.8469268374034423,1.1784839803930125,2.806087893662321,1.7656040677112252
2.050261327026681,1.5574731560058117,0.4418700501721994,1.5612671503881939,-1.4807928626476863,1.5652988257064793,-2.121591728619877,0.05674631964891774,1.2269496821274541,-0.06863286104789201,3.1018198258907215,-0.5256807988431864,-2.6893726971196656,-1.8661746347721753,2.1103290762865528,-1.5994824270853947,1.861170224605425,0.1439064592541619,-0.7434899190414479,0.07340230257265334,-2.008943945342177,4.120004343194827,0.5288880211738737,-0.16191675275180462,0.23517541154516453,-2.9145122409764648,2.759782017572941,3.839756276345619,-2.9240892647923618,-2.0671826054668188,-3.035979333978256,1.936311620174446,2.4318184681232538,-2.993443428686429,0.5797991465622392,2.0135510188100607,2.2306021875807343,2.6675255715332913,1.982266001217574,3.25584798494989,-2.062959128265823,1.808627596721437,0.8513477944608,2.9867468216293918,3.4474471476074666,3.633496748701917
1.709198566719842,3.4133458634673883,0.5905483128718493,2.129271057065024,2.6269839660534062,2.679908028998583,-2.0340552511686685,0.3362210436571471,3.6072941731646297,-0.2119151798480008,4.019268015819232,2.946106154535281,0.38873955610642086,-1.7987117298412925,2.7432175731449897,-0.7717236810134721,-1.019458536213706,0.18474927150117626,-1.4673707239399614,1.235704566908444,-1.8691966734764773,3.8866679090276337,-0.8358732410042689,-0.569807269802934,0.08224101080415736,-0.2645350076908797,2.9871920618920713,3.5946028652063537,-2.279239726464317,-2.045596102936952,-2.733406309635055,2.0783356211908406,1.3698581574243842,-2.6554774715656686,0.7984008689617595,3.3608982413891644,1.755949818176435,2.189585674635475,1.522350889525792,3.2470496770100477,-3.044157641721184,1.638070433483895,1.579575188590668,1.2965368965362205,4.457847422629035,1.4718130016836208
2.4060069217910205,2.2208486211851683,2.249355459218776,2.050058074538064,0.6186246163474971,1.543869466038598,-0.8190599145008772,-1.9827655772920436,2.633742124525174,1.4339736931105271,1.0243541653405435,0.6610802924962718,-0.6959126231035904,-1.0591056785425608,1.6974635003246648,-2.1823898518661764,1.2388890266385824,-2.2242077061349352,-0.11169235643599218,-2.556730470217369,-2.599836640027634,3.683833339915037,0.848580671046103,4.717169880684384,1.0668638717624224,-1.504525848515732,-0.025597456349800485,3.161413677933668,-2.2946721335357907,-0.2532248161557208,-1.5424245981345768,0.7642649604593538,1.9442125584077137,-1.0421070992317172,0.38444163500881423,2.4711457928914085,1.3144572721910213,1.8622540090220463,2.4057380644494035,1.0961364073900364,-1.2138987298072776,1.4616541297994257,1.3977391136480943,0.5278042484314525,4.64042045011182,1.0850961473137208
0.8585568426339151,3.288894828420691,0.3710925106952697,3.150375102649681,1.8035147988798843,2.82761578366835,-2.2528706421095643,-0.42956978752621333,2.3558753018784926,-0.54799332799608,3.466974274615815,1.5329981414665605,0.023065280027646295,-2.0661766446346532,2.627465789538487,-1.182223539416345,1.1995033756863551,-0.5826591446413061,-0.2500264160520951,-1.3636218225982795,-1.8821814477496557,2.3805768021117992,0.21439458720993332,-0.04256012226143091,0.03680531885408245,-0.9580794217361108,2.4093166954889433,1.852084584508926,-1.6112706794099414,-1.365092376141495,-1.7206246819821036,1.8885836371956544,0.13935686494164679,-1.115774390130522,0.5531259378015827,1.623607848792545,0.2500633376331587,0.4064235384242729,-0.5528225250113923,2.6717076578642462,-2.7875868927700114,0.09541130264986297,2.8369963369920246,-0.16422912463209505,6.241715791167959,-0.17664249369675278
1.8658149125279113,2.638831799773329,0.9212525652111685,4.36165594516077,0.7163081966236523,2.743240197939351,-2.637755157621215,-1.2326890203206347,2.3329226439085233,-1.3114797691951952,4.2924188549130555,0.43446649689424643,0.25573235888749823,-2.337790253947911,3.2901617389348594,-1.302678560707083,1.7426946240719656,-2.6031143746589347,-0.34289746218660855,-1.8387292603796497,-2.7758725732058585,3.1580339542653983,1.6679267002609692,0.4368838972119564,0.29782772019862713,-0.08450901561794932,2.42754500778301,3.44715325690024,-2.6881432850544673,-1.6212179573318444,-2.408184849820132,2.611961146730147,1.693642276335026,-1.8449712395257767,1.4718763524315222,3.2509905510395827,2.297128826880517,2.337324695674884,1.9999514548909836,3.5353576321341635,-1.6841819894945136,1.905555454749786,2.0290560600896423,2.011567379981794,4.305677126818257,2.334503844447839
0.7656772888853716,1.8114033820002544,1.0057738601191566,1.2324764090927296,1.2515298415219038,1.4320582575787737,-1.5916426521542362,0.5556839953744219,2.2094904527374912,0.0967906139869541,1.9799395146773529,-0.6018865240203912,-0.4474165765602838,-1.243354193218791,1.990076122592379,-0.6764158796156721,-1.6529504833036786,-0.4143403733696359,-0.9142872927945476,-0.5113334667331517,-0.7455438983043388,3.249294245181116,-0.29942221415045833,1.1410797287620045,-0.4874365342265201,-0.8380021079216058,2.089623684045378,2.3090101018213933,-1.4068140855352638,-0.7965570217726381,-2.0828335950801913,1.2257635761567887,0.5793603029885993,-1.9206188014553096,0.5193067163059395,2.293537485566772,1.667080856959768,1.4092018474269619,-0.14530233663663172,2.829631248828556,-2.931857083683057,0.22533206370580705,0.12080219487886068,0.9733537731907107,4.208808844706401,1.7080341648728294
0.9319544311424368,2.898170251345475,1.759385482332528,1.72583120733381,0.292113838228687,2.650240454607308,-0.9096529606512317,-0.3340417631211423,2.7103571903071733,1.5093950553133864,2.29790173255225,0.6620904094552985,-0.1892940477429037,-0.9471943778487896,0.8982729207172087,-1.6967247588005836,-0.33687174157131716,-0.0743470997225717,-1.107943546225484,-1.1361643927416956,-1.2312279661943237,1.8199690610244996,-0.12973675238271065,3.403787082875265,1.1216657007961737,-0.22591688607404903,0.3489561894807347,1.3548393342509661,-0.685571506941834,-0.44055131319583024,-1.4422932778943316,3.2710656063383956,0.39296965286847374,-1.4504200551748638,2.4504996433023973,1.589953861011165,0.9777112012613887,0.8489467748182149,0.5285549098374253,4.146620812397215,-1.216604532830325,0.1268362522677844,0.7471130139095852,-0.1860802946508301,4.667402562060035,0.3724443657756482
1.429527772198581,1.0840304174626212,0.4771273019265132,1.9946668329069408,0.25596151194435374,1.5076049957838904,-0.4036270777601749,-0.5952537444166452,2.95043498594535,0.292656202610748,1.118114031220908,0.4674940635933642,-1.6291323768297536,-0.7634594178381553,-0.08256659574665615,-1.6727377913822237,0.05007140531799048,0.2811607540325407,-1.3602700471087608,-1.1435107996345106,-1.858511033661759,2.810578337541435,1.4872221150944307,0.010783179019956401,0.7680580617409065,-2.7060553300067847,-0.28313480532472046,2.1927356068118544,-2.5617945281602994,0.23596577091858517,-2.159780291981811,3.6040428530015403,2.4865261204160785,-1.4573727985419993,3.1136746995068076,2.851922342321193,2.817154883772541,2.1986444284918396,3.1193681177859176,3.9712594347609125,0.710523319329609,2.247926761210718,0.9351714224068892,2.7560061408715564,2.7385044011631154,3.7569229684836083
2.3856035423594966,2.1596756865782103,0.41894007854188164,1.8254067648529682,1.2331646480091014,1.805436651700274,-1.7187599934943667,-0.3844715246274414,2.190686454506644,-0.5413449977019003,2.759850695835858,0.03065997027249656,-0.2736333905382977,-1.6034243941458477,2.4024017438642664,-0.6419030349826442,-0.5438283962090893,-1.2161866579297906,-1.0032089167337563,-2.1599789217634324,-2.101584072877891,3.4312487604368735,0.942119670329344,-0.5032050733720734,0.6753129805462006,-0.5401792697702688,1.934468137950116,3.020654569724732,-3.2334321463237288,-1.7234123323324204,-2.576130851002902,1.292308268623773,2.5713041063566897,-2.973658949814158,0.04580045558663026,3.965257940674909,1.7516384090856008,2.516623621450477,3.080625142733626,0.1793717014981775,-0.7252553055940377,2.5434574857388834,3.5370339284592207,1.3447018426209407,1.9827587428553712,2.235016671674194
2.135438074904135,0.881067623419117,0.8916953341359104,2.13901394391157,1.1485318971858276,0.5959025760620758,-0.5690950578041746,-0.8063300563560962,2.83608891568733,0.48024348832636016,2.7833904361502833,2.9445885350539607,-0.38148421492765405,-0.7472751800631707,-0.026174479924190308,-2.148027517256773,1.5929781780913885,-0.9616430801541044,-2.2653798451165357,-1.8292236269419155,-2.798416986032298,4.066276328849459,0.7131761637040113,1.4802345366518261,0.32831093800759226,-1.0080624462051926,0.07423450729251169,3.603649261084106,-2.4554831844232456,0.21282686206134138,-2.8527275570793282,0.4859737807587905,1.860336208355534,-3.1018791912964216,-0.22991796346152116,3.7708245264784472,1.8248250044670318,1.6786351964602328,1.7184928955196201,1.3847529902795181,-2.867681065113132,1.0212665767563238,1.9354448215342872,1.3548999999722962,3.8515371779220726,1.1424053736907767
0.7199452989864238,1.0410415501089991,2.144465967143121,-0.6337898848815251,0.5227631823687446,0.4935898710508744,-0.5935113331624904,-2.5945031374781253,1.6439047614303257,2.3096585083707857,1.571887907769506,2.3865875771225573,-1.3784840502815525,-1.0651934610059977,0.608161575922417,-1.7441498956189718,1.3304103391184119,-2.4846376531112835,-2.4600941874982194,-2.370376440724607,-0.9436027187946335,-0.4879642742397743,1.950839496050302,2.194635849678982,2.3452027787279524,-2.3833161313255853,0.3892210809738059,0.13998956826102482,-0.09006792182930656,0.09723232355669564,0.2367003714032545,0.9304179358527547,0.14371495840157245,0.2483188065453179,1.6621007279739866,0.8657081998261593,0.4211951597399428,0.6732724352544673,0.3153650338564501,0.49811100609528247,-2.039971948559669,0.3992548116320487,2.235262772637935,-0.1439261621299388,1.83526519133111,1.1949318242353872
1.1726804850363586,1.259544310191739,2.0482079589625246,1.386906660403763,-1.9086325894026235,1.200789892672287,-1.8550907809504336,-2.836711673386171,2.3465627926959867,1.4508167577179443,3.21118400390862,-0.5876833745965666,-2.2467577202964097,-1.8767495653800284,1.3395342355313846,-1.4645044750039118,1.8770914403432455,-2.9807829730163866,-1.77727393974708,-3.0709702158440964,-2.0244004183674065,-0.00734963535100519,2.4680042588215256,2.47414485747175,2.9194721752758674,-2.304090471858629,1.4483903051367808,0.21445316461431063,-0.17190095023756813,-1.0636071520955923,-1.0462586556198605,0.238557158323345,-1.1980870484617245,-1.4440676816838423,0.5365259176705199,-0.13305113284057102,-1.9390938643825368,-0.14324892398135636,-2.0966897737974115,0.08963349938719012,-2.849322018244348,-1.4080524693306389,1.221109338193459,-1.263614553394079,1.0709525117834282,-1.00656768958165
2.1093393104853115,2.1737066624166856,2.210743310242104,2.0693561463197154,-2.057532884821562,1.3791757062225087,-1.4297672214583064,-2.6138366866904166,1.9254728370198435,2.5209712240076723,3.2533591777045867,2.467097475713999,-3.0958198955300533,-1.047264202464924,2.0970500677200983,-2.4878440328223697,2.5046650189036974,-2.07947110141171,-1.3948839158437325,-3.370823478239643,-2.2031968676806786,1.9593009662973349,2.4469159685597326,2.662518166509457,2.6568245166789723,-3.6947629506808934,1.8374092121771655,1.9032684082060627,-1.5789687902982366,-2.0075960869409957,-1.76736122663627,-0.3224068090361769,0.9195025766323996,-1.6643531227415362,-0.5982414976051182,1.274258093418184,0.8178663468799457,1.201281993268631,0.22495973211362597,-0.1903812178979445,-2.4114520949574465,0.38323195167879687,1.7316204094872651,1.7014175441658086,4.124814193742758,1.7452478547762595
1.808035838125134,3.026429479666666,0.09136395143043141,4.026615556846265,-0.5477873616448463,2.917274983360909,-2.306900120934798,0.13005607330141444,3.6347663571317588,-1.4493120295206967,4.981803836192102,0.5202216411790263,-1.1746242972055365,-3.1717127262311706,3.035885977579419,-1.524143447837436,-1.102739665596085,-0.7503960147561111,-2.3259570118739146,-0.5286003938110407,-2.5594010496534114,3.8889915670176665,0.09728345140461836,-0.5918226879185282,-0.1611221428298868,-1.9937334589468723,2.346285254622341,3.476687407360962,-2.9091889282364587,-2.384875555295828,-2.920035341754634,4.659861059964076,1.7859192113248614,-3.250434393932154,3.6204990025887938,2.3180814156273124,2.332446947370773,1.9457931041483998,1.9252905645035123,5.023976827667376,-1.352147300753633,1.5781296675911642,1.1144038196724957,0.543496707611232,5.268786736881989,1.8837661234623373
-0.06944452126343492,0.2900411829384373,1.214937536375914,-0.785913170880213,-0.7529938509913897,-0.003411586672476208,-0.7756023299057072,-1.690882848091586,2.1739839352246624,1.3190573996553736,0.7614652831884468,-0.9508197584619624,-2.646585047953587,-1.0771338631632,0.46292752707002616,-2.512663253587072,2.56335938158502,-2.4140039850393222,-0.9043155322625586,-1.4065667153943304,-0.7802464231401313,-0.37486738884786375,-0.1674265104578101,1.450819831122346,1.7853219310443724,-3.4041089947624417,1.2123802805392183,0.6631666280823927,-0.4350052480802362,-0.4041018889251865,0.9498670601557959,0.6834255457206249,0.16589563105073724,0.9463660019300542,0.5843113212814011,1.4345552756062045,0.1636139535495793,0.5750873186643695,1.2560906831185057,0.2372981278138364,-1.5971886517663672,1.0266732330421953,0.894868851188644,-1.0152154202110986,-0.06529907343266661,-0.3321712142433435
1.4417979337070672,1.6749603522259429,1.0459398409396086,1.573575439809416,-2.0234357438201247,1.1670566837975784,-1.485029852137885,-0.33374872048956217,1.141550011918738,1.176978753152372,1.7587425728486674,-1.5384036727049917,-3.9058100625639245,-1.3741249139650644,2.120814941416451,-1.8985217055735975,0.17026391392044626,-1.1423032158434556,-2.586211982044256,-0.5308863731913868,-1.4299511021768516,2.4227788547542413,-0.11693625259272555,0.7117239852438806,0.8447738307874226,-4.852018541782487,1.6657148555792474,2.8588013095441727,-2.006847904101489,-0.5315386974590954,-1.6729906592314232,4.37503147499992,1.1820947538090587,-1.9189148428399154,3.807426271100563,3.079596671100786,1.4736321729008468,1.9434422118823238,0.6334008084223568,5.539193511686789,-0.15064697580487585,1.0583314926103071,3.6978450871182376,0.7074312866852315,3.4467351603539114,1.0529705587837084
1.149809525866709,1.606591405018352,1.9074118223894323,0.6940083370716817,0.18124963064624533,1.9064007793312032,-0.3368151956938996,-3.7322630811929174,0.42671104860978226,2.2814676456479765,2.1558768678784967,3.408369027439891,-0.5325297711185504,-0.17222611421527811,0.7056367649043738,-2.1634445995118154,2.3520741338842654,-2.321808447072195,-1.565518669030103,-3.6847744185282956,-1.4077824145645705,1.1302103945118969,2.684975055955267,4.035813699859013,1.8329415587949693,-0.7314058278471541,-0.2791981094776106,1.5568343472540254,-1.7213560569150936,0.3913697819790607,-1.6491933581939837,2.0822906155849217,1.0291266080232064,-2.0712784716970867,1.809090063132645,2.6302451777935216,0.08637729808323447,1.4847854288013875,0.9830797857449056,2.032432766237085,-1.2012572987302257,0.8827601222634488,3.2487279227182686,-0.3497854767189952,1.3031968077773417,-0.06659657870019187
2.884178808554374,2.3200600422523836,0.6312646154623525,3.5218579250917177,-1.5877938108064167,2.2251764731545167,-1.5026676766636151,-1.4810561949869763,2.0179872045143488,-0.2796877501749877,3.7293195880753025,0.24773417368422446,-2.1545173250588707,-2.5021330693254997,1.8493453846772723,-2.427281895638769,2.108658473550935,-1.0578780832994763,-1.0423173339275675,-1.2156800671462509,-3.4771816694772326,5.173736240817728,2.134495087212195,0.12521547173732506,0.40476161563262725,-2.6178099697697665,1.9998380788107744,3.982928988786569,-4.1996483755989,-1.5371859277800548,-4.3205678606938,0.5548396584088441,2.8231319531446815,-4.6346029752635065,-1.1192580641380692,3.594315745578747,2.7562038495546717,2.733367587232416,2.6250914985458884,0.14336080338521273,-1.3416821343809446,2.0257291794588177,0.13539668715363584,2.7076885258325545,2.863782811447601,3.6192528760549103
1.642112453650116,2.4936203689737564,1.2723655318924318,1.9822078924425726,-0.5743229066606779,3.0177070274733895,-2.059968601183069,-1.503838413637975,1.8489161219564936,0.852997561041181,3.395555835031171,0.6531139393716682,-0.8513260199146052,-2.979254003085254,2.191788490794281,-1.6827361129984748,1.1409414053579092,-1.9049951745652383,-2.374891129812052,-1.4281986119247563,-2.0846177672382553,1.4189295338829568,2.612206798392082,1.2085632803098696,0.36966523723754274,-1.0385008706243726,1.3714330056009822,1.3547075514246858,-2.265646083158037,-1.7684210606230804,-0.17331300645301972,3.095906508320855,1.5936059755885783,-0.16671731707128057,2.683190399056919,2.566300758488759,0.6671822783636778,1.736525958260859,1.8469271085445147,3.1124983743455465,-0.27084129468752427,1.518586746753206,1.3185205045212955,-0.32504652550774993,4.372367528716622,0.3416486094471938
1.5001503007572132,0.8875289072219414,0.8801032422883408,0.7205812756822391,-0.18526536387979142,0.5591419651481129,0.15628639568822922,0.8079750707470752,0.7665889754813999,0.4765113612237799,2.446147500876017,2.993903499403854,-1.8969583047582963,0.24977036269952446,-0.9180343275233349,-1.0785592279702718,-0.9614393886453598,-0.47251288241709766,1.0273123535351976,-0.12138771699042339,-0.8732425410037505,3.028573790265466,0.06164952812727553,-0.13743484338209289,-0.46812367288275003,-2.484629628677634,-0.404129739073269,2.9920093779808883,-1.8986018456010323,1.551500917762757,-2.3253209078066104,4.151739753907048,1.7217863668948934,-2.5789762100335665,3.854958073010029,3.382953942368617,2.393388904685995,2.2200788204124398,1.7481846381115451,4.06707739108797,-0.0403091885517477,1.5572040244340135,1.2856222102241186,1.9481824951029463,0.26739499905259034,2.2761013471603446
0.5157425346797422,2.911166596049667,0.6496320771798568,2.7484736043164357,1.4466570049725416,2.8716493538990258,-2.0867626878736294,-0.752496582052934,1.5962528903850735,-0.6458038396401085,1.9661052194164323,0.09757596598685936,-0.08248728047210407,-2.0601789869712106,2.8428357409815543,-0.8463519296171338,0.5300293850084196,0.018249943874683483,-1.5800053430415242,-0.8447589191500434,-1.0353779638738128,1.2687531238855647,0.6538830547729437,1.882302321550674,0.4604726663762658,-0.5387041531780601,2.4509082236320543,1.2123731517128653,-0.2767358623470042,-1.1385331564634111,-1.3799941977606482,2.920611710930803,-0.3251660453424303,-0.7253107528567102,2.3789833844458537,0.4854101805137008,-0.4058660483369848,0.4453164124915534,-0.6269681199914772,2.5521821798399817,-0.4605750037405332,-0.21398517854432209,1.8168152317400397,-0.5311810296148118,3.210815895839633,0.47385819450104194
1.7697699135882916,3.0849438992352587,1.4896235753565361,2.7223031976121836,0.909820144777113,2.7118503025110634,-1.946594572561379,-1.3646808194176587,1.4343858475129925,0.3916814663401788,3.1406183295675616,0.20316074436587495,-1.2674226119952834,-2.085164222431139,2.101878574492733,-2.0062819010190274,1.7668490567608615,-1.8117208585860851,-1.707806645648855,-0.05189203100062678,-2.353432119528254,2.742857894188272,1.9631289435059847,1.5210157898669545,0.9606941822049312,-1.5754095334344769,1.9089885295505944,2.2120258330479388,-2.686914153540715,-0.9939249873398339,-2.479544200568546,3.278686952610472,1.3416176247970002,-2.363375464987608,2.3379330557381506,2.2787878468656086,1.0358684728751075,1.815134533014145,1.779716156897461,3.411825118123491,-2.0122860026240774,1.54879149838984,2.884215912228238,0.6894086945487514,4.355593821134165,1.404625582742445
1.765177892278602,0.22824045181837982,1.4538011686983687,4.0979548910418835,-1.0361117640309199,1.0241923695013775,-0.17891571665171946,-2.027534815140277,3.5783208848585213,-0.6610491394677751,4.659190557345658,1.2700612442494081,-2.2993630423021463,-0.7271223567116051,0.06572966158183102,-1.3352541319054578,1.6114203657421138,-1.8757952343257704,-0.1458894351686677,-1.7968133480813127,-2.3112231086093393,1.8637493569139238,1.1479640745864057,1.9680093944058608,1.7583194359603804,-2.6710376255251043,0.2333044396712034,1.6366196563035964,-1.7790263279490461,0.2179490955386365,-1.3994590516276608,0.3059316784214585,0.8816398031180877,-1.6482975587281867,0.17109086345399194,1.2615856700696648,1.4090890306157144,0.772404638988121,-0.9075663467774009,0.2458222015072502,-0.9103634679966198,-0.32628903417963295,1.5381021697815187,1.690244752578466,0.5698878978888899,2.435275388439935
-0.48664517136580954,4.098965844944692,0.6639752650787065,-1.353639475195974,-0.2295171310229865,4.219543384805683,-2.4033755635295404,-3.085642905403474,0.8072372084659043,1.5853239595553834,-0.4883595554762983,1.31733524453741,-0.7907936144585124,-2.4072042461045573,2.9498854051928465,-3.30448628897731,2.6661699292614465,-2.7637046372627463,-0.9453515380243978,-2.895101705199572,0.32270331000049657,-2.1693683666118964,2.5803387020253217,0.17767425512525392,1.8994681873618595,-0.860239027981953,2.629090543505912,-1.3125174658333785,0.32954311703040173,-3.054302739900482,1.920264150203513,1.8702693702710371,-0.8410989123363386,2.18872603017012,1.3368803814303085,-0.6013818910306648,-1.646735849803481,-0.7931090709405113,-0.792718445461496,2.8998936259305603,-1.3455591986773658,-0.7892621472989407,3.301737957628905,-1.547328480586394,8.242204832236315,-0.4739312213095599
-0.02988239421709693,2.9344324562909954,1.890209635025826,2.6042323839799515,-0.35331930273716805,2.924679040686291,-2.2173154134267405,-1.927045260132918,3.1275039238654223,1.6951545283139473,2.598142481743928,2.4629061850873812,-1.831236533421761,-2.2669718890061423,2.487276464857065,-2.145648312720719,1.7439447207560272,-0.9600603016266303,-2.8936286525120236,-2.7200112282510647,-1.2316825542932341,-0.6491907080288697,1.6346686581047956,2.5744841278415933,1.3442474247291005,-2.9268003742068545,2.9940724220038364,-0.014458297046714863,-1.001262469961885,-1.8438988068088724,0.8368124070947756,-1.6094886166149476,-0.8201238350915878,1.2635420796055676,-1.9546807558640815,-0.8436759893306687,-0.6616075904667452,-0.49759982730266783,-0.05244851113401072,-1.2919259406147778,-3.6689845200796647,-0.47600209687648154,3.678783522520726,-1.3923779477577383,4.891344974688568,0.0678459144069008
0.8268643212454649,3.1113213949713185,1.5527023154636146,1.427020152434752,0.9745050883252011,2.3496512374869813,-3.16497514356268,-1.8289111483030163,1.3548889675634035,2.4854454624652833,2.355136178837352,-0.03625958091430115,-0.47054498943863754,-3.3985185663060857,4.146690957396213,-2.38402082458965,1.1992599161489124,-2.1226198218379153,-2.063243182978481,-2.304549819196955,-1.4868044580732216,0.4553726922118706,3.0138716464844437,2.733516247262685,1.7714363540170277,-1.6086922247956967,2.297876325316987,0.971888672344174,-1.1413568981389994,-2.178804409873885,0.5565262759377847,1.1788394633186918,0.36582585534078516,0.9161677366180205,0.5842913496499722,1.5901277703678949,-0.4380770230408474,0.28203512864977465,-0.8007176094053818,1.0643964958192305,-0.776784894283486,-0.5153461091552869,0.9328874595037083,-1.0047125943951942,5.012603050514913,-0.22008398220250358
1.8524258050366036,2.8991970898361448,1.7135196087451012,1.7759737714674766,-0.7706591319569771,2.153765315063354,-1.7132469191380175,-1.7678711268648333,1.164128013560279,1.6205289202206012,1.3570937621621084,1.154386387943032,-1.815402566164027,-1.342867238434907,2.0890435492441393,-0.788660961842913,2.153349393735616,-0.9032924999775165,-1.549404048874718,-1.5403703358442142,-2.222193351597504,2.338806353634326,1.3752790356488735,2.557453892214492,1.8865129492597124,-2.1943468076179915,2.169423738546202,2.3850510698319516,-3.059625154554077,-1.8352703956494465,-2.265021946625093,2.705693542904962,2.4568579378783273,-2.3560586026546257,2.1357122248084304,3.9701302614615694,2.7163967847817716,2.6428953050143154,2.5795704802643487,2.862996709425264,-0.6564825515367307,1.8273932842858613,0.7136459718006545,1.8849909194152175,4.034274364590504,2.074127789078908
1.0703913674711432,1.8254011362359965,1.0901892843622605,0.6861031162785608,0.3643071541374052,1.413487603578501,-1.7884036231261622,-0.5688845819797869,2.005953954495488,1.7905721006092894,0.7393722581607094,3.412710492346981,-0.9041973519111582,-1.824319966593562,2.260996900933489,-1.6381987819620263,1.2386047475457704,-0.9175366456636241,-0.2986907739831992,-0.3495896169897985,-1.896367510701697,2.1802068363578475,1.7305716451417503,1.6609525039171238,1.3979974955246766,-1.4367084580714955,1.9948304655167526,1.9328839556894306,-1.126678225777424,-0.7020876618986803,-1.3977147317001115,1.5823443483159343,0.1003504301158582,-1.1342992236338492,0.9056420921766792,0.820440606989417,-0.8856390758527938,0.9512246375415464,0.31612795843152486,2.23133622842591,-2.7556622061970524,0.9609149213786685,2.903365954411722,-0.5146575766709705,3.227959888480322,-0.12412024429379165
1.1753437094226715,2.2695854632109818,1.5406774118757625,-0.03103276081283579,0.7738746011048202,1.6835409156264447,-2.238147837245862,-1.523494710156234,1.5147757139975753,1.4068817367885134,-0.09659703629034944,1.5687094905619374,0.31160572193954117,-2.0501604762312415,2.1427563251402217,-1.6258369563396935,1.7024545692753392,-1.2841927699487155,-1.0660379889394396,-1.3498739501003556,-1.3896031774307886,1.1446401265965611,2.1149571910704648,1.178620757225716,1.329680866663617,-0.5499337946236578,2.0448261152038345,1.8272961775400791,-1.0328940093530499,-1.4822005965889167,-0.866168481903196,2.526726759902311,0.6485418929527831,-0.9268392476567294,2.323127110076653,2.028227068844356,0.3437039954314606,1.1085445603494417,1.2708673036479237,3.4719511076107814,-0.4339845813512304,1.0106826810395186,2.031857110394138,0.7334468969456269,5.28930785059767,0.9400434281484913
0.29373173245920225,1.675935214350885,1.6205545574855074,0.6430331022112105,2.1611693400775347,1.5643213485990881,-1.052954019174924,-2.195601243595181,1.4552974314677753,1.1794453809805399,3.038145656067742,0.794294922747642,0.9261633455552947,-0.8157415780254568,1.0408840253178413,-2.7757905540890015,2.9778668520909326,-2.3767425988128115,-2.862703324545599,-3.2148836584379046,-0.9906208889022099,-0.006519213375751232,2.644066836596556,1.6201097437154668,1.472102306181863,0.18494017445501698,0.605136158492929,0.29655153708873927,-1.7692958380407917,-1.5964618776136648,0.251664182726568,3.279656879289569,0.5441955307311338,0.1702436105671168,3.2640400042478506,0.6663497519034096,0.553357957829747,1.2424518860132494,1.8088476779447125,3.9563325938613945,-2.7011578325756656,1.226348425839098,2.016406504015922,1.4986049764842124,2.2894886862493014,1.7281687700087491
0.18052888254129473,3.5516410750957044,1.0371849075697293,1.8985943256765538,0.06938051639949615,3.3056949611256163,-2.8389989286610637,-0.8868438334525892,3.234995185504117,0.042183557942244376,1.8549848846279118,-0.4865356712694098,-0.16683456024608534,-3.1863132599562096,3.261271287899285,-1.3386765172001094,0.9413001622575052,-1.1094228984795436,-2.8527835273788487,-1.3862985768551777,-1.3383206576092501,0.8649678248529498,-0.18226828117905058,1.5682742258881135,0.5293348474044184,-0.19091213237471072,3.552790679783154,1.6232103509581588,-0.6923408986239772,-2.363405818875739,0.12342182052865924,-2.7474865767551355,0.09901664570193924,0.36135340344403266,-3.338554404274996,1.4880807640368485,-1.0951101270896473,0.08141362897157722,-0.13422369315728444,-3.0421615223837053,-3.2150504886500064,0.1978302397729913,1.0640396235333438,-0.5785995506875488,5.969420883960771,-0.11285926282084824
1.0511351087813052,2.0533716445509183,1.8215599048489977,1.5416597680254247,-0.3306240243239553,2.2582373991280695,-0.6454341962877004,-2.0017916797559856,3.0152235647617127,2.12615124593333,2.930505958749513,2.6459708505434696,-2.041987106125265,-1.1086937896244424,0.8250390652105651,-2.3885183908837737,2.2089318249771845,-1.2659227704062033,-1.6515348522957867,-1.5667654538325415,-1.7105683005204928,0.972826688339274,2.0075649653175778,2.689018318455866,1.649428394570737,-3.019368912637938,0.8157684817417511,1.059508324268025,-1.479659903701076,-0.9319588758418031,-0.8038450215527082,2.4751851702059167,1.4643057637889023,-1.1057128919280337,2.4186433537367042,2.5484640289883247,1.3539745922509003,1.627575581768561,1.5529744324482506,2.706806693583813,0.15268538150251265,1.6941855278127782,2.1908064430921725,0.5425601389712271,3.170560930859134,1.1902896503723914
0.5985125996037879,3.031799111739286,0.8045164797907316,-0.5714706532103961,2.1651916107727445,1.4405418927333944,-2.7244131986706925,-1.9634768146936112,1.6829049514040553,0.74235312350937,1.5613691005289954,0.9955867658750782,-0.24961467482526445,-2.7132726669599956,4.346441952449448,-2.1292355281476514,1.6431718721612043,-2.623182073404739,-2.267165431745838,-3.2682845766435715,-0.9588492179061152,1.285525937547109,1.0719403124041662,1.1583898163982647,1.3887189866301657,-1.2172425204091524,2.483800974151962,1.4879751897180842,-1.698718709030127,-1.813540279780057,-0.3760255988598227,-0.17793187777930441,-0.010228518935079256,-0.36660602909590456,-1.7648266008334164,0.5667786816394043,-0.10618657458053449,0.7476455624101795,0.07275740326047053,0.4381540913100028,-2.6613042321284617,0.3874400906256844,0.26479207049226505,0.6666315739809887,3.857942939468866,1.5898410170214383
0.05359185365057839,0.8110681220617812,1.7266870418698863,1.4624232979638503,-1.5187691031855506,0.1276636014021375,-0.01925332329952023,-1.021936295229339,1.9713916958945974,1.2214761643856322,3.100325769299161,2.609842744753654,-2.962086295750713,-0.34335452548755985,0.12072314799493222,-2.006044336609429,0.19040843812902608,-1.6876763595627053,-2.5047386472492374,-0.1171106400056181,-0.7765815552399982,0.48137939058188595,1.5955972189139729,1.8328502115729877,1.6357061005904465,-4.324016934618134,-0.05128742571635003,0.9412309896899804,-1.0946208634308916,-0.10455350016021037,-0.3367527029021027,5.263015328653169,0.26243892736341834,-0.09260619321080554,5.559849552738004,1.8808266204630464,-0.015484216677421836,0.7434392721307234,-0.22232082235292694,4.731401447821389,-1.115113340642207,0.17513443462847345,3.7968030593673854,0.21938329377429422,1.1885108674185787,1.0302644755075017
2.1255005593430605,2.803850071405289,1.2230584507771791,3.2582175671715357,0.5745672252180978,3.512922324610126,-0.8224859239613258,-0.43035095921438393,3.0226262333961085,0.4178422911194114,3.2033315906756448,0.7635965553890163,-0.036815606786100075,-0.3015698544721044,1.3801113388958326,-0.9211923091989423,2.8998698969902272,-1.175941853219097,-1.1837503952005188,-0.6939292138055297,-2.8377983676958833,3.721612286074513,0.4884206800223502,2.0298607119430656,0.4498889277403212,-0.35801709015038163,1.7711614211068718,3.643164944704349,-3.287335868518455,-0.9658608517260228,-2.32396957860924,3.6733113830024253,2.6415709771078335,-2.0072202809023465,2.43954650589291,3.8126850507733296,2.924720514237463,2.841737617104334,2.1319532030137207,3.4753527893137255,-3.0208518975550045,2.111784435482062,1.4557058386727264,2.191087440355923,4.583455839306112,3.1173490092514826
0.832568154480809,2.7451282760254676,2.250090308448899,-1.6096742517341243,-0.1089502840807216,2.628347296641814,-2.4050582008799375,-2.0273187510589574,0.8094715360348517,2.6351027999820613,0.23608831418626686,2.3618398463847097,-0.8009759906704359,-3.061524626966074,3.7431288146309387,-1.8190746342654682,2.212406249492896,-1.7495247341087503,-3.094126237318692,-2.6209662900403234,-0.4153111431636771,0.44582885588336296,1.2750274032135573,2.3114806899608933,1.9841022591305024,-1.7239367283072675,2.8847473359373677,0.5709204596798867,-0.750542748742971,-1.0481015933507911,-0.6751198839688879,3.353914061123312,-0.5642988843795171,-0.16739065320726843,3.6246878954607036,2.169136136804243,-0.5792311009386352,0.061449522222515984,0.22294125180248892,4.228116839839565,-0.34011968290917616,0.1563798651791285,3.3284075136887674,-1.748628515007348,5.824937723158923,-1.1917479745214115
0.6572274144424736,1.8089351280906611,1.598245510721927,-0.912283153302929,2.3695067062950135,1.8264812810135358,-1.6016388300964037,-1.5876685108103208,0.584883323374225,1.7782682873440816,0.8246046990996561,1.5156421138557608,0.8352840669887536,-2.012844947424285,1.3580875281944034,-1.2750821850302856,1.1049961256190388,-1.5775068478023009,-3.5484556219751253,-1.7696739768239027,-1.231847483452945,0.9580770222139785,0.7528167030493595,3.4264976592452996,1.595933854074282,0.8052019226294105,1.9797818869663606,0.8925598778308808,-1.6260735472799541,-1.706995162428818,-0.6142579171687946,-1.2725529749039024,0.96832944881945,-0.38359307440922663,-1.7770371924448722,1.6825438967122492,1.0572572914320266,1.3990427427344394,0.9166942487916001,-1.7396810799662796,-3.719323458456709,0.8598593824573562,0.3300667588379833,-0.3301688931221518,1.9210118729657344,0.5055476494035452
0.5584675278576263,2.065941510494997,0.8075311909680802,1.7323063119243405,0.8701207848775377,2.143667145627397,-2.2030901188058842,0.250860117682993,2.931261480835486,-0.7503043245645609,1.4914063841987613,2.20395543027485,-0.4433633673211297,-2.653491801239249,3.018312767017858,-1.7000431320045015,-1.1615939957553363,-1.3337835573524295,-1.7057041635732095,-0.03696719229973211,-1.0044914187364435,1.0507658929148391,-0.12490020964302828,1.8116843320660727,-0.5267025120705078,-1.603482032214933,2.1158188705870153,1.5654772690579681,-1.0565912424048975,-2.043632252797754,-0.9522805100205408,-0.45866631928886425,-0.5875098918582862,-1.0642909947363477,-1.5025893958135932,-0.5409291734814237,-1.0728697706118777,0.1875217734367869,-0.5148999325654231,-0.976219485131576,-3.0260439321775228,-0.2720047881001082,-0.2581379893900151,-0.5931603854776908,3.355589731235237,-0.028129506394329873
0.7586024344966601,1.140093288660934,0.37611334808054186,-0.03443302076658683,2.6451674779126284,1.211916841798528,-0.4661927842783645,1.2840815094423288,2.6147492782783397,0.560985269852981,2.379816143940406,0.7224664603793405,0.7250449731843023,-0.297120439971001,1.092139812818946,0.10365766456821834,-1.7727438630570753,-0.6003990321169999,-1.0783064340334767,0.6561740919802921,-0.19094631346007174,2.258953540599918,-0.9773165505973949,1.7060264997379617,-0.24660277272359754,-0.07958824738821901,0.481124010520423,1.7583392503817976,-1.0766393390611284,-1.1204613703240425,-1.650886281489551,1.3901065017802232,0.16503802271303603,-1.3049111014235653,0.4915933018302102,1.1406277823414985,0.32297105455767083,1.3226555119655594,0.9908847134710403,1.9086067828344813,-1.7840064343697954,1.1004568424638659,2.0635464624257147,0.6455070164844618,3.0771887696751943,0.7468141647303564
1.451256939853244,1.350417301320423,0.4064178549424776,-0.13422221993001804,0.079338793097587,1.401782673163353,-1.0392515784529484,-0.2972490054170289,0.9387500065468175,0.6685454264398119,1.1438976576402025,0.0950218025501044,-1.1499091141001136,-1.6667877853318813,-0.38731108046951923,-1.6558725186526968,1.0306384814859544,-0.08869696548546457,-1.5099663088973505,-2.0294654223238617,-1.7804256125785376,2.574384330915631,-0.036874852793179924,-0.6670664255792065,0.8726629905596066,-2.0800914663361914,0.0007798847842097612,2.8171495749920705,-1.855825205855593,-0.599161121831455,-2.1555278423646964,1.2642646535302278,1.1009349262100792,-2.2197638780180236,0.7285693303515537,2.0520968686796532,1.4301500574899575,1.1436208323290318,2.2293161591624506,1.9616235278476295,-0.9772822678999522,2.016503813944331,2.746813967655569,2.095630338111335,3.9404449654635383,3.189678033137834
1.8190923689392602,2.6715195755107226,-0.2332263054391135,3.317961306098958,0.8151729893800259,2.551896624293356,-2.113037608660252,0.09076870974182571,4.46425470413169,-1.4540283318263396,2.2660808842102753,-0.28227076728790723,-0.05366730631237382,-2.2975355661368337,3.14669938588327,-1.9469726522720778,0.10000863848958086,-0.15749610567175276,-0.8070561347829381,-0.7159932235832471,-2.3670127791507154,2.7292385473059624,1.2086451423106286,-0.7081801305235362,0.01245940269301804,-0.7145716329496767,2.668040106906524,2.815339493506492,-1.9297697860776406,-1.5380709931695458,-1.105803282277423,1.3969300313475537,1.3216776060282192,-1.1824187910085602,0.2833551977635018,2.309292353542446,1.5779594513803323,1.4017893477122187,0.984511963049558,2.165005662312242,-3.526958836584569,0.9602733713041953,1.776902056928853,0.9138353928680829,5.050453596935905,1.2526691837971273
-0.3403172178073641,1.2566128271593486,1.2179705625396373,-0.02260361490546181,-0.7248160997031927,1.4821980142673086,-0.5829157348523705,-0.85636638120433,1.0221855893320606,1.1096688946722315,2.1181430079532717,2.710894634335891,-1.8783780322912595,-0.6821531885549288,0.5540133214496195,-0.7565498106306686,0.8919399207886203,-1.2521044398005554,-0.7779698753586608,-1.52550913302821,0.29583857931516744,-0.052580073768648816,2.3811711749805813,1.3520765686507998,0.6469805506882084,-2.4819440708935447,-0.15636462393062023,0.4540695421503125,-1.3740137952410998,-1.254678189042302,-0.6619909695041434,1.2893687155736366,0.7369852213047927,-0.36345756358647696,1.7340088227217296,2.775416133134983,-0.6497030435475882,1.2438080819066344,1.226771745189582,0.6881225805035545,-1.8876198881395958,1.4800151503744918,1.9973696390400653,-0.9464521615626309,0.5538907419119456,-0.12249881377360983
0.413066786277948,1.6120148652763362,-0.29083591754080507,0.7740815477691825,1.606172969157393,1.6795240710689088,-0.9411556796008044,0.603383808284061,2.1644303370810203,-0.3942554267946361,1.1039020989666573,-0.36917598712825805,-0.9953530388418745,-1.2326369069320535,1.4845356864055643,-0.7637602482241239,0.20966450985078722,-1.1350882996966174,-0.7261394820947051,0.02612084918910651,-0.7439496704873361,1.5267097548356117,0.25962195781623065,-0.4297418855003543,-0.8156469256304684,-2.201281504565897,0.8369941614803448,1.9120507532426905,0.05573781850287185,-0.5400162883054656,-0.8063803073111143,3.0272191612802217,-0.11083901307673338,-0.627566287578339,2.1815956489121504,1.1500992452207324,-0.2191954646077635,0.9694526521401112,-0.5976934883363616,3.175108470017335,0.9809332883526813,-0.50961495007563,1.0338100164821586,-0.820101468787042,2.1033349708425617,-0.2541079824075121
0.4151880688200972,2.11821672062283,0.9247385722050352,1.5923743055474961,1.450001712396916,2.175078813957069,-2.5155412063260982,-0.2746547556668417,1.857637498946806,0.5839691562724811,3.139829897817295,1.9632822932166356,0.4315958430786826,-2.5947710852987127,2.758363250042534,-1.4470062908665675,0.9579959867452688,0.25182400491702617,-1.301093985344752,-0.4105077078537194,-1.2384022547156766,1.1785493848282749,-0.49926931525753804,1.173748061129797,0.7498666811852461,0.04964370717712474,2.2730496638745006,1.6495519829245486,-0.18769890402212464,-1.6685126072333838,-0.20447523534457623,2.4958552223058788,-0.9905371572595572,0.06712677417042467,1.9706999950669148,0.6741903011774777,-1.5976538826784914,-0.7201151903427776,-0.6962444156140126,2.5070955111123494,-1.1289986312715214,-0.621800228630313,2.7060658065678145,-1.5599216985823547,4.377679408167634,-0.4376850703622597
2.1768698830377033,2.1620049637663525,1.32536801395057,0.10082552969982617,0.024951289189297288,2.232404321679037,-1.1778587545679073,-0.9031379360659063,-0.7220667001140901,1.5518045220944454,2.2495487338230635,2.219527033064951,-0.9774924552764392,-0.7737618233344533,1.5508065311819723,-1.4409326305991825,-1.344003891386539,-2.4187635619339396,-1.3399193241335334,-2.2804847541739384,-1.7523784206350865,3.495901778642144,0.36330209462943674,1.5397106086411985,1.165643799721562,-1.4037956236275904,1.2666402459259574,2.8755502093369087,-3.3927728578216305,-0.2734365073835767,-2.598396037836239,0.918810836642443,3.2345656982290447,-2.610296554812481,-0.12642186590656168,5.0220070305484015,2.5532863875559175,3.6901130212316122,4.982320810968665,1.5125914847453348,-2.1806660276648224,3.7455540224825743,3.342389147861936,0.9167224800131836,4.693682670362003,1.8786422434545642
0.8266678732044734,2.7635345893179433,0.7415431310166177,1.534694378611074,-1.7485079978610636,2.7065158013443726,-3.329884577186781,-0.99162431578027,1.7097315515191152,-0.10498160937857326,2.036079256304499,1.9392558610163178,-2.7855325894812406,-3.2119819867710397,3.9294441838244847,-1.605024749659399,0.535649108932912,-2.399792518401302,-1.2938941419847172,-1.3525917863914751,-1.5726345120259553,2.1371398210947543,2.3618029059456296,-0.6193514909622067,0.9580571210977209,-3.5773441668006356,3.0686339480189124,2.0732592720901883,-1.4119143599732107,-1.3468571620653338,-1.8994296042969805,3.2889617159639712,0.38025781265034075,-1.0654114788521978,2.3926962575995425,1.4567848965197823,0.04819399679868763,1.2267892318962788,-0.23005185043140286,4.159035055934465,-1.5586024208681823,0.11682895641188928,3.4402687811318335,-0.42752410889660974,5.788842760942961,-0.10595729227346773
1.0910662603497097,0.06692760640919215,3.406436127715833,2.299618530245077,-0.9237193388203725,0.5242403142080838,-0.2529888348729379,-3.96627037134976,2.1509206849665974,2.831575996085813,3.0483357528140327,1.0998418571371014,-1.2022428446365268,0.060718072192949224,0.020057881651843745,-2.458303558450181,3.408021257664752,-3.180952753262355,-2.9718918945991755,-2.8996193355474733,-1.863679525547749,0.517449501594518,4.279480713584336,4.808684406006128,3.284612653123679,-1.3064641813862934,-0.5274613568709456,0.4422644566510954,-2.3595305923405148,1.9277038904973491,-0.43913850375056374,-1.5919145888109376,1.5046996862265019,-0.24824931688203256,-0.6917171701986109,2.534539938788587,1.604483546567184,1.6042049679341583,1.0350333200783806,-1.6203067554264983,-3.647249875520836,0.31250688219767486,2.546043180435622,0.44554858119375407,1.0047282930012398,1.4657292733463592
1.9651453106684764,1.7771817981844356,1.8295683822815536,1.7971250911401881,0.3749162447860847,0.8152838252986865,-2.071239065304908,-2.7227218484938707,1.5162374795250275,1.4867593718510705,1.1403732078200417,-0.1467436400626283,-0.7476267350876376,-2.162196175561707,3.1222125428418286,-3.4739440051643395,2.9621802478159482,-2.201214250998412,-2.786560367056384,-2.549999293862724,-2.3550241632391824,1.8878179229225458,2.7669598660800734,1.3963526292456205,2.4531014353333056,-0.7701821715922637,1.1465573359937462,1.9796460672906995,-2.12206287591287,-1.3848210247554795,-1.5815831592192746,0.2960958641317726,1.7276699864938263,-1.4513553181872654,0.31491979916757684,2.8076692904118596,1.5789105179384784,2.235303331725078,2.0499153737640112,0.5050980247803483,-3.40281040027166,2.0379146612544936,2.2713169466716905,0.13908397228492697,3.039982816712029,0.8561710141841756
1.6811400037584616,2.535745813365549,0.4649491801714344,1.861032689501994,-0.15165613325610955,2.080706488332677,-2.7695813705699357,-1.0833478264310838,2.901349557163501,0.4218129372420328,2.00740244088159,1.993429740406024,-1.7347162344567884,-2.8682798761673114,2.724064236421344,-0.5885706701203699,0.30796012003973217,-0.7704414658307657,0.2980953873546359,-1.5895916458312525,-2.142560137641179,2.4758673402005895,0.4258263443708895,-0.6536957204056628,-0.2809703776731203,-2.7773827983627504,2.225288666827092,2.2780657541766054,-2.2882748556109562,-1.9190475417253092,-1.808027315509345,2.4364969896513706,1.9201499488040605,-1.7855064388258652,1.783194892777914,3.135993102534556,2.6854531430865065,1.5099641962292756,2.0713067139204946,2.3425999393494825,-0.976044862903662,1.8931556292304763,2.3828094296545754,1.4258147401275962,4.800956124507703,2.4087251788199424
0.7030214752380766,2.2574261377051745,1.2337534617642834,1.027863754169197,0.25259548486203237,2.042140176868354,-2.141228283296725,0.4023008352846116,1.62165473149792,0.8376530964878719,2.9808430667081454,0.7708505807529863,-1.1727475696286147,-2.1618387037465543,2.2556000342686335,-1.2951432549337014,-0.47115711243837843,0.4786240384745901,-2.1240717158955342,-0.5001640917995227,-1.338755633660511,1.845880311106289,0.10551423240459035,1.7496132672199591,0.3703297493538503,-1.902158184196387,2.380565266680944,1.7171876040192389,-1.8240584396047392,-2.0725231311811645,-1.74239985795147,4.310150639035225,1.2251278491285247,-2.315446118172706,3.7155260938840833,2.22497230575685,0.18536616949476137,1.7182542356201962,0.751257645314428,3.9991348149735826,-0.9418337361738321,0.4341155869947195,3.359442285144762,1.1483556119234692,3.557741065664982,1.4317274908829478
2.189500648137039,3.030987507090983,2.1595432941313035,4.3347636994485885,0.12937956048306576,3.4257060915995927,-2.2822967525469284,-1.2947030858317135,2.9807997016314047,0.8559575587427981,3.590884509193897,2.23678431808115,-0.596839067305544,-2.472339163101358,2.262829955106123,-2.132142542191276,1.5249070201031558,-0.7429111042265877,-1.854551401356772,-1.3313819886010343,-2.930695499450148,3.0687066455896392,1.1714954648698312,3.5098495565878407,0.7578136934174846,-1.429777122696219,2.3365280389383822,2.636846172499876,-2.5658433882438074,-1.2101005868031935,-1.7684660151766871,1.266712607311192,1.2316314049347339,-1.495024946329285,0.7491083270289752,1.4078705959582232,0.7523797740774181,2.261172901711265,0.4640356907608324,1.1762158055333733,-1.636100666591033,0.38995178917773543,2.546683707988756,0.8692393494966906,3.69054908016597,1.7032715238930707
0.2709146018222439,1.6096220847749483,2.1088635926190595,1.565102316279476,1.4579458031413162,2.095826339641743,-1.1421563215941202,-1.5653846556182904,2.0425653576207243,1.6502872721887112,2.842060874362319,1.503044277180521,0.24218067451264447,-0.907507560327607,1.2392192756133722,-2.364013700967759,1.4048609607591918,-2.085872016084977,-2.134772277018848,-2.7548136449921827,-1.6455112407558823,-0.18085645039088893,2.372040369575539,2.181018827309862,1.4160499202293728,-0.8055772456673489,1.336102007517155,0.559763820505867,1.292714959443044,-0.4911678883116582,-0.7538996262171497,3.4039605423698776,-1.981560861305272,-0.31549887782643604,3.3606755944347153,-0.09938350054491929,-2.4986685988119652,-1.601609277334408,-2.696038946838696,3.2234194103751515,-1.0300015392164554,-1.3719323611366097,2.652344665074732,-3.3544290802985266,3.7637120474897277,-2.7334914804589667
3.17057647352102,2.3705860154441343,1.5481825217604157,2.419370400127902,-0.17361574856597206,2.736170926139472,-1.4987373035477956,-2.3965067780956657,2.9794866995623117,0.07454616874312214,2.35229748121582,0.5862002577590494,-1.4679436226333733,-1.8825898605475229,2.058186959125162,-2.2360342531216224,1.8386015617680527,-2.237583522255024,-2.085366497758087,-2.6587300209254474,-3.28527627151305,4.985413422805944,1.3735506230400798,1.735537201988127,0.897137438792675,-2.083667419868696,0.8352941394288331,4.5988289068826145,-3.300389954179895,-0.11642816110592413,-4.1706422509112455,3.4945679927915316,2.2490753456175794,-4.229918399396052,2.6966609056238564,4.9640884311803415,3.2060187096688386,2.569624127438521,2.565848393098494,3.577914800182872,0.3479434806963675,1.73877092309858,0.9441175788033468,1.9488265030520702,3.836650523278384,2.950312721520146
2.1773741431487896,1.898526714093036,0.5606352009713601,2.394222533920696,-0.07871344691175677,1.5547990617073728,-1.9669800587752033,-1.040104826952274,1.9718732255860159,-0.39733363892960205,3.785181935572755,3.02806139448748,-1.3226852084677745,-2.079674976408344,2.2226235227463196,-2.423044493415083,1.4629676636881361,-0.9372438507500105,-1.77556704593513,-2.066765871682362,-2.0717260952437915,3.4287081013490677,0.9238559176091967,1.157589907230077,0.23335462413815622,-1.8921483289692265,1.896939033265054,2.9977872129591394,-3.6418499637563624,-2.2145434285437746,-1.8310565185831016,4.831358907389166,2.2426708742046575,-1.7435429839430931,3.9839391164645246,3.692095966463043,2.3203192878283105,2.4443000494686067,2.333414608213282,4.821649689763644,-1.0052315719803893,1.8439575812499558,1.8286466798458774,2.455649263896012,3.52560186169975,3.3289011716304717
0.27849125094804583,2.3073472644940534,0.3832405268459237,1.0283698919690212,1.2561602906601594,2.0670147323972405,-0.9771106584295632,-1.264718763174359,2.0752539205847014,0.23248179415982406,1.3778354898565761,-0.5373124029901255,-0.3613774371735222,-0.34189327503588207,1.9886858538903767,-2.019691688695468,0.8807492235798899,-1.8787831618903792,-2.2304561729588146,-2.2630971781551907,-1.3443104530031755,0.5234623266508784,0.4942095229054354,-0.275793215575298,0.7438962231830524,-1.4164173503358826,0.7734372845127894,0.9165542639715178,-0.2327748840570707,-0.11658200776770877,-0.4326090362824917,0.5927116123307018,-0.18410214156338456,-0.22457936855250082,0.0765551337963456,0.7668270040304679,-0.5927798892988737,-0.41388128767500043,-1.2075873938283286,1.3968045442403838,-0.01078918198169121,-0.5078774999869919,0.0034417757896720858,-1.1807124212148998,5.132256679309096,-0.23102717643589243
1.5132716243708573,-0.28627855993224927,0.8428041083048032,1.9254975579696765,-1.2341755435740716,1.033736917430955,0.3760740621445109,-2.6091490554150822,1.591963158201691,0.4601406047580663,2.2966339530974924,3.0656446099417773,-1.7384742885043947,0.09740964520679585,-0.5562373538536349,-1.4759249626271256,1.3889145998268424,-2.863791278274946,-3.222763182052292,-2.963032368889733,-2.018578617049683,1.7785553436111872,2.3310144295988455,-0.15808142549830784,1.1840684409182451,-2.772276590046075,-0.2681069448746771,1.1848388151492042,-2.225388780337528,0.7732050461838771,-1.75052992212402,1.1167040662935404,1.79919256842823,-2.117767012983506,1.009599037706145,2.466946627196557,2.643386541303836,1.7313459122023,2.182659931906543,0.9605900548290544,-1.4688259675621829,2.038200485179746,1.6499350878614105,2.2511845266295722,0.2908237051321585,2.798676970339472
2.762072320591666,2.37785920244125,0.7711171189510935,3.023786684782306,-0.4180566495181832,1.8580347990977073,-1.350677524681949,-0.7202533273175207,2.279199488158009,-0.12852481913153102,3.3990664193529483,3.397783520201925,-1.1104184831516328,-1.460306070744308,2.194456438609296,-1.924162995908509,0.15260303918153406,-1.1740517351239974,-1.3748190399523115,-1.8860833324809203,-2.5873358994412037,5.2145027342271355,0.8208897421811594,-0.3857689158665125,0.2987000709192621,-1.619235134959828,1.1392709811635255,4.529442158594029,-5.089400618037136,-0.4095348189404344,-2.7356547800037547,2.1251017926876496,4.151667125802295,-2.854887887155639,0.695209757935819,4.693054343213667,3.706067782953932,4.220011366924773,5.248031694072445,2.1315733275552255,-2.1121697719674466,4.329404488351157,0.80353144934812,4.159536928905403,4.271158772277446,4.099160120794533
3.4188958031635,0.9586030921424944,1.6164914638655414,3.816854270445271,0.11729647513266078,1.1092111569678265,-1.5901006250400693,-1.5323740933744752,4.1301987771302775,0.13894748804227464,4.590537305665826,1.940502383115917,-0.7302215349689616,-1.0998870303876571,1.5392504416969073,-2.1191069289903406,1.4443202051617408,-1.273385710974962,-2.6830913310478586,-1.97918975175313,-3.909535277126163,6.383013136594917,2.460334936883891,1.7873168922092153,1.1397975811043575,-0.9883678556967497,1.3091377210368043,5.814497058098124,-6.220198874592778,-0.8274127818482092,-3.766041386960703,1.558373905308602,5.364910152461752,-3.8099086482257745,0.6678832681796105,6.7347438765245595,5.688929774009336,5.242403188702455,5.8244003962523125,2.2064482140145136,-1.8963636865065205,4.731510938366807,1.281971258620019,4.807985727835585,1.1520759416099415,4.807591796669411
0.40737104671980906,2.2615174660032893,0.8884595355032353,0.3477745975598261,0.40960411054399076,2.182519336333755,-1.354096348295503,-0.8408130117348092,-0.025541753675920376,0.945784691339822,0.4896353234880977,1.9466486220635373,-0.18701950670166856,-1.310879293160057,2.0195639295329073,-1.0962637390552592,1.092696199314947,-1.6913823304711273,-1.3912203141743913,-1.4217103875702541,-0.8514640581620042,0.9898509835387612,1.0169878814066273,1.2912207054163996,1.6185161542055408,-0.7664468170493501,0.6237342106357112,1.0486704961020163,-0.18190161292006546,0.2737064186623068,-0.7344216572812615,1.3801939490156272,-0.18469849568243113,-0.7931278317948763,0.802866926901267,0.7483746915578642,-1.0785243601299306,0.6759137895751627,-0.6878442470795059,1.737658426662066,-1.9707774728764393,-0.37683345651188427,2.57779957487068,-0.5969917874739874,2.8496555345466437,0.5050358561427675
1.0921258815800163,0.05565828386011229,1.6493323029225215,1.1177385571745566,-0.5448194605874694,1.2741247730056606,0.06077172835206501,-2.7330706100662217,0.9945041680295754,1.6782685294518187,2.393765880106403,-0.504244058470168,-2.8405075695493895,0.219612044618666,-0.00664095071575721,-2.7785578782990354,2.3665167009069394,-2.1265980890937506,-1.3410743051546943,-3.2591548316062298,-1.3486058697643402,0.9627068607889235,2.7463478459053716,2.084574770744465,2.3644068367244793,-4.614229370582829,-0.4523358188798021,1.2301263762579948,-2.215338887658084,1.0184890847346764,-0.21121271624960736,1.3061709919327447,1.6487700371806802,-0.5798349230531334,1.6661124055675396,2.1503670832591113,1.1071115457574885,1.9075325767348,1.393108445432853,0.4070367651967379,-0.19676329856756247,1.318208970197826,-0.23889689203288067,0.8838746320182571,0.12091240545277682,1.519629462046254
0.9978047691711442,1.4562606807868914,1.8136475938950467,2.6955750063090487,0.5970045721410258,1.8861504877310213,0.1482567562382704,-1.2912878618962986,2.315748714579905,0.2196881672641836,2.291141822556552,-0.11145660941348212,-0.6048890527420613,0.13360738332789945,0.7008706558991358,-1.8720363943978675,0.8499834914539031,-0.37297976193866567,-1.3833010199465037,-1.0939789285207955,-1.6769698619420725,2.068405987967755,1.209815184613746,1.8440062186415596,0.8408436240639308,-0.821460214933143,-0.3157659541594604,2.040893970908501,-1.2652558634672055,-0.25851393289269275,-2.713285043506176,2.0320466595581497,1.461780498734074,-3.2064303862075603,1.6739258666202708,2.391655628086304,1.7595822899970386,1.9637515159249406,1.5637077458947548,2.1763641351287304,-0.5707799323807226,1.0202623743284238,1.82421078291103,1.612251050400502,1.8010466911549454,2.577485079786613
1.317978413097713,2.3412758863475527,-0.046727701323001636,1.060793993946123,0.27116308814133466,2.2280406523199017,-1.6091021138467467,-1.0075904447597401,0.8720950011058923,-0.33507570427597355,1.9418306698328307,0.4003318129550717,-1.4003552230812089,-1.9877406446639003,2.130255978870867,-2.976592097707705,0.0364489334098661,-1.1190620312138462,-1.0965671869751632,-0.6084620118046266,-1.3351269887731314,2.2821557794777236,0.4012780686539794,-0.5874353967582266,0.9080228413897038,-2.2749783876468124,1.0718833369694913,2.1243192367048116,-2.940841240725698,-0.6045560685538038,-0.8791360859193266,-0.1477008235260837,2.603556423674023,-0.4412343175979998,-1.1088000009600212,3.8042816886313293,2.2504388993822144,1.9262186996480872,2.264307952894592,0.8272590506687834,-2.8172170627198616,2.117556294392192,0.36838365269171613,2.363040147878268,3.755198084028054,2.9459751873517477
1.1242934226031183,0.4232009166179458,1.011020959583032,3.1164448276031056,0.6278893938548136,0.5576552686759619,-0.014568021930158936,-1.9523928862856543,3.842766421655128,-1.0638363045829513,4.256359442735093,-0.1595292507527637,-0.034833732745767065,0.17599391698191869,0.2122606710844932,-0.8488274393632816,1.1770595759432072,-1.759365402619478,0.3372115693841953,-3.1198759392299067,-2.104399652533561,2.1093412146176513,1.8061247999916539,0.8628236409862815,0.44113001553064335,-0.711129191978721,0.005886023425027087,2.0368884095153184,-1.9385672592757819,0.3404582150850597,-0.9650183122526008,-0.8064868436327,1.7074810961106883,-1.300321494243987,-1.3654193274176352,2.184376508252667,2.3282251532070863,1.5482487839234538,0.7236149577960262,-0.4181836170870763,-3.1973399007763197,1.1413987116759896,2.5574677757305118,2.0851088177492585,2.1914901715871093,2.248901181872791
2.2242066068961868,1.2432395586222522,1.397143855903244,2.8335881409425285,-0.18613375409680588,1.6944948481156181,-0.42498868280830826,-1.9364307171444153,1.7370075178177273,-0.1902277149151339,2.3854197376902513,1.2013511014489264,0.012371886369781038,-0.6849762768918063,1.716371353044222,-1.438608059971447,-0.24545038437807132,-1.5015140330552634,-2.7620355154092504,-1.3677795414050746,-2.667684879762704,3.546740878431935,1.5720363304997984,1.7084858006520203,1.1601138977561876,-0.07262027726841769,-0.32649937560764464,3.7967736158117393,-2.6039704708754576,0.2836723015335523,-0.7512799422989088,1.7884271969711052,1.8906346548454087,-1.0450464815580878,1.5150014791007347,2.7622317166039356,3.1156578036551132,1.613770055247178,1.1619625609445776,2.855813613930628,-0.997414070845576,1.008776436663901,1.3608291690207546,3.0113730403982846,3.5766718178260577,2.97666161211854
0.9028186739600571,2.6180785442577386,1.1163627672949101,0.6627928638613153,-1.6431000332815806,2.5685617128846,-1.845083892719697,-1.9501696734035292,1.644972451424442,0.7932168839444225,0.8065466128380367,0.22042450017518922,-2.270057755172699,-1.9285056294293434,2.467600873320196,-3.118805597464808,2.838411962541386,-1.075175397819659,-3.3946320217254016,-2.552776481064181,-1.5493176713041743,1.180865431081288,0.9136726672500806,0.4617255049147859,0.8339616221638796,-2.5077702599099654,1.840156742636864,1.7809860137515627,-1.1094402140106965,-0.6745066341783625,-0.15842198104833471,0.8350387411334993,0.2370660047534613,0.015038485433821469,0.09757163379691147,0.9137616575593501,0.15824112278194824,0.6293609274727656,-0.14151231372976514,0.9758426870652193,-1.3585393546994073,0.22249980515264156,2.144098056948787,-0.5743749026383114,5.513710219107372,0.2471803177353289
1.654360812884108,2.5458107840634625,1.0525727813784531,4.033194553727718,1.1046642911480953,2.307637463241945,-2.1956603429918573,-0.16976695532451025,3.8126329527359655,-0.6186684201154518,4.3828935874854515,1.8343801434210008,-0.6406425404990967,-2.158195844014597,2.2934683642543137,-1.5372182111906194,1.1496981324537816,-0.4470020214749284,-2.670688045441847,-0.3118086917308702,-2.215736995934016,3.4182769219939493,1.5767082821731362,0.7463711924333797,0.29173321028889077,-1.789788913459912,2.18452687032911,3.046821607489453,-3.1735290075220757,-1.1640185716714475,-2.8709140162872857,3.9624468339281114,2.153442413501172,-2.6264307787547327,3.494786557793492,3.074512018427483,2.6725135330034475,2.7794369630708293,0.7892385826858765,3.8209924452493125,0.05379528212232998,0.9218172443755103,1.7412535903877902,2.6476894566293305,3.7236316714342204,2.94838552420659
2.383579751809881,2.8559418846058153,2.036547779394927,0.5495806710550284,0.522350124547276,2.632816138227528,-2.822690109694334,-3.2757211081309316,1.762063014105866,2.161922667568274,0.669665941748512,0.46285361143438064,-0.9431097778448817,-2.7691368539318377,4.236983081214414,-2.4338879917883984,4.328753630080165,-2.2826906787425036,-1.0243872439782469,-3.115925929118943,-2.8643662371759913,3.0947703457548497,2.918806038086583,3.3474525596099998,1.4276140148215906,-1.8814383344092604,2.406011315494764,2.860323725609364,-2.354662035521045,-1.2416599638745307,-2.4962617058603205,1.3727912910398596,1.1952615464470115,-2.150634493001051,0.7074179339116106,1.8706122802242624,1.5351262694857346,1.8483299296234563,1.421716429333001,0.9878308095032357,-0.499253313008611,1.0368980930298963,3.0779401472001773,1.7250349750728966,4.517306886470717,2.08546477957152
1.7741684964313227,1.7128185807704197,0.20425070062473205,3.8262696599822856,0.8899542583179035,1.2403344070603004,-1.112341320802777,-0.08817830186976638,3.3703664703576877,-0.8951958995895806,4.323108010203811,1.6136262617341974,-0.790696873290953,-2.1639370784931935,1.3662682911704058,-1.163519524472581,-0.4018390042873432,0.5952124895828637,-1.8808024419813072,-1.0858448769951947,-2.886635564916106,3.5950263574514496,-0.05542458547868212,-0.3017398959278099,-0.9761037250159428,-1.1375409545170574,0.7217150342903013,3.045222504657016,-2.6487842713587737,-0.3919711841829524,-2.549374692409973,-0.5236671706814111,1.9834202655978017,-2.1142583377082906,-1.608283345993425,2.575841611532079,1.4293049376474884,2.188453185592559,1.8303582748369682,-0.38218882011690947,-3.460077104197631,1.3319532016123787,1.3659975021395259,1.0227072231736787,1.43656454510612,1.9842712196642482
2.0962740874917243,1.4872955422962553,1.9599080109749785,2.6580578075664363,-1.3241470165302647,0.9220161623624796,-1.528015355380565,-2.3542557900015586,2.5417885135849523,1.2884512835605824,3.7771069294709276,1.3322993483227135,-3.5852744553667053,-1.4507956948792404,0.9926541056747452,-1.3182022611033744,2.631380391189043,-2.3993975310918785,-2.3406255230286583,-2.1364108399490642,-2.901197683186255,3.3589498645225087,1.663801891458249,2.170867649940396,2.0244522943900884,-4.7826739755926395,0.747944487147655,2.920274780002747,-1.6078103270235835,-0.9521599471195797,-2.3251429046429557,-0.22411764924433442,0.29237181378239685,-2.943932035547271,-0.8818822990754354,1.1189532452328756,0.15157100786103284,1.4184879653185185,-1.0342123909513965,0.07001854299277865,-1.9657394124766896,-0.9711073466692717,0.6073443593387402,-0.47026197596354846,1.9459003972929354,0.2850391041992386
1.6422400744129375,0.8094295025428575,1.9508708196293743,2.1844761198326035,0.5772724513065919,0.3180432295012765,-0.4629944776168281,-2.0494685683056884,0.6028412142754374,1.5594606577576284,2.726438858337912,1.1526221244660981,-1.0586875796176811,-0.3502184141854763,-0.2327282357718845,-2.4468952729476596,1.3241835583686443,-2.109771445290403,-2.206357518632741,-3.273553949787795,-2.7846920740931207,2.2963433782412617,1.66185863758222,3.2168945081589717,1.0680006822981816,-1.8580683137599154,-0.3494891821770407,2.342029882275205,-1.8206036646578692,0.8549619460525335,-1.3014993901978347,-0.3359326933078237,1.6377176005407437,-1.7914823280949073,-0.26058705778974267,2.9040147903645988,0.7406872944484725,2.0896976085603587,1.7372265769506765,0.620824112669534,-3.0977665889643395,1.467876174316774,0.7157545643124579,0.42898296237114364,2.3235378921579604,1.6873307441349672
2.201744542846205,0.026199093869749834,0.38055477630136036,3.023309271115277,-2.8010489289084832,0.9922479099812276,-0.8599313378550938,-0.650085738707552,2.644389481469975,-0.7655849779397359,4.000951876511426,1.328478528599966,-3.548414179667802,-0.7392812718470408,1.337788253882779,-2.367655893654935,1.0447184424494427,-1.0323456357204532,-3.173753783724737,-0.9412424229248839,-2.1815752151619954,4.119929525935674,-0.4790288157147773,-0.9038989266957251,-0.4770242155327553,-4.106235403945496,0.2965004908494826,3.9376138436530264,-3.239337634100491,0.0744023468021402,-3.5952675145971886,2.436264722528646,2.4227297387686058,-3.7283826667172764,1.5828923920496227,4.173915550504751,2.576031670753564,2.592516980140097,2.5464311411189273,2.2049326865624828,-1.0218849384073858,1.827736794726453,-0.03272744462481825,1.341497535862566,-0.8435290936644977,1.7743978610554136
0.9996094760804742,1.3997232197637732,0.6866005839354645,-0.6198024915432607,0.5480150008507166,2.0310110576347427,-0.30169279365099677,-1.5684156846263644,0.1394221549991408,1.3721670059096283,1.5854225516384455,3.862211701018726,-1.2504320602465633,-0.5373502786029464,-0.8740791964491665,-1.3512279669662435,0.6397175549028358,-1.235744682672841,-0.706949009240999,-1.9216454070483249,-1.3116063305844305,1.1426089839699287,0.3220482948597305,2.141145906209227,0.5095970595247937,-2.2075218358722246,0.5006471894187771,0.5696989447408991,-0.4136337401582968,0.018216412302578977,-1.622594000588588,2.4375558801045347,1.0273677318454648,-1.119960193556458,2.0575582206720373,0.8869481714561356,0.8591468905286559,1.4929625286881791,2.0103266712564136,3.0485851546937512,-0.800062781512167,1.1380763521106165,2.6992903987107995,1.6826193028654353,3.34726600217752,3.0244129692266415
1.5720432937124489,2.455080411223237,1.5753447275160857,-0.18980402846916333,-0.1339299546374022,2.2186154790742525,-1.6967436313077302,-1.8830482063248795,0.828980086258742,1.7488005837032716,1.262597494129345,1.942631186639297,-1.2994090275062233,-2.1874746668280682,2.239019280468617,-3.2274987068669443,1.4811254037644317,-0.9995324505890574,-1.685159634036072,-1.7206432945287102,-1.7164198005227453,2.4460659161324405,1.381802141206907,2.727774365298192,1.677216453551436,-1.8789519580107565,1.919254623440923,2.186197007316237,-3.2257197169557563,-2.148571850605204,-1.5288827050306752,1.4998925138576462,1.8051906174866372,-1.461490503284256,0.8540339390876474,3.0892665034132842,1.363336572984385,1.0948650600976997,2.4853103859817613,1.3115285315531853,-0.968360881714501,2.2823724634151175,2.6651637128638277,1.1412826392634154,2.512050676882715,1.6799948238259494
-0.01763847142056596,-0.39104502675070085,0.8796666014944745,-0.48094444355598975,0.7949335837495436,-0.06178045801104837,0.08065453739484507,-1.903135842451643,0.8243426165460528,1.4773927687545605,0.9550182210256946,2.4451742422060354,-0.4738167270794569,-0.6469506907021397,-1.0242991119413272,-1.937517009061574,0.8906730645552172,-1.7133598449894036,-2.4045784647717356,-3.675284421367996,-0.2850652382568213,-0.6086476975425361,1.2192967481025236,1.4860649493602058,1.4365409650239516,-1.0994929403138163,-0.11883472592066169,-0.15668976159485593,0.6393078097156606,0.16179059617810032,0.18892673150115225,1.15056131658412,-0.7102658794970207,0.597730075906417,1.032717922560954,0.3098113534967952,-1.698336817097696,0.7197465273550921,-1.1504600751487872,0.8479157320965803,-3.104685826180579,-0.1261822798876604,0.06628512436412937,-2.0998357250845596,1.7324863579327285,-1.2760722584068027
0.31988739724213766,1.521199451452322,0.19640785348670464,1.1463530604046857,1.9378383132144705,2.1224583841718068,-0.6287719221515016,0.445331753982142,1.4769392174956755,-0.17243859291770725,2.290788163365505,1.7950294503921094,0.08991764703593419,-1.3252485649288832,0.4766368185902836,-0.3654777591688154,-0.41312157260874605,-0.28316405532528255,-1.4935973294263691,-1.686760186159903,-0.3821407797945713,2.048029464883352,-0.5279044961142509,0.10495129918972346,-0.23628390666208432,-0.9511824229789102,0.7826289976411815,2.529086436327893,-2.154523361870884,0.09296636529624869,-1.5256829034360184,2.411388933113626,1.9806225869162857,-1.1434674565449727,1.2376986267954349,3.801921773200935,1.9311208558221165,1.8507822984063984,3.6156846654442214,3.0818546866720298,-1.7022030098351928,2.1509555594539895,1.5682982719607355,1.2139446257229147,4.356495888469661,1.0935012167869933
1.1901785316890094,3.5595348722671396,1.9845305061838472,1.8043438423549545,0.8141605493229753,3.83946533445795,-3.6034029982008753,-2.592361889459153,2.261872813894644,1.3506183165396268,3.3119034285000017,0.38248132311299465,-0.21335579512360214,-3.5857801795297313,3.4626272424937685,-2.269625375128461,2.1588644910828956,-2.1888363840725154,-3.5781989589962473,-2.306547190870905,-1.9787589669954315,1.8463050430597034,2.348658696610654,1.9986764565216788,1.016968692037155,-0.302849334441188,3.1907123782626985,1.7157469954005333,-2.275169209894153,-2.0206455927688864,-2.4842678786751984,-1.6993652665069618,0.7799161080969174,-2.40133432438396,-1.890750925531518,1.3544170021509192,0.9770668790447647,0.7530153102676824,0.43138663729846305,-2.4395488712835647,-2.9369384776677694,0.44834375295250684,0.8459722374492078,1.5992105361671045,5.5861253791956615,2.423722415302533
0.9957084267212604,0.44156256707913677,2.3167778426283188,0.7259786754130082,-3.1934022995671953,0.881162855296459,-0.5686753279086938,-1.9756018376884228,0.8246582112257965,2.445963845462568,2.9957386453877644,1.1582488159804987,-3.2565076764071086,-0.19907188925080788,0.3018200237997948,-2.4541442004380176,2.2479705979772624,-2.267093070777947,-0.5780518414093544,-1.886764879335703,-1.2413487674182615,1.5708454452994114,1.7790708827483543,3.2840389000538233,2.052150636248945,-3.7513488103629005,0.6831735757711717,2.288530028225331,-1.7848009661572637,0.6794468829456304,-1.735885370892061,1.2128598640088208,1.632095202304924,-1.453449416963942,1.6791318858850568,3.0647793878308414,0.9895078039428088,1.8706688655281072,1.0727067455126942,1.4495760240315663,-1.5887286057462795,1.558551267188196,2.161559932833461,0.37967686315229815,1.4167930367088601,1.3609133926058627
2.376853388942802,1.8338607310555544,0.3062787870496071,1.6470566309086672,0.7042991225435277,0.5082074380531629,-2.410985871999129,-1.3923543338249895,2.8664371252039995,-0.4377806104542208,3.1363524154086844,2.0864342175670396,-0.6012174211176431,-2.448205854486675,2.229972989719933,-2.680520298135647,0.9782831853364932,-1.8418636003871318,-2.1671330145432397,-0.7148122350001334,-2.1010184021756966,4.290125362672871,2.7316601266075837,0.7048026692536039,-0.08374675162697853,-0.9500024607584631,1.9771561398444826,4.019326987245145,-2.915010037473186,-1.0286156213645097,-3.600226009011765,4.072669733461281,2.0104071157458376,-3.597761856885973,2.8673335057353935,2.587250171806035,2.2176190349567575,1.469194941279254,2.066277512336173,4.195386328889867,-1.9725075739229432,1.299050522804758,1.6709094501327502,1.4175808891968413,1.7553507117840077,2.2376925176768445
1.3813787646164746,0.7121111141883916,0.7064982024626365,3.0232719448560283,-2.06459187714411,0.5316377867375157,-0.953883697367695,-2.4278803909427804,2.2513155565517713,-0.5543122860740326,2.5794113771080283,0.4513451564831079,-4.048307146683554,-0.3170226218732053,0.994959524500133,-2.942897198108821,2.2225273116893347,-1.332021342259152,-0.614981904456213,-1.6777954342632853,-2.022588151436794,2.012458542887164,1.399248741897861,-0.54223193932822,1.6880714476000738,-4.9759093422412715,0.9995783676760919,1.8472522860063925,-2.7427092773511035,-1.152746003262875,-1.2099520822717291,-3.2707917609742108,1.8293599191950163,-1.547494937614697,-3.9090689178204068,3.440278409321399,1.2506463469615905,2.066758317054741,1.4350524298361105,-2.318219542688073,-4.596784275552461,1.2191311065086776,1.3302853567769142,0.28424611624003004,0.26443492873195806,0.6082696081390075
-0.6501080463704865,2.6307998413674194,2.368769872735582,-0.8749906218001962,-1.7027539091594548,2.2940423574711053,-2.2445276454516288,-2.3676308073263055,1.632503444608516,3.3949119172976925,0.8080281775517941,3.150438161290758,-3.6533854178730505,-2.585837603379623,1.5156236148103508,-1.2220637457359929,2.059217725644341,-2.3130961381543287,-1.452559436914263,-2.3681331942563033,0.12035956177408313,-2.4030582359047368,2.20506366587192,3.812229389060894,2.6165437194631584,-5.095705376199238,2.7952820457922494,-1.5342310533952606,1.3997001250500831,-1.7662946114606926,0.990092369908363,-1.1382643925466394,-2.756709692156005,1.3530650866013443,-0.26366662206682,-1.5383688477142652,-3.5460952573357716,-1.1348604689519568,-2.8294758743574793,-0.4756847683668648,-2.3443756785501586,-2.60313370848867,5.105150890897645,-3.238093674672897,4.591500536525785,-2.510020712711067
1.7030535158755822,2.2798738265338843,0.7532915764778371,3.0012407475065555,0.985239607083305,2.487662506704134,-1.7915565781997569,-2.212480932172168,4.1666696649150055,-0.7515170306367438,2.5227859784918096,4.048489632436837,-0.16431821263147495,-1.56619704768999,2.446717760581124,-3.009557658954556,1.835197892238047,-2.4694409219259494,-1.7460571316119937,-1.9690548266449857,-2.897336069982413,1.6657331618135538,2.0050778927904354,-0.5557971615836881,0.4189283502079072,-0.4761775079455013,2.2201609147857377,2.030926201092282,-2.1958018710820495,-0.8715629786436472,-1.0792269324792125,1.9525179593565034,1.1565662149364482,-1.1654879867421564,1.480547677181493,2.4079872542642375,1.2485429255191363,1.54877574090039,0.8829315447509056,3.1565533990209635,-1.1475159549647902,1.2212670959425318,0.861837128500063,-0.6278464996360482,4.156210040352924,0.04963780031285636
0.8849763295176855,2.6346162999026164,1.007501007031732,-0.19880491830096547,-1.9858190917293346,2.2755487360144837,-2.466637812046047,-0.28172371129812057,0.7945658764915273,1.7752187507188943,3.5625774052553623,3.000379122211589,-2.513270595828722,-2.61411586554902,3.9300676305379874,-0.26442121368972304,0.48552641696686105,-0.1598574165347617,-1.845517574074016,-0.5097945835024906,-0.6346223005781733,0.3490178519977678,0.6335837395250494,1.378635600616842,1.5713690669346445,-3.4146251959333513,2.6001034765653146,0.4465368800873655,-0.6282291870102801,-1.9432729201593635,-0.28809030573216066,2.7084468426610906,-0.46173107825033655,-0.2700662955117421,2.556601916936641,0.3007153820079891,0.11273903741004687,0.6689310279231788,0.31651164553146793,2.9066713356616978,-0.9258817679971784,-0.27656757365712914,2.7746835161313377,0.1687745003348189,3.8314201275454742,1.0556257272971674
2.1597384356628493,1.0696582918502355,1.7117970133786906,4.128933805840042,-0.4352724792985755,0.9841392241966181,-1.0019049376965916,-1.870131461109863,2.8818585334057922,0.03844886697059924,4.107706500360821,1.8758445924816223,-1.575238656701119,-0.6782376945486679,1.3872307294073338,-1.9646494055439834,1.3673367676874537,-2.0497622962734154,-1.7548921634414503,-2.10525929228287,-2.821971258414102,3.9376180184680596,2.022828080606353,2.285932661778614,1.5907707169700875,-2.5049157127655395,0.9356188920261084,3.273690249065553,-3.6079516052776808,-0.38187457098097566,-3.2314937227927727,2.9126041382555945,3.1535873147318743,-3.247376667709878,2.619424722670017,3.5892030442608016,2.70383169644823,3.180929761530292,2.2157522131202487,2.8043157212437784,-0.7377731325356648,1.4678557722222145,0.5396669195441233,2.4897422537897835,3.34431167329142,2.650577361685852
0.9034358660034809,3.3094857184361937,2.57190928507138,2.363974364074523,1.0085315867174593,2.929714246167387,-2.360399177768831,-2.95145969771075,3.085910357901957,1.9162607623640036,2.3317511792416643,1.4723786756075683,-0.4043248816154411,-2.1363366612467716,3.155175589954249,-2.718021615168657,2.5438183658026117,-1.535449589623373,-2.308365161458571,-2.7362614278728636,-2.5666253800611587,-0.4406546725184004,2.4569789909771096,3.1771193003339375,2.958474726935976,-1.334398587376957,1.7239573224113756,-0.24341934210737182,-0.38132141427734134,-1.5797832993936596,-1.010130635068101,0.05190850185987528,-0.5311808433886229,-0.6399900037553414,-0.2824926366899274,1.094539798959341,-0.5552043495835556,0.403671717913882,-1.00444503994751,-0.2660850273036217,-1.4163607771959497,-0.7451336212944437,1.9980960746488636,-0.20934397157511309,3.260454378696102,0.11300108399099029
1.547734163702644,3.6638346856107256,1.4905534441945492,3.3765692503684925,1.5667654481727484,2.9359938338512803,-2.2507150519203196,-1.537870352174532,3.694166005115539,0.9468612116116131,1.2634628102487457,1.0878975655163052,1.047259190158142,-2.9442435547824735,3.3093792274777334,-2.6279806017024208,1.6433409832424088,-2.503533523495699,-2.232552836780544,-2.483718356801414,-2.1185966521723074,3.2402348381883175,-0.76346592479862,1.7944438892970178,1.5623890542725172,0.7961572125560008,2.2111975269548516,2.7899419147087268,-2.015264949424181,-1.627427808399887,-2.169815972750822,2.3737353998592052,1.3715866265491026,-2.5191780124653937,1.5349996496281322,2.758003284552971,1.2537904001139375,1.9930162197047927,0.6820490867839107,2.847747923419786,-1.3258137660827687,0.7656072852280366,4.309042142615677,0.685856983588998,6.549196847908846,1.4104256159080055
0.12306555371403394,2.4264881203804434,0.9798883821618319,-2.313080431417719,0.719482868997688,2.053516810558603,-2.2446770491701016,-1.790938978478095,-0.9982202180617885,2.10966371539214,0.06545353406883248,2.118424776117167,-0.8558620485808036,-2.8335689888947426,1.805662906253384,-2.2482141453085607,2.516612101356235,-1.7327285434323394,-2.213933230470534,-0.7856510503441686,-0.25889032369362464,-1.140008566990491,1.1651234572062612,1.543935689718789,2.1673896123707967,-1.7308549287315576,2.2627965777399504,-0.44540191885613,-0.05184147480211321,0.13236087942501884,0.3079089614059398,0.8606603936751429,-0.8235046306148757,0.4577117083647344,0.4303671107649859,-0.2451384558329215,-1.6579731911119264,-0.32405115515231775,0.32464178887139794,1.8798211581943678,-0.6076172420148571,0.25767603369508274,1.2690892318813747,-1.7130447690621162,4.168456401917296,-1.4328663497503031
-0.76488078094034,1.063402887390175,1.3528176607666011,-1.1575153619582328,-0.2639891715436023,1.5478776025106542,-0.8656351613586262,-1.9858795833455125,-0.3758857781220897,2.0984086517723526,-1.3311195456967102,1.2934865568907838,-2.721364282155357,-1.502852362956764,0.6131404485246938,-2.8218136081397622,1.731947810577331,-1.6086113237982014,-3.359295192190173,-2.3704790777355322,-0.1858067042655116,-1.9327812135293172,2.617162504141596,3.107534875584621,2.099829757020478,-4.1715751827686445,0.9884657864068318,-0.7599134020797196,0.8763109916597183,0.7637523721311275,1.240792697018794,1.491388360090742,-1.6399708602838916,1.5755433081457273,1.8694597126341685,-0.5317417315801065,-1.2668470268503706,-1.4725739681730856,-1.3895226627950084,1.521308202460582,-1.0443423575145392,-1.3698924266257393,2.984565845009387,-1.8358337807004546,2.401551668988546,-1.03570078917165
1.115500373163711,3.3288868663541678,2.368807321558986,2.924602183475324,1.2074505787336847,2.8423210651631576,-1.4744144602940275,-2.0262497049329777,3.476935048773396,1.6906827524013197,3.800014530065809,-0.2423270952444787,0.12633296503804647,-1.4633168447383742,2.0507937223012203,-3.6460003076070513,2.02896686008788,-2.069465170089407,-1.7008828576277972,-1.5156008129725018,-2.080500794066828,0.535558902018946,0.3404968385549,2.9893344079924145,0.8681694108146115,-0.1856469433924588,0.9616823352847796,0.39819437266726365,0.27070754464493585,-0.33634301038705794,-0.9048571715747343,1.3922937273273457,-0.8307246425139889,-0.6410900044360449,1.2568242233615292,-0.5016189171974497,-1.2038520073700099,0.13362925888377086,-1.8085103973215138,1.4214015040821095,-0.5780997173500946,-1.0771137574763485,1.7100307692020478,-1.5510917207489863,4.640199686349485,-0.6321689942386657
1.4523579478415132,3.76663415202435,2.9820734124499015,2.4688372644542054,-1.5442786944917057,2.8958933022237376,-2.6006018370983686,-2.8800843629467137,3.217498887288732,2.6956071791177214,3.7466903803624367,-0.06229982913389476,-2.7235129815964116,-2.9328865812130935,3.161212667452487,-3.170543276323688,3.0327421818470235,-2.5533183856233577,-2.217570697157191,-2.3872417299732565,-2.2589847693482032,0.5241737682165959,2.574144143412561,4.820535861915876,2.445172450897744,-3.642028915289208,2.684411162786331,1.079932073002807,-0.3009495814567791,-2.410573755437145,0.9904384169527833,1.9482960152097446,-0.7063351318826951,1.4517429922939225,2.0132754673249726,1.2076724825638574,-0.6893939716387422,-0.05841958417221238,-1.3934393072722313,2.380999790152594,-1.0919828066349304,-0.6118042620321609,2.4589701225300065,-1.3585820589471975,6.650335505597077,-0.414264536821348
0.7635949960214149,0.06767004636576401,0.731109283302123,1.3585132496360948,-3.2140798168291473,0.07186135828846951,0.7939164293286511,0.16820826536016376,2.2670362508703104,0.526922366276902,3.4781181261523484,0.5952453949572768,-4.513883133872341,1.002779196898971,-0.6182802798444629,-1.0220467017976302,0.1690967497612188,-0.28246214174432915,-1.2169474232104567,-0.6025862487169177,-1.2535065884523648,1.5505650918146747,-0.7485801923729456,1.3519786725129483,0.3592513797829535,-5.990028493513574,-0.551003504701375,1.0724023939054397,-0.9392280441404224,1.1879554161968044,-1.824075123868783,1.739026799664799,1.1503509264273342,-1.9294740830961583,1.8871954120924617,2.0359503532122445,0.5223763265515105,1.4413459716724057,1.2747617584048503,2.366014434213904,0.5882770875751879,0.6358180482627125,1.7830389061710739,0.09616669535086231,2.671888074317507,0.8103584446226011
1.6446082882377342,2.3135229998246882,1.297596736064073,0.5203623321556771,-1.2952366926495809,2.7535741395011906,-1.3066094726585598,-1.1832741334389743,2.1311637166887283,1.164425344757605,0.6383387136276184,1.2433927019300597,-2.4851010943210996,-1.362330636837169,1.3800819598668266,-0.6742648673292597,0.7684290124242652,-1.6158631191760842,-2.9469944777884374,-2.1305284837051524,-1.358344105750477,3.291012893931373,0.3843972567466717,0.9040193856292654,1.8459592271505425,-3.0926618067445646,1.8579393734343521,2.6156799447643198,-3.410793677227879,-0.5414057941898391,-2.1991489125999633,4.651797662117415,2.442194280226506,-2.229336741633003,3.824453144759725,3.609448428827812,2.26083404892697,2.63333832272927,3.061775983426153,4.765811416656562,-1.3103216405958162,1.9943254199159806,4.508759295101762,1.8742108554900223,4.085852746227662,2.039249500021162
0.6235076586120909,3.1395669458222217,1.520436036317039,1.3145721082787312,1.3354876379629044,3.503167098764173,-1.9448411820576217,-0.7475006960840841,0.37466909460616926,1.0443275411134165,3.0009114093453855,1.2340351604505548,-0.43282403489930354,-1.945056872046121,2.5615066011046186,-0.4048575397248293,1.8154729545910098,-2.183589684075273,-0.4545367156969966,-1.2157969318750967,-1.577431260914837,0.8976787884850406,1.6353259783584926,1.492907883699775,1.2774296563716094,-0.6695692206792312,1.7597222781163335,0.9348309897006872,0.1836912871215095,-1.6456090450495355,-0.7852249613033846,2.3558964459912883,-0.7099029319325347,-0.5706875772359175,1.78273691196229,0.09718219425749774,-1.52396136355735,0.32969461444432757,-1.5834225939687727,2.2055399161789717,-2.7965273430296986,-0.9036317869105959,-0.5734837143875227,-1.4418393134053287,4.77731423816955,-0.5766614956545928
1.8540068516498933,2.558074604898458,1.2586657815938294,2.8769133069024826,2.8105767294724515,2.2241901054698037,-1.9176487569401768,-1.109578611224395,3.8044325862365946,0.4243221718155864,3.7315616788833235,1.7041501407647315,0.5360110089363632,-2.188518232545716,2.3548830103257634,-0.6992036661853303,1.8533957737219775,-0.9491611796263753,-2.0120156443071924,-1.0728256301488899,-2.397767674478832,3.372613719360469,-0.26090842574971873,0.5896935223816004,0.5826298857613023,0.15668599549992468,1.5364879731062326,3.049420395305936,-3.2127078735785606,-1.906040956234564,-2.6672615167688356,3.469521855903196,1.907777765138333,-2.3559121826685328,2.443311964435295,2.79550025410969,1.5587557977682938,1.4509020573501406,0.7964021009472556,4.117889777027606,-1.2308135566788687,0.8283976150108386,3.026355412411625,1.1944759277400596,3.735754314129618,2.1896191616655725
0.8642052157862052,3.476940109659291,2.573362870236182,1.2516504471615049,1.0780772314857314,3.000790182653304,-1.973718651664726,-3.0703405770247976,2.2378481266891552,2.565844968942441,2.4397940399702214,0.04101391787514852,-0.6154278337624737,-2.5088597961091157,2.687227218618498,-2.983052326468031,3.0740592892494307,-2.792557460763515,-0.8889697524560454,-4.032861228583372,-1.3901828131069829,0.17553040426669075,2.452220227306884,3.1888125300827292,2.619084193753808,-1.058559381459959,2.0096164055054175,0.5895617123329462,-2.2070783287382767,-1.8919984836878128,-0.05155088838560751,-0.33431903289606035,1.249756068481771,-0.02037936229581483,-0.5972373705319176,1.5635960158300237,1.8523697209235421,2.1478274137115756,0.6820320888522694,-0.11992524350403477,-3.26866903675656,0.6296588074138971,0.9377729853922449,1.5216214595933146,5.7740944168263075,1.690494497366838
1.8487163934587612,2.735714881385851,1.3543053160004683,1.418451576704472,0.3691452939019242,2.7431293764765634,-0.9109839903452458,-0.4997921282994525,2.8997784643968103,1.4075356729159862,0.6850330155335751,4.494630495303413,-0.727608463662037,-0.6520680584043683,0.8300205271439196,-1.2311035844184857,1.098687506796721,-1.5447452969324538,-2.0339805087164726,-0.6698505182595581,-2.2831813408791635,3.0455826432312936,0.2081995396124301,2.605003329902405,1.1080252372677974,-0.9473238098747333,0.9390580684616602,2.7725914149014317,-1.7863213892030876,-1.0782557582618701,-2.809329566103801,0.899046500589181,1.347636455717568,-2.6204016131182852,-0.2455931714897701,1.6940124362742492,1.2958358576628548,0.8949483714720313,1.0555839799976294,2.002065150951422,-1.5512553066178807,0.4863763316140145,2.089051503375961,0.04580650813401854,6.4381127594243015,1.2816008386797089
1.9506431212609816,2.8602552578674882,1.2405703715644223,2.6163970775714906,1.3208624271805096,1.9843938013976699,-2.418967531321424,-1.9753660374514794,3.2613384848348277,0.6799865096227923,1.7020522447425726,1.705313497918497,-1.031727029217493,-2.8257459753580925,3.1892905858579303,-2.379810367508285,2.1760929762659047,-0.9830617733414084,-1.9274675550657414,-3.362033938306735,-2.5720881163749465,3.3357881766606194,2.4392940315802303,2.056504039940684,1.1874613039905149,-2.1665689493355607,3.172309339810859,2.947552383910444,-3.264652986876388,-2.7137552622914134,-2.3490556583136275,1.9990584106862297,2.32990756918469,-2.5947730090038243,1.2094445265982265,3.2813663836481806,2.087368384450532,2.7825103858913147,2.5067541754589016,2.7678417265252557,-0.8783642172059745,2.4008541919760766,2.329770981567026,2.378918113000215,6.327505679359611,3.0151223484832066
2.170980256020817,2.316861952000463,0.7149208518562934,1.635989254782586,0.20055696964708905,1.5242411650192185,-0.8496902919971677,0.20066591754480712,2.1457457084681693,0.5802684904825801,0.9021756553971516,2.4275923938537334,0.32868742978102516,-1.1858361054770938,1.6827430750926458,0.015500471867127441,0.4142137248243136,-0.38392413125211633,-0.9568577867331918,-0.5160750053501454,-2.7382682342122364,4.7880374714433,-1.2420656533213998,0.8587935685179611,0.8657071707776494,-0.03658148827203056,0.6889124504728922,4.379212396209912,-3.6163191779507047,-0.210122797517169,-2.6968547709765875,2.185963339645742,3.364575118472031,-2.4068447848695604,0.8750057326174294,4.707680771991779,3.329105821215003,3.5612439951805355,3.230174730851993,3.0321397799104175,-1.393263688320171,2.724712288626483,1.6341097398685678,3.196517725682387,5.18308616623778,3.6068910838450052
1.4740035230485335,0.5691418499412688,0.47140431377919734,1.353908350996089,-0.5500664507650925,0.6488361926845752,0.15665703454632318,-0.0038930624384660995,1.2734199976724876,0.7571327829497084,0.8111883710771619,-0.3304344186701036,-2.336008793354254,0.3394497755517518,-1.0642632902584601,-0.4099298999562213,0.053258727700740804,0.12207005144744087,-0.08110713425882632,-1.1144908324903038,-0.8636209533639506,3.370401891852153,0.760972247582733,1.2765621183788929,1.3237685461370194,-3.158742236652067,0.03580890356030286,3.1346508701672473,-2.2955614683498755,0.08286427818650421,-2.799081073506822,-0.30054052672369047,2.6031875211534894,-3.266130696981574,-0.9196586392811801,3.978284907034209,1.3297395452026466,2.1762125402406447,2.503676669956028,0.34358944352831977,-2.797780510339819,2.0504531975852087,1.4899595923383147,1.905723331050305,1.9580514149573212,2.2851139243266436
0.5774228939015027,2.961577363746304,2.01406253070949,1.3809242012311738,-0.5293665251133656,2.217578452491975,-2.1364957514239613,-3.0362876007969164,1.9519896273229356,1.9921741661185348,0.7764338257357648,-0.2719705910022605,-0.7744034472816734,-2.165853218969465,3.7578290073772234,-2.508753928644731,3.387835534094976,-2.2791436794798043,-1.785143931213517,-2.2823003744763533,-1.565150947280018,-1.0590493558250103,3.3231308588626356,2.729198639229208,1.6664125729316792,-1.2972782924454729,1.6776750173121049,-0.3294379188973229,-0.05016593998763419,0.14899346562376437,0.6820177601348447,1.1182084729887127,-0.7117185435435918,1.2521790016682028,1.2044280603782127,-0.2116526340898508,-0.2878987695230556,0.5059338017429658,-1.2984622076006767,1.5224627481250719,-1.7806261454895138,-0.8317263734241394,2.1043030094687527,0.6021621646960591,4.287341385043277,1.130088052456029
1.5170977975018087,1.7249951461042399,1.6439389563591051,3.8847457985419314,2.1445254453062637,1.0605575686843416,-1.1755927491494824,-1.3352380735142597,4.345052469293607,-0.15780616233435552,4.434802503558112,-0.038987539754244516,0.8884810618296373,-0.5556465971515555,0.4818876711256692,-1.7595388765211264,1.3193779207432368,-1.0869739609607105,-2.4306395701275947,-2.400265989857229,-2.703829754192869,2.4125904394102533,0.9231453054889998,2.1687016111177564,1.4560033068203486,-0.09376121362856948,0.3925128928934062,2.018058813432088,-1.9756336094143563,-0.8831366849153277,-0.8214212380005244,3.5592892682018418,0.8565847067336283,-0.4695871496532451,4.16799669703834,2.094607835049466,1.0444515817148,0.8539594124968363,-0.4282196635889264,3.137583826794579,-1.4689943090711035,0.4096630501712166,2.0694270861741173,1.936673222693906,1.8529213583672526,2.9059899236359876
1.268203216362947,4.1539944651932315,1.6407352929538257,3.0590942931803524,-0.18965862108033393,3.473666626428472,-2.765941614190196,-1.2279757514701346,2.1114524844956915,0.39304570041939907,1.644233270694659,1.204748105631997,-1.7765264525522082,-2.7522489695589947,2.8753507914790015,-1.5153694787800214,0.7403039652137627,-2.7982045989350723,-1.551095557356301,-1.3835448428285044,-1.8991653928183816,2.3152983513759717,1.9373157007441892,2.176056415272004,0.4861632658345394,-2.7635274217330013,3.3657507999092173,1.540974882867313,-1.7598154339263619,-1.587657190818709,-1.140508521517388,2.321843262522025,0.33456052323862395,-1.2751317064335046,1.919420257970508,0.9601393358288552,0.5290354511662856,0.5779172644986705,-0.06575379922551017,2.720361264133567,-1.6827520228309576,0.4565781283557806,2.2866732047052127,-0.08334780725260693,6.70907716264087,0.6192709331412846
2.813811403730292,2.0690394623658297,0.2338561749371746,2.4134526974413597,-1.0845759009779377,1.4908344080299685,-0.3934009794937876,-0.423306794861248,2.8333300095394116,-0.6950136564242029,2.4680001876354805,1.7920908423199409,-1.6244380197202108,-0.9422777866660561,0.9014063731820028,-2.7817718145044146,-1.1173860451456519,-1.1320081858564988,-2.305503641710782,-1.6047807660360873,-2.499643544812259,5.5314244044028875,0.9271095506007305,0.4766397735060546,0.5076951371991897,-2.0760955828782426,0.516443289147992,4.681156773533602,-4.1405649922149,-0.03346081261959555,-4.131551276926191,1.9494715679004377,3.9892967427916197,-3.8895048467966973,0.5857684604960599,5.783366209612199,4.835887545491444,3.7725730463677474,4.014952074328374,1.5433611011409571,-1.3806396177204665,3.160198142643075,0.5847456036063152,4.147612815131106,3.478835681531336,5.548055315090267
0.8187697306927272,2.5198244563851464,1.7273497322246198,0.7105947532866169,0.9878154664429382,2.2259068353286398,-2.8254908795831093,-2.154054385829872,2.200880493663928,2.8540801296897573,1.6815118755773177,1.7987047038782609,0.06497220224240352,-2.5126593303816724,3.8541134389829717,-2.5017047423470213,0.16370561374194592,-1.9331662734873862,-1.5146054938611728,-1.45003704250868,-1.5079364018545247,0.5767602963851357,2.8571389991278187,3.3370469808043635,2.5166139769132645,-0.17560370295894656,3.1436368829729346,0.5716317089449052,-1.2038104301550836,-2.4326884915096803,-1.3712682763277118,0.6762430839747284,0.2494451827310762,-1.1946153845921872,0.12067856260703835,1.3281496470462764,-0.4121063152647614,1.1043500472965173,1.2709005963975062,0.8525083483761079,-3.043641969712147,-0.06372661013391734,-0.7789562998585684,-0.6083033602699419,3.85033898494793,-0.46588050006330683
2.111324266934475,2.9507295078115217,2.303887417686447,2.2375791397102835,-0.6122519213668884,2.582865742830796,-1.505944785477267,-2.776999922499342,2.9674506938022414,1.6369534430599546,4.015891883091275,1.5301322146036607,-1.1949680094386392,-1.4864752897598545,2.120950318104384,-2.6274813678674196,2.0089196670617158,-2.2517950637556443,-1.7294460309646762,-2.2766749098139414,-2.425648708173865,2.494685154868867,3.875160781628124,2.0791923921552193,1.7065457038102343,-1.1007465186937653,1.7860844394980218,1.5208862196884128,-4.1113295499769755,-1.7919320346912229,-2.065398329885535,2.2745473299154755,3.031697351739459,-2.0702938516437954,2.304995448003177,3.8506090053149373,2.5969706469503033,3.4180506982954864,2.831228523140478,2.6594157075742157,-1.5425061386519139,2.855380621051624,1.2997623008300585,2.5681086054747793,6.460671598247929,3.6113200162859656
2.062000468678567,1.023652353435044,0.8923469639287758,0.6881535176038602,-1.1885097622743506,0.7718858824824122,-1.4526808986306086,-0.9590249579478387,1.2222544697747049,0.6643910656277063,1.8024528034208571,2.4120228811688844,-1.750965218697448,-1.2994712955981935,1.5418759100492305,-1.6043167695692062,0.014701675417872595,-1.5778320800317365,-1.5179462816909086,-0.2938380357485628,-1.5778479782500052,3.673949410295628,-0.35652820720112444,1.0116459270574334,0.6668842743024295,-2.2661284360714835,1.057899382086162,3.269284641729521,-3.2152919560771656,-0.5462957010087689,-3.519918664975254,0.5404298540398687,2.0018674945270885,-3.3523491300482977,-0.639154800541669,2.5788309767942685,1.2622311532058932,2.530302853691582,1.5186950190909256,1.4943921398348379,-2.8901440904370492,1.5178821231689867,2.3231307964499748,1.2115604520407255,2.4531650120960338,2.224326038646302
1.9365672958265832,1.351929690814897,1.625215829309385,1.673568887505247,-1.379269000795361,1.5443676807321558,-0.753281140614655,-2.674280195393122,3.103186850748817,1.3984408166899378,2.307866897836687,2.28077911052778,-2.6726587819633387,-0.8517066826434924,0.19669764585357497,-2.5156337262221973,2.3761523347475917,-2.6703350080389656,-1.9811732013077812,-1.7457908041349106,-2.2050186851989197,2.1414247461404643,1.4027313379622368,1.7566298261850721,2.303265350847347,-3.7304999987185408,1.5576618275370924,1.665998828421875,-4.033435173725969,-1.089838561046219,-1.33887592764359,0.2500559150525321,3.557555537296871,-1.1282992746746452,-0.1494575904929416,4.799596959547465,4.0488933447299065,3.8170012186331634,4.029258275512498,0.6476920615403783,-1.259090226789954,3.088138662324283,1.8074646969273573,4.426780109741184,1.006688020372089,4.998344622166362
2.1733189635684695,1.4676210453060647,3.134803770551263,1.127922926799358,-0.009403087166109825,1.171185756496122,-1.2196398293276254,-3.451999093517782,1.8675207449459503,3.51307950329089,1.74722401691935,-0.07648633080928002,-0.8970204051195003,-1.853793266936124,1.5527491986470454,-3.0006308332761478,2.871087460526167,-0.735294589035212,-1.9828711874834464,-3.0731820322002488,-2.489515541978886,1.8916205344725645,2.9716804381356923,4.375571188398866,2.6656014989002417,-1.7733725020458937,1.168452291961175,1.9073563809888363,-2.6301109962897637,-0.5248505808306485,-2.1241638027137864,-0.4166601507697665,2.4070067375611695,-1.9962411109948326,-0.29519493194910984,3.0842171178440307,2.2953712512214284,2.3842025866803316,2.9771366295831374,-0.8374417941888719,-1.9830816161371412,2.6646012099399985,1.0068155993245442,3.7946302275455617,1.9941211020641632,4.348077664447596
2.108844612375939,1.314049060734364,0.701097268270151,2.478024980446038,0.055793805110892936,1.5063525181607178,-1.3894124300997348,-1.0435721568650398,2.687667249262459,-0.9324069647558113,3.413120127517983,1.4225966183206735,-1.7741068679728456,-0.9618927698280496,0.8947741558455489,-0.9510454181276403,1.3988601959311326,-0.6909611356955788,-1.7641950036952234,-0.7290205578491469,-2.4054581795738095,3.8556159684794853,0.5604919714085035,1.2358226917741333,0.1363313776816879,-2.6791678119194247,1.4781070077727576,3.4094718873642487,-3.199270712815582,-0.8317889345070217,-2.0437223008597374,-1.7537927563155626,2.1081484522768816,-2.0773956089153263,-2.7597162289697224,2.800084151411535,2.053242898975564,2.118188943204153,1.7209620648131452,-0.9627053145066402,-3.9595453963088687,1.6548897159074065,1.426237234502538,2.167652557347691,3.028253020893157,2.485709928347049
0.2798757489283462,1.5395213064450672,0.6756983506186706,-0.3247393402782781,-0.5635999669947778,1.3997413210085285,-1.1149583521714097,0.3618789208407507,0.5990741908827495,1.1446007842533907,1.316582389601128,1.1123157761625047,-2.778687074385341,-0.615537067254412,1.1006141823600297,-0.9365902821884533,0.7613014167029099,-0.43794119182301827,0.6627273279314159,0.03941357900424314,-0.7098903460472317,2.060587781060568,-0.21554479011762018,-0.020674904737017608,1.645679695503787,-3.4882530619371206,1.0625446965013312,2.3308645491445312,-1.0090117692457867,-1.0679962579943787,-1.0259904612339668,0.8788248688377722,0.7021871521246987,-0.6281573961723892,0.05325039806399445,2.635049209371853,0.664993991010232,0.8504266844209742,1.274029032701183,0.8769876921333769,-3.8594787138148607,1.021838274186051,1.9266393998191667,-0.11644631531145577,1.8375404600890788,0.4465310349038477
0.25557801625488286,2.8996487279083105,1.19587990342225,-0.17641629957901261,-2.234816256213183,2.326895053003503,-2.954296146863185,-0.8194744349811436,0.15344300212154605,1.323277711620525,1.8147424346093366,2.8890785514035215,-2.931376750233153,-2.610959322859151,3.189314362890387,-1.3277557968593279,-0.09250019981046131,-0.5928018378128072,-1.053430525978613,-0.44372953258034253,-0.3612381112271985,0.3723739952905327,1.0086874253845028,0.40080101878304375,0.8699719147722882,-3.713635547454493,2.489057934887427,0.301542768260187,0.004490946259403383,-1.4059962493652085,-0.7592738220734448,1.8065630965218211,-1.2996608613065317,-1.0667791219142655,1.3223883678123196,-0.5453014132645566,-1.795965762452969,-0.3864999284089279,-1.7775076956119686,2.2912127669514355,-1.277073241080651,-0.5979173580119732,1.9494524652540588,-1.462788243247973,5.306974071197432,-0.2907556100660891
2.843650832077274,3.0433954888414254,0.5619908384228067,2.0833049221940736,0.06932728686881834,2.9073430436293792,-1.9612742696427765,-0.7645439103628665,3.0808119450054194,-0.5965722243143543,2.731069469593862,2.3551875151454635,-1.003517300162597,-2.7406958308573475,2.100888331025841,-0.8581537427885453,0.06448894262494242,-0.4196865338180562,-1.5689801688614666,-1.2546636228048635,-2.9800083749153234,5.888182578363963,-0.1932970472026918,0.02305929382232419,0.5961360575442951,-1.7313254031635024,2.0275576076212123,4.760380327770879,-4.779152885745507,-1.9220366532559494,-3.9336945114628987,0.5231442991681688,3.9389014529776025,-3.794120868782725,-0.785119811042365,4.283592767999064,4.417691245955726,4.5325360106134465,4.81354154647502,1.5232272063630554,-3.545375169428939,3.812187486610413,1.4282225782856617,4.358574826359009,6.06949937314711,4.577031659491361
0.8189881803800219,2.6385108789081366,1.6108218923816864,0.37642218044045417,3.0543068248610212,1.85789941141438,-1.2784609571045913,-2.1421620926609535,0.023360319915477934,1.477963202396515,0.9038677270601323,-0.535046203829199,0.47712875387776355,-1.5083184058319434,1.8882504417113484,-2.7188611234943485,2.3838485213211307,-2.674160345028392,-2.0232461196457967,-0.5424741223157072,-0.6238153575180589,0.8105632038408022,2.875098206152945,1.3023505601673164,1.7251363110455111,-0.07996342191873307,0.49426138603998615,1.0592217583136825,-1.49579525213922,-0.39990636818218833,0.25084141735386156,0.9516118133750541,1.4438855925395273,0.7056299086773108,0.797595295727029,1.8310457253599528,1.9116673834840776,1.36742380789383,2.239467503300693,0.3159939741525988,-2.3073274732092086,1.5566491272228198,2.5815148781050263,1.9271904633194383,4.252263512377957,2.2094890175553146
0.9536497338959602,2.704207071916145,1.5847845984264837,1.34858896305323,0.3879031222408626,2.8194335931244683,-2.0322118179607336,-2.275981403183748,1.9150218047903502,1.46320198368488,3.221089316433307,1.740139238844419,-1.155766296196771,-2.03220635369044,3.595554134633229,-2.557855359638605,2.3565256680413587,-2.51117772689524,-3.256021929546744,-2.0840922189353597,-1.4302754435465426,1.2149424851553707,2.039126393882622,1.741967498130946,1.6350668921616665,-2.1146056299923255,1.6918667684740312,1.134246305018251,-1.6604909482350352,-1.1142918747067951,-1.6220374788469343,4.2216132236994595,0.1314178630967543,-1.6945089266236515,3.7031775013483363,0.41688756655605474,0.2640699569613175,0.34391387153416364,-0.5301502716316768,3.2222082533337724,-0.8387681137591114,0.4976655284539867,2.5264182964284383,-0.344423589076458,5.1839462645099195,0.026614335040849646
1.027246911970128,3.1401788595884064,0.8492842342748667,-1.5139730598893824,-0.819124662810457,2.811285871167383,-2.529493878921952,0.058821310189910214,-0.45770926199678597,1.5960238894722734,0.34117572378308525,2.450277356084256,-1.6975559692807276,-2.4752671318913673,2.742993285801357,0.2661359137933623,-0.25115780552824685,1.4310703715413178,0.8388756362754572,-1.1248592912584026,-1.1890427802028218,2.37382598304164,-1.2604953348102588,-0.05886600351380156,0.16740992289300438,-2.8546045664359028,1.8129097331408544,1.9492809672183198,-1.638438989298615,-1.4346341786889338,-1.500759882815914,0.3198622048449875,0.7359752949637739,-1.4156330105694501,-0.6189218629671682,2.0227338059890494,0.2525587597522304,1.1924378173721553,1.2046200503242745,0.8058303661113694,-2.432104913480847,1.1689304296638003,0.6810586438564126,0.8060225538235005,4.153710569187653,1.83695707076285
1.6113238383450954,0.9159117422588345,1.488645537330062,0.6509984050011884,-2.676990718563439,1.1600216668861294,0.6922932157678972,-3.110937841340346,0.5508361918660074,1.5049722065498297,0.7562851003704272,3.608627083545504,-4.221266418871865,0.9665228192689732,-1.5689635809137836,-2.3847384721071205,1.8678151940683723,-2.8731686459044585,-2.619905583367757,-2.9813484508587775,-1.8541329490677978,1.9550291179939592,2.3819387299738892,1.953243066442083,1.5011276215756042,-4.980384779198163,-0.1804241064094323,2.2550652663531525,-1.2087778707891448,-0.6356586883398576,-0.9521354634132662,0.025567678096634516,0.5960070693736333,-0.1482312338945322,-0.2812634547067556,2.024527369506843,0.9100627462232929,1.1370812280743112,0.9058934631882701,1.0513356373017175,-2.0426841307023844,0.3444233781781456,1.0769736626244006,0.2896116925473632,1.6525167422700393,1.0741961275557124
0.7736444212709351,1.9084932347301622,1.882364672085814,0.2571849378683888,-0.5736618539955272,1.721621775348278,-1.732297416501357,-2.2941849599126365,0.9312525928837527,2.185448731286943,3.5178940929039655,-0.08314955431252447,-1.7267685445462628,-1.7241965427111112,1.843556758011604,-1.4115039015987993,2.684559463922284,-1.9365322886364371,-1.3293189711332627,-2.9080951328986737,-1.2719175357285755,1.2115435454915504,0.4874973209234492,3.3733045816090854,2.321693140695391,-2.477544445649687,1.7554149930702085,1.5768008400034152,-1.341086387014218,-0.45283988382493157,-0.9777262014142521,3.0775856525904532,0.5319173612226973,-0.7674216078088982,3.004865124128358,1.5460883388830282,-0.00904036865604596,0.8652972840067799,1.182199142370796,3.3712905392264396,-0.22716493494356738,0.970943953611336,0.4211554901532517,-0.867159367819011,3.1150111122471067,-0.7585274306410525
0.8904803048620518,2.921415540425081,1.354977815801568,1.7205282421324641,0.495246101982359,2.6660487087875877,-1.3286991626375315,-1.3170311760873583,2.6342783973428876,0.8146585095729992,2.688197540397141,1.7493942649345204,-1.2210232305356903,-1.2896544926369018,2.666020091046946,-1.945020171083205,1.4917837080341623,-1.251799695754982,-2.084325354621194,-1.8751003519541372,-1.6332365226666201,0.8865534003350519,1.2721622712318656,2.1331762379060866,2.143723597553629,-1.7936983271380784,1.8616083790172877,1.4029583319580403,0.6682582527348953,-0.7520527637244896,-0.4895028236791308,1.0788953801721208,-1.4615830018880587,0.019818867811498997,0.423815555976763,-0.6271091887707501,-2.021759040239287,-1.0706034024879296,-2.901673190186335,2.1624996846086066,-2.227074745765384,-1.1884803157666397,0.6429471261651278,-1.9262244581604495,5.655047096519789,-1.281282213742914
1.604714012289606,2.9867668319051752,1.9562595902299282,1.197219927950488,1.5518147865396843,2.141612066439446,-1.7489775615597978,-2.4055151544923996,1.8626917958373777,1.3343997023256189,2.1532381824987468,2.325159316562271,0.1842848827927781,-1.8627858865191496,1.0855852904596048,-2.347004289603211,1.4224600486130523,-1.7334354375844596,-1.4382675210856062,-2.430703576121511,-1.6460635885461994,1.159457103162528,2.6171082150423306,2.8825975094263896,1.8792427445136086,-0.22733898978947997,1.8829637658652438,1.9334910575569755,-2.616174787323912,-0.759750966388175,-0.6163947331524062,1.7412034185722731,2.1077936501526473,-0.40363911643721306,1.3449705084152979,2.9939837300485763,2.931222694585148,2.2654538456486546,2.2980361436376393,1.6159706571491512,-2.5174262637284803,1.6895910825049771,4.9554170750291355,2.1388847123117367,5.385681866954761,2.0439926534565105
0.33701444290429394,0.8701377717071337,2.4304369533692274,0.30949306463477755,-0.01176406551920467,1.3562329942446354,-0.23623114340218643,-3.042502073732278,0.6467890268707128,2.7051667810008455,0.6846281258711298,2.322836727772774,-0.8318384676060021,0.09603774929020736,1.0823799099456015,-2.6760394311892277,1.6718314813203847,-3.470073675588844,-2.523729201686466,-2.676832264192874,-0.27433857631059855,-0.9805621281314472,1.6227704772621996,3.5150809505580165,2.5695040150732753,-1.1883547272099952,0.26776431240198884,-0.25861179756639197,0.07107777630048506,-0.11026921724249661,-0.2962298196351765,0.09628643672104031,-0.5287310430774188,0.37072906355917823,0.630194872808092,-0.5130922764895929,-0.32652769647798474,0.14498261393707912,-0.07044528298191621,0.6909713352270483,-2.896990086173564,0.4325576757849343,3.509266357570551,0.5572687233482403,2.477542506902898,0.5152980685560339
0.9286298756636406,2.2817566630804773,1.3251871643193955,2.239583569746855,0.30893623440458284,3.1634234551012264,-1.7510117207486544,-1.1390828738999317,2.988400568344022,0.20181563772796207,2.164138510132792,0.3281678011904814,-1.77803559385056,-1.3943786881176894,1.564217170752947,-1.200297994338752,1.4504425138573749,-1.10417071540282,-1.3107494515855684,-1.8923389367937329,-1.7190842902114625,1.3779282800742925,1.701737541113537,1.5858635858928234,0.9312174549415024,-3.615605963571827,0.6325601968059363,1.2058983746303649,-1.0384680198406404,0.25531813618580257,-0.2660503302486501,3.9729372552816233,0.45577031769844445,-0.12391281963341583,3.6006079934263244,1.9274589709111938,0.2676327849635427,0.8121531871693545,0.9244421313191695,4.499474847504777,-0.3627981204159345,0.7878117318983688,1.717546502251041,-0.01674914147087725,3.9118406441084095,1.4110253168891205
0.7440264781219391,2.7842443813312165,2.291846027160736,1.228716544115397,0.7816695897094288,2.028159583774006,-1.8701403140409547,-2.8281969222735546,2.5428409745168725,1.7302119199806962,1.8990540512593874,2.169760857647542,-1.5714480600530913,-1.3382455388249306,2.551237664847558,-3.521437867772577,2.6662380974617443,-2.108252091983621,-0.09346217300462745,-2.4472176533344183,-1.4981447483707815,0.29797099620175493,2.200181470313206,3.0298861023798853,1.875143460296452,-2.5355805355846837,1.2944579155962541,0.8436508382427104,-0.6272545475051636,-0.5315811694047707,-0.04405910473173624,-1.4003349310908766,-0.14713705288272272,0.15546339711896318,-1.6922761775304045,0.7031670181001601,-0.3480625218986003,0.3673489139042696,-0.805219537039856,-0.8772837563886358,-2.1446987761814618,-1.0323607791655571,3.6694196819305738,-0.11705244260210124,3.54425259704283,0.8175147038692052
1.5209894554024763,0.5947401905054628,1.6658834891141816,1.1386085730370117,-0.8965650873699652,0.9200473499333847,-0.19680473411549104,-1.6875986655063309,2.7304969183082664,1.5821335087106498,0.715839363849291,1.9473012117708541,-1.4266505502851186,0.23946651739106484,-0.5247592848574938,-1.0172543925005897,2.3274024099554462,-1.5663239977369527,-0.5322755987957705,-1.573941701307249,-1.5516645303026937,2.5116385140283923,1.6103807575327431,2.1833449663731015,1.556675945179375,-1.771645127325683,0.4232912193945847,1.7895592042735935,-2.525832374975425,-0.16039031246031754,-2.7787544486710454,4.241280122846099,3.2224264265318023,-2.555131478598326,4.158773307073538,5.054918666789518,3.5478082459666735,3.254640426426201,3.6372349805881665,3.5194647023798793,0.5666577607104777,2.41021741818264,-0.38981741578638807,3.473165923710266,1.151075836931097,4.41836217886844
1.5981478115844125,2.099777342788624,0.36774791440197063,2.573592814299405,0.28578727946382143,1.9394715761983963,-1.0814808923845514,0.39445033555093967,2.420551144715077,0.1016078382641139,4.047521631494559,1.2186271580471657,-1.466150120578043,-1.3271581138044504,1.5885785177196632,-0.6035231596621924,-1.2720904829681619,0.5550423650794301,0.22541446012365607,-1.2026909550664646,-1.6646820845945076,3.551230712630441,-0.5565705897630417,-0.9445995927621678,0.36543065199979674,-2.2511984972866372,1.321400638201195,3.1041670570738966,-1.9708819389821037,-1.2541166714295207,-2.7569413466553243,4.60831732095943,1.1164884720014032,-2.5578797176378494,3.5592714924877544,2.7200312562029527,0.6107209788696378,1.2087193197385258,0.6899108467988735,5.031322785344684,-1.517042719600735,0.8421078523932795,1.8791272278000715,1.0798291044165227,3.8394604578619416,2.0264949115259197
1.1121459004547236,0.22774948650967586,1.412128064249197,1.7979353231849684,-0.16678490600979629,1.4665168721649757,-0.8647578144873682,-2.165199215700858,1.1504511811561327,0.8357745769116892,2.8419028381205758,-0.30304809589128645,-0.46845562884421343,-1.0540522822236245,0.44487063534280136,-2.0975780652445604,1.5268190343866386,-1.6169434142474273,-1.9774718353608738,-2.5515488683766456,-1.7344380760166442,1.9772068409118326,0.7743308611177604,1.954396405012944,0.6298822699761265,-0.4009245371342274,0.6279068221144766,1.8693676564239146,-2.176880661735203,1.2646610330946568,-1.5243456889966913,0.12405077615662186,2.076630308667768,-1.6688822172654212,0.19827699737958715,3.250504197599559,1.5525330633498,1.781144556384368,2.380213691884274,-0.2231498269164196,-2.5118366122707214,2.1067343025231375,-0.8415783182002314,1.5607056551337153,1.0648845544708565,2.642139346231233
1.3401683774842754,1.7382053879687587,1.2961780687140567,1.428762104748406,0.026660618231729327,1.5104974569141096,-0.9757410345313178,-0.6507512078391525,1.4075398049830694,0.15462292290926904,2.505048775925305,3.17108439802729,-0.7504350945673425,-0.8039858735891564,1.4678443703850292,0.2888447768352571,0.4173928906100013,-1.6714832879942763,-0.3970372275972187,-0.9562975547427882,-1.320779299947974,3.5661193601464096,0.5357390409158166,0.8648719640673177,1.6603040632557122,-0.6784296614076795,0.5404160187436897,3.428754364776054,-3.328048265465671,0.48026851494223544,-2.472245549974869,1.3704373696180951,2.8794388107698,-2.319318689174688,1.1943628639535997,3.3912766162664636,3.8388054755775074,2.660804070494007,3.0283148790201895,1.391360371642851,-0.6360883681600706,2.4741374079122878,1.0500166580378871,2.8793519845296136,4.045973406990983,3.3760193074203992
2.557999601239615,2.050269232132329,1.746623080414229,2.549041680394774,0.8583006823988988,2.3299515787737035,-1.568445488991034,-2.399661381064779,2.92308939110584,1.142683269496705,2.5117195008768283,-1.2490516905938287,-0.051459266785468305,-2.224405487412916,2.2302794390684175,-2.2803635272973004,2.0145915986195666,-2.4660742987807778,-1.212004172255725,-2.022532250451205,-2.1752816953513583,4.032072358927167,3.4191112678717417,2.0292968855921822,1.872910507303855,-0.4116108831634617,1.9375139303596478,3.074536819104895,-2.282005262338065,-0.27259079216400406,-3.1220609431150903,-1.1929008841916728,1.402093059001321,-3.0822197275130474,-1.496427782038796,2.575184648681664,0.9056713608705445,1.4692664119143606,1.026608927332584,-0.9059990272123366,-2.8839218330872387,1.5723413585208692,-0.21574620079294093,1.1992373060224222,3.84698781038406,1.6983608792632316
0.3161443543177429,2.282978456429662,0.4665729672937552,0.6896924860654796,0.7384096561644947,1.9111436444362502,-1.7266369400677084,-0.17768321524545772,2.201873197600403,0.6361826426017829,1.8980145980496994,2.0854097955015596,0.10988954714247279,-1.3024414246344393,2.179117881499339,-0.9717995098285861,-0.4035078970853134,-0.4165972041339302,-1.905070173824007,-0.6408381299912255,-0.8860038011427801,1.2949171773456878,0.5687653764544799,1.459436025674442,-0.026507618341705674,-0.5679329716726707,1.7486007145662166,1.4966271232120492,-0.5831323050865533,-1.651895619341697,-0.4612749225310837,0.7906665705663749,-0.246212946458082,-0.8072105139329917,-0.2896778708356169,-0.009491111195017776,-1.0129427733163423,0.6363058663413974,-0.4651400952750995,0.6832566190780023,-3.014364744828263,0.1098857854529175,1.5456009943553801,-1.1180997898203915,3.279965400398695,-0.43344748376441045
1.0349712453695115,0.5696384850809078,1.3789585252253973,-0.35989534474559925,-0.6347562915751246,0.9336754638673289,0.5471843721005953,0.1512663508868468,0.1606776365923006,0.8101224378318439,0.6390042712641009,1.5661221226919242,-1.5136063409422138,0.37776181397753006,-1.000739768213862,-0.5246815676306902,0.367069897268276,-0.14028943077181166,-0.604313270614217,0.7746541942390468,-1.0001526383206754,2.592632723371781,-1.3940990653601104,2.7650092858109847,0.6026120355694882,-2.31003154987925,0.0812499738723167,2.4584248017250037,-1.8435361797342016,0.29140839943492525,-1.116225646958953,0.29250514528391514,1.5474875024313786,-0.7829298369738038,-0.019290495685253317,3.9127336340065177,1.277663909971155,2.7035646142222114,1.4577539674898277,1.0946693097820532,-1.5207588536486427,1.6255144966165507,2.011280214916206,1.1324093598939797,2.601063869167187,1.643296595192536
0.30014611281925596,1.46842510786094,1.5784380310568387,1.4439002103687437,1.7086634938364456,2.191654320568118,-0.386905188621415,-1.5750964409845702,2.0982656510687216,1.1655442854654798,3.171911792656087,-0.04731424027849518,0.6268871346843741,0.048773762310278856,0.4832861620010418,-1.818237428048415,0.7741539237799149,-0.7773179484970327,-2.267118063709514,-1.4707176450462298,-0.9886672611113784,0.1729767647608036,2.0231597115761657,1.4759439177620117,1.0183773275607089,0.19461439929886581,0.5071353018652335,0.8652917731547392,-1.140051725801709,-0.9139957356763804,0.25222901769030126,2.431462224706681,1.0735793682037449,0.33442261030911036,2.6211114056625564,3.6882505332853763,1.30704069515307,1.4662920482268629,1.6223526812168636,3.3180263803325762,-0.5172650670620991,1.8090619860209798,4.0480383729696525,0.47434658698953536,3.7208522320561754,1.9586085790363836
1.4046752529038398,3.387857699440721,1.2531285083667802,1.480918931246604,2.953616720949474,2.614563430527309,-2.064570216555031,-1.832280599866621,2.3250005306398123,0.20522804573454068,3.086195863641242,0.04253269606389032,1.094654174764508,-2.328292163191536,2.721471586536812,-1.6522816005631757,0.9393162750365154,-1.3999390064778183,-1.5935368094583562,-0.9963242447187095,-2.2037551194642,2.5926250050788555,0.8515390248720427,2.04764401377542,1.3237054414431482,1.0981943320812997,2.0487099410114795,2.2737579453111216,-3.3623776207022056,-2.135208540947815,-0.3292647815797738,1.6331090078787154,2.9166900839176444,0.2943365774436084,0.7754694124868846,4.365680283648908,2.632107320406542,2.7486594325203764,3.455085616959809,1.4960323186334326,-0.9024540108009227,2.84048734514389,1.1929201074223863,2.769839745517659,5.1521319939659875,2.8840301835474635
0.015322748269586128,1.5688383884700596,1.7475156961838478,-1.2186178682523243,-0.23117185283916863,2.504634763306632,-1.5164688165312024,-1.0906826477387053,1.047486773450956,2.439797039937088,1.1799128098549476,2.9508827236376804,-1.0516340243684124,-1.7651791588093582,2.0839540802251877,-1.7214999285736945,1.5452533647703195,-1.0651173576669937,-2.9633021802062407,-2.6327311900492214,-0.5742326167366227,0.26216302826487636,-0.025626118400372766,2.0312271514597957,2.4976841048990535,-1.892266243367017,2.0302771874370746,0.42017074522855746,-0.5313455769507189,-1.9932039448993584,0.9946012102118054,-0.6698017192091645,-0.9648562173007886,0.9308542976088452,-0.47969368218492003,0.5549200360491708,-0.7224334888954295,0.3724070322778761,-1.2692089576379246,-0.15503861105834238,-0.9412631305253403,-1.1469508325937356,2.3146188686930884,-1.427649332624847,2.728802424637479,-0.8166053912182241
1.8145468245401895,1.549119398478031,1.9413514778422742,1.0299853901809857,-1.1181933576581855,1.4733480311600489,-1.1698078503133966,-2.8477253047865014,2.5688856790911627,1.9346310145238421,1.7421144943472244,1.5821707329293493,-2.044883665330784,-0.9879044734568956,1.9182939394519065,-2.5290504904863735,2.3728742593125327,-3.367591198752124,-2.837098998760932,-2.2857048195152023,-2.3256666308339207,2.7768181373114382,2.803601599647428,3.7200915811890978,1.5227505703770983,-2.3656331431858617,0.9382764175201479,2.535477376279225,-3.2384753561019863,-0.2076776528269807,-2.959730570934473,3.5807953908879364,2.5389694472904694,-3.0158533104866843,3.751452450212314,3.079091592261001,2.620851455837944,2.5900748461530743,2.8381727120295457,3.8346013453427457,-0.057273938237458966,2.1400967371087924,1.125306440898946,1.6162624918280968,3.262991733113595,2.299204399723374
0.7114764579979852,1.9286342083402281,0.91019723159424,0.4178702553366418,-1.2937851896388977,2.2440432563994426,-1.4034039847838207,-1.672096354194699,2.6170746780770076,0.5745034885984547,1.9873532369327467,4.122166202086745,-3.013097727676108,-1.2736483308765003,1.6934101901504155,-1.9559475472545091,1.1840535167056851,-1.758945544813933,-1.458230832672592,-1.789763413934224,-1.4587625478027086,1.1681437966500714,1.9241112067653539,0.8150118273847766,0.8961845108149695,-3.2562590187240814,1.5281555355047247,1.454818609014127,-1.803770340640047,-0.3440193045714214,-0.40624102953981267,0.573377637255418,0.909895288386969,-0.6382424862782813,0.09534945661569261,2.072811052382071,0.3985365720929831,1.6559138863411025,0.9136494474544066,0.7673955332238187,-2.5603900241304225,1.3933441185515791,1.6087520183199882,-0.6796102275290128,5.079373810834143,0.35733646099385186
1.1217436262620781,3.7565689121901937,1.3456920891252522,1.343969257238125,3.793219906389869,2.435436668291291,-1.9434163234156596,-0.7799078848562854,1.6139958560245662,1.2692316609084067,2.1557468097508234,1.685340230684925,1.5148086255708346,-1.5416175224441424,2.3708136198213166,-1.0987773143932107,0.18658522763507945,-1.8654283153453084,-0.5925717028449401,-1.2026395066588973,-1.361953805214522,1.519258326672158,1.0340645115808131,1.0884568866740274,1.762199672985751,0.6169619706370861,2.283482799199377,1.5297368258751558,0.1324924827041143,-2.621302410308883,-1.3152856387737362,-0.9238328137087628,-0.9530373380459074,-0.993695177635155,-1.6385908054179528,-0.6584108732625573,-0.3504496140428083,0.2076553367219678,-1.559055208579008,0.8123376347099703,-2.53652881125912,-0.7903058136863579,0.36220586174765645,-0.9182831173356503,7.801438866978662,-0.393645689616579
0.7088417794418286,3.9706168697388273,0.3528606562555956,0.027224639946437312,1.58568346521395,3.214745970264219,-2.9661173473411973,-1.455307027817111,2.1018330488388717,-0.09800001329761299,2.077762892463752,1.412003204476005,-0.5815990108602701,-2.6880217518130456,3.557261589273055,-1.538067805254682,1.6456411797725239,-1.9860194767744823,-0.8254564524729061,-0.7051874197127513,-1.2712599578923451,0.5752755189795089,0.7095648084163336,-0.4578558375962354,0.5442879802754447,-1.5722126668588152,3.625945758072659,0.5968988653672267,-0.9754050364514173,-3.1847201211898923,-1.2415418731588879,-0.2377219170722833,-0.84242353395069,-1.1821451531878786,-1.147131602484331,-0.018074754641244528,-1.6434966629203145,-0.6064537549311948,-0.036600468186392066,0.347213027435596,-4.262635347168712,0.5504196086466877,1.4382072375273087,-1.9070744357280374,6.305957287443162,-1.3565503471850113
2.1592662728851986,0.46881064920741045,1.025105702425698,2.422755027791757,0.16432744785831477,0.24210712020390757,-0.7444717563529663,-0.6284057504953072,1.2980135160599295,-0.2992749294018717,1.3477711476895804,1.9937832322044604,-0.7468357307203505,-0.6364703190608668,0.8194685003910988,-2.5798727528915135,1.0305066607165951,-0.9869347819763357,-2.9783688051572987,-0.7603064426392222,-2.513882451401094,3.9539825265780584,1.5018349551985446,1.7221041469090583,-0.12535567168467132,-1.4317882552583898,0.9603315605122159,3.2585181265864884,-2.581851726721415,-0.7759131546116408,-3.1175084926726724,0.46814488541060806,1.6041760110421484,-3.116710914788623,-0.24714569478858395,2.150953710641268,2.192929395254661,1.2990920871266063,2.0193462896564003,1.1615259591277847,-2.801033841198543,1.4003992027612089,2.7075587689534215,1.7302296904291818,2.1714994709477233,1.6803550662283713
1.277171086105493,2.069191852618221,0.9234750875744357,0.532930920207084,1.521643937963959,1.374355329818076,-1.3454422696963309,-0.8752231732161019,0.43484064457958915,1.2466571352966176,1.3723497222059824,0.7296027136507506,1.1490344433439108,-1.6212740492980786,2.242707441542392,-0.9142536881815352,1.2500627582904111,-0.9934838275953721,-1.2066734775591377,-2.3084380672554197,-1.0809666247270704,2.4004509142315786,1.0015032852031185,1.0020328726064984,1.3451282602623047,0.7223157120866031,1.5642681337383408,1.523491479886991,-2.7145587666360402,-2.094303354486622,-2.163004799496607,4.1174045539205055,2.4268932813603663,-2.5085740539042587,3.9005011654974577,4.86480165617982,1.4869123638250792,1.9139377324491855,3.376331033630599,3.980868321568634,0.1617783345755841,2.9228078837552776,0.816307575992915,0.771786135421423,1.8510154475788343,1.5523493528114811
1.7902736379189914,2.4343607311333377,2.5207743971103493,2.4755132913286566,0.01443595185206803,1.8257113705298138,-1.7861497377587012,-1.6380383601812434,3.100554196458204,2.122686259120856,2.8946724031951807,-0.1828525791080189,-0.47339477575722877,-1.3927750002650423,1.8325526948790056,-2.3988353611558826,1.723955353147913,-0.7167876288627235,-1.8687174325714802,-2.2103650768900525,-1.9994568472234595,3.8552256092781656,0.0671848695012065,3.423633163274397,0.6993558106698323,-0.7943649478537761,1.46999482165216,3.2717978036132918,-3.1604189753227008,-0.46493453534284335,-4.197227442732615,3.0183302529149465,1.9110367015711351,-4.496387136742657,2.621634953053344,2.6881325374392544,1.929651951405744,1.9001795230219516,1.7396725541630969,2.672039597940419,-1.192519375387292,1.3493373993207434,2.5891335311175916,2.854224382826307,2.341081556007434,2.85199513351335
1.247301382782523,3.6057369172536804,1.1910649647103169,0.917003843778144,2.6432147355834203,2.5456703869151807,-2.615900337251319,-0.601321702352792,0.6786751838481051,1.1677495578287247,2.3276031750713733,1.20201519777316,1.7631735513696842,-2.577966263213542,3.4952070321924182,-0.019457706865894764,-0.5183456506664366,-1.5082170846494747,-1.50879131134972,-1.0784661266308195,-1.7830084582690504,2.1870409589823003,0.6145106624095591,1.8932319552469947,1.5936181985475484,0.6619538330713675,2.194456995807712,1.9383952142285097,-2.8328014976468316,-1.3503125692788358,-1.16133890015912,1.3685152960875142,1.8415484132975113,-1.0057444351289373,0.4789391105967512,1.7254124008132845,2.112171068536348,1.5052895144744285,2.77468675796434,1.3473088145764263,-3.0817245692207997,2.3734157800090134,2.242753969112919,0.905670609557265,5.1970265546571675,1.768567360409045
1.62536678727296,4.10106317513827,1.8144084231571762,1.8123114859421483,-0.8967365884748054,3.3080677056015366,-2.082750920893824,-1.1219224919621038,2.119507680328591,1.3231497132069316,1.2892787959489398,-0.8504364193446927,-3.0362766342476144,-2.3164792464864243,2.5681868126159695,-2.5786709143212776,1.63422823557433,-1.360766306588289,-0.8760886690404059,-0.7688457619233942,-1.5325990821646807,2.2102293639038733,0.5929224349068095,1.7828624768991066,1.4257621228259698,-3.6647995570884495,2.394364576490172,2.3753141159277,-2.896004125190643,-1.1926717850113335,-2.008798174802254,1.103827333557905,1.938571695254495,-1.8112337936164702,0.010270396821745686,2.358446377722982,1.9009984236253272,2.13034793785009,3.0630159116971916,1.2525465083230034,-1.0993430552180978,2.0078818522624626,1.4669099561607142,2.07972950472526,5.903199839212302,2.569161945896064
2.483962232424333,1.134791496089232,1.918112522061779,4.307163260527296,-0.7583044224967294,1.040925512177993,-0.7891525576016899,-2.9562569274674075,3.325962912541491,1.1995641360227027,4.009600308859682,0.8208483319083422,-1.591099797565518,-1.843577035422894,0.44606223985068727,-2.881654133007274,2.5027130843342626,-2.304008937324292,-1.794898580073331,-3.348735963437056,-3.589717170044376,3.293873763253875,1.638600999011564,2.325055430478596,2.3694881389596283,-2.0039424065363725,0.3536185004698382,2.9321908807147663,-3.053151279230047,-0.43127328246304997,-2.5459755605300973,2.313791595526151,3.025706976638972,-2.600436947089588,2.286340559376498,4.647162220371445,3.368046228425717,2.3171087360594687,2.5069094712979094,2.7548199059043066,-1.57607465755436,2.3079560514820945,1.8817203819858106,2.7655839658031143,2.0909363112474635,3.222836755515486
3.0396735427074995,3.925946804635544,0.3697275206876023,5.2018992869741325,1.0739083831050782,2.463703027016949,-2.617870693903259,-1.085607337250672,3.2464396816223156,-1.4689827580256913,4.822196185802961,1.3107450901878073,-0.7776956901535399,-2.8338023418248617,2.5143487672407416,-2.157083696934136,0.08362025866225697,-1.2211141702089798,-2.6670430627802615,-1.3053283863821656,-3.5076248609715526,5.790641955004908,1.7951358385485294,0.49682903209253704,0.24078962442101437,-1.6097379539379661,2.259574883504564,5.259418126671259,-4.598617089694925,-2.266165112013949,-4.147941412356779,5.475033098897692,3.8860258393726985,-4.780876593497542,3.689431067856739,4.335770336966825,4.303781231689556,3.0416002190259537,3.719854776351034,6.02153248198764,-1.8468097859387353,3.306094453730719,1.5958981947121902,4.027489430414667,5.955043349931191,4.366616805586581
1.7491434544895874,2.2375841844216766,2.2751154588823943,2.000318486410977,-3.455247509091534,2.6210621852078306,-1.666533058727334,-0.45170455217446037,3.376705406626093,1.9967184171254868,1.664215302739287,0.7870390506294033,-3.4462754824421356,-1.4097733806497879,2.8189719510216484,-1.7315367684830163,0.01871625748141259,-1.753741417990837,-1.2320017211582757,-0.7964688769070428,-2.0586379035105793,3.954118687856205,1.3986578254899826,3.8325989528022433,1.4649498563782004,-4.374733899050701,1.8000763538626257,3.4474616866783654,-2.8870213724953593,-1.0279995053464068,-2.41431326905761,2.4487201633958797,1.764459090800613,-2.1563666052255144,2.381066101744951,2.9135941383869,1.1735781280046003,2.467079978965396,0.989722804503431,2.8875746239594156,-2.621646816248358,1.049476557769932,2.091112520248081,1.3846080407385148,3.791359365707682,1.700809539862898
0.7810392134178381,2.1808742106368983,1.9440570924565523,-0.5604783458940545,2.2633990051005517,1.9769420121839267,-1.3035086954761046,-0.6101516041116268,0.9327600968118266,2.1700218152761677,0.531398004686608,1.917481233389255,0.7921167942333454,-2.183760672006773,1.7136783165884313,-0.908875313764726,1.989339401844324,-1.1468693462474,0.14388555583027451,-1.98297748898954,-0.43326106469027437,1.1871444843672834,1.965384292099817,4.717440626206901,1.3068056576138516,0.4388889667726543,1.21139051908745,1.0086896018656453,-1.2531405984676964,-1.1304497331620025,-1.0752220532598962,3.7001991060544936,0.6622838768911956,-0.7616498086995129,3.661893952040918,1.7619666447090763,1.173851663073585,1.5155190225289392,0.6391390178261538,3.407285334974685,-0.8739549562447831,1.0736065303959192,1.9499936188036648,1.069471399360917,3.385299359827476,0.9126747697470489
1.766421448688746,3.1184640050100683,1.9287644442374996,0.5679598296743346,1.8156381147511587,3.5017503089884783,-1.5083917158323434,-2.415681134739951,2.0170915639173166,1.6543423577678698,2.9294257160391775,1.0309435905854594,0.032967051924467805,-0.7838913134622867,2.651086211333555,-3.109698493437946,2.0920895805654602,-1.2438930046211052,-3.316923722481209,-1.4849992839097945,-2.2943551732340857,1.098632826874626,1.6559562507510304,2.3114542885232194,2.3997445056233575,-1.4538944928822783,1.7477436922740093,1.3672110610516492,-1.1100016450757935,-0.39290175693317464,-0.8750899317372179,-0.26937644676984474,0.2342268741074337,-1.4960043987297704,-0.892507733444196,1.4488655155768277,0.21086448874949282,0.49673921024711,-0.21774635421167265,1.3930581576102437,-2.3562752320292133,-0.5359953489955858,0.4993562677239658,-0.09799541602649287,6.593913414869519,0.6482073680164724
1.20870096136719,2.3158110555185676,0.5869911125765455,2.129519019363234,2.4268494603362285,2.3859493871890867,-1.8283298871597775,-0.7222763416219,2.4663655247853176,-0.4132790442416372,2.985835344006265,1.4043876099876473,1.2552250556074882,-1.2792424299414327,2.7478784776978307,-0.8893819299872527,2.395803801211319,-1.7407359228851693,-0.4346828606940052,-1.0126466749048189,-1.6334747284621227,2.84889338862675,0.06331199630929407,0.3974582109446636,0.38916264002595324,1.1985362386870424,1.8300148273467456,2.45884596241165,-1.8301953300291627,-1.6046533529917486,-2.5710713282693787,2.5008614991804787,-0.13257898100492516,-2.2719096030769723,1.6397549285009125,1.3245129503375828,-1.0932822157985438,0.6802941617209924,-0.9510302835787787,3.142940669776128,-1.4872548349346888,-0.48763644657582716,2.7557137452681095,-0.58558794249522,4.464889435177413,0.47802390756592417
1.260922282479201,1.5914081718608553,0.7364897847686924,0.9173190992301868,-0.09975102620089105,1.2310141878407328,-1.9710032231519916,0.2560934768375469,3.428027838514476,0.9281989503485251,2.101530098687513,0.1872249859866877,-0.7107298036312003,-2.4490645123698855,2.6038919883630287,-0.9617620961492849,-0.24708176183576436,0.0707696609660855,-1.2401354993985825,1.232512961753727,-1.3067625535091447,3.906920762288038,0.3821017978138591,-0.018820986500921455,0.6636191064921336,-0.8077070795183606,2.058385088730013,3.321631409380772,-2.5176761867599433,-0.5227734845288802,-1.6095302544066326,1.5102676947508287,1.7536510379738095,-1.5760267606153395,0.5115795940717885,2.3691133004539036,1.6457083400982992,1.8785035125101253,2.2301725332265647,1.833606187116802,-3.0575629599591885,1.461285143929492,-0.039489988232007,1.1375610319530314,3.252739206575089,1.3085923652625495
0.9680328633525994,1.7556128323427642,0.16367667921478302,2.542026744825735,-1.971816617998932,1.3135648759454652,-1.2638124695525434,-0.3728320431555985,2.058881883928735,-0.6759183451182391,2.89937377921687,2.2953231756797643,-2.9030008084101704,-1.5386490848808974,0.8825639014825621,-1.3242712258176954,0.47130748988297,-0.05085208487897752,-1.6026907233933063,-0.7201464450387183,-1.1498092663645405,1.9615836337758055,0.6557948152551648,-0.3693073529115145,-0.07620368146592726,-3.5557877778390092,1.4770573234085678,2.392866101108155,-1.075016630585636,-1.6965299566918801,-2.3170389476933395,0.6889601045101513,0.4900569161015943,-2.4928267463085616,-0.33443735959826615,1.4264284567146368,0.42158722579789887,0.661983283884432,0.9298532671414805,1.5844072236281888,-1.1727967075059504,0.42199011143513143,2.176289927176649,0.5201621782104013,2.930411315580393,1.3460073477872951
1.3708681003601721,1.404050341565604,0.381593851385319,0.6699979838501285,-1.876644624485177,0.3848532552451913,-0.7791369491896852,-0.022522723942787648,1.6775783641388435,-0.05879002204581407,0.6223065420264486,0.49787039338999917,-2.044645877635039,-0.5997556200394112,0.5360127087408466,-0.6393762789783781,1.0861965148356811,-1.0034725643943216,-1.6891542198087812,-1.655983078621266,-1.157762955080985,3.391498513432122,-0.31751632880787173,1.24261645821805,0.3275746439162629,-2.8422596542073384,0.7955211038140462,3.183386761258534,-1.5731492625897308,-0.124688658227465,-2.075615368824597,1.6910622456132993,0.7765966254622556,-2.1165256401328785,0.7092657699360392,2.2888823818920643,0.6186433627742538,0.7844428869185543,0.6656921206544776,1.921585215672975,-0.6309155117548187,0.6475183569411638,1.2666683532729095,1.0750548512302212,3.466450554977575,1.0720852906474414
1.00127853400821,1.555219139726558,1.7748578512917248,1.0924578281906472,1.1560904709524507,2.0257724164503874,0.015079743213046282,-2.835550449989114,1.8348489957850806,1.7606152747964914,2.630237233626569,-2.110331332142568,-0.9398727353735571,0.03219259008125808,0.12077974467818553,-2.413107874109612,1.1789030031321097,-2.220985447470944,-1.9065951045030887,-3.618444786785198,-1.6748900198317904,0.7864054337207445,1.3931970252619124,1.3166608335252779,2.835746261470483,-1.974638904690707,-0.03226981684697794,1.4746636242487745,-1.3379685242459392,-1.352181895784893,-0.07789615020827068,2.33982608809009,1.0883560818581073,-0.13004563378952527,2.468338935109112,2.691732331067139,-0.5303627965565817,1.1281568798990629,0.39037185055722,2.0186603914554344,-2.279009642120031,0.497277562051752,2.281168451783689,-0.02091647385984785,2.4359038978231684,0.7299429199455268
1.275316347700795,2.6340658528611725,0.10062449968350928,0.5833470264331697,0.7587365140949418,2.3568724759501745,-1.4888398027472682,-0.6795812056963134,2.5670851946689783,-0.4829318306365864,2.376693086577604,2.088085991243202,-0.563774042536323,-1.6848774874625805,2.4209948505464647,-1.0160175781062746,0.27179438797007893,-1.4998386901847751,-1.1056287256659287,-0.3372757352956621,-2.010427064117769,2.6197196315608586,2.1128542437973885,-0.8158517091501369,-0.34333634278032554,-1.0279680537081037,2.4693342336355943,2.1047377853613467,-1.4410731579809357,-2.1482814785068527,-2.352475393716468,3.3604646071420685,0.8893889422801636,-2.1140783314404388,2.1818967597252907,1.7198452871527956,1.20203543614247,0.8553292274103008,1.4446941869254921,3.288875469318742,-1.2454585454230238,1.4506993701462072,0.18282272423019252,0.4340456097651928,5.497891126564619,1.0622390366395091
-0.8357623788848685,2.1608172918779696,2.0655747290331075,-0.18609403131311764,-0.4980591202805138,2.213220464201542,-1.5822290245110373,-2.793355115366471,-1.0496269890834844,1.9322014548515896,0.9286249453450912,2.8198217366281093,-1.9176660139166382,-1.7421300557219899,1.8197254202942605,-3.3495758557827537,2.673174515213147,-1.2933657816772903,-3.38162582800127,-1.8893736967782835,0.23569028854415763,-3.1137853000079736,2.7193390355283515,4.063184228920891,2.465123653036231,-2.706914476077811,1.1911391729837812,-2.145120602483135,2.0567530926113786,-1.1672750293875054,2.228938200625863,3.508997247005521,-3.101112367448055,2.812850970992436,4.49126283856965,-1.7417755914054545,-3.4356093090009727,-1.7875402256539428,-4.049352606053798,3.5801022563357194,-2.3420674339458847,-2.984795148734595,1.6199597555415166,-3.2853827328612084,2.7212902303732758,-2.1886030616803835
0.7816649164368099,0.870496961589672,2.793536478095956,1.7536266961295377,0.306000128904966,1.4282208915392351,-0.8424474470040662,-3.463801451554136,2.7640708549580535,1.7135009018557763,2.677615437479693,0.7266160094811652,-1.4188106135028153,-0.6240100215423176,0.19473116082644282,-2.7429111162341417,2.041999252171471,-3.104154048454201,-2.74514292319581,-2.596848913720261,-1.6153598721077935,-1.0784398405668085,3.2767946018885397,3.5022590945138887,1.524869581063463,-2.3049962446343346,0.3382959790901394,-0.5219879056606336,-0.2268416007027052,-0.3186618260671058,-0.7484137311180171,0.05494530605411496,0.6643881641451832,-0.05686393641241683,0.9237800256809745,1.9860580073947347,0.7442665928496456,1.04180538038914,-0.09808722366612677,-0.08298204653315855,-2.275518808444142,0.5627029571514233,1.44030870461952,0.13216838108489815,1.775305832697059,0.6978184025217938
1.6959924155546926,2.8062749612504763,2.035554937270909,1.7875051098655876,0.23234282858862232,2.5974844610435093,-1.7817654251721424,-1.659072494955371,3.0916695224223045,1.040665095381687,2.7648054536846467,0.07071510676886317,-1.20073422270151,-2.4491222628161053,1.936461330009924,-1.8301754564745938,0.9029938764200289,-0.558692587948443,-1.2021765410883707,-2.2933549634340875,-1.975018253752415,1.639845114699714,1.6081469913940676,3.221442990091406,1.3096307124547977,-1.655109046827287,2.3714754910752136,1.6510421859645565,-2.124011081338588,-1.490131675980968,-1.4416087123530876,0.027676971043324006,0.594530075026878,-1.7027147673065783,-0.1324614874188752,1.1483185053618479,0.5824505086758374,0.7771561030652477,1.197620752390532,1.402252371380436,-1.562415934511092,0.7760839404264044,1.6755758913204994,0.3059866144485571,5.664820395138118,0.3565175555324369
0.815991217330218,1.1508207861961162,1.3056388302655217,-0.2437706944675302,0.17757400778960267,0.8399625555979806,-1.3543534473210412,-1.5080709135379131,1.48685345297879,1.2871478957430655,0.3113739637434856,0.37741489089580815,-0.7793936393564276,-1.2776677171328217,1.424361909547463,-1.986830898398298,0.08314917312285086,-2.2141459998508357,-0.9077596187215731,-2.0779516962305546,-1.4491004112185482,0.906724256575911,3.6057338839671265,1.608846671852225,1.2662758865685109,-1.5990898393497417,1.7402260934015472,1.515893365330826,-0.880826440645728,-2.0342696905463824,-1.8330630583578293,-0.6521250165053962,-0.08928863948315757,-1.390138703340865,-0.8434839453306671,1.1682540356479052,0.2046321103878691,-0.13246168544373482,0.3941530360639077,-1.1216453975474543,-1.9503846116374188,0.9446116180082247,3.5069793246929484,0.2507439343508431,1.704725221211574,0.9863530599971033
2.2120160607896056,0.8869605461025054,1.7083893941502195,1.85088314213791,-0.8294533606554267,1.6798246718072098,-1.8875824500870533,-2.780588373193086,3.6141966936377896,2.0596079284935316,1.3557759348073306,-1.4278300848417287,-1.4032737168861733,-2.3113750763853806,1.4381518947260703,-2.697039022617488,2.0311897741171396,-2.6781967592730442,-2.1126527313470325,-1.8871985459816165,-2.9216666237710953,1.8476647399951127,2.099698694001671,2.3185737552270838,2.3273136306179043,-1.9295089989767373,1.167307837602304,1.6144383940443545,-1.864324392731929,-1.544061934190242,-0.8856664952099585,-0.10869581197449008,1.4020287007501537,-0.7482805784967888,-0.5995209111984376,1.2607471506877665,1.5625732922318352,0.7886132919503835,1.255284185881984,1.2177687109083437,-1.691084478502561,1.0929062413735278,4.894397757525226,1.1437905966649935,3.0161002916560924,1.346551510630345
1.4119177659220457,2.2033703791956833,2.008776169062699,1.589017048497582,-0.09905126422026628,2.8609743987538527,-1.3795392624265208,-1.2614208263862539,2.6358275333763013,1.9693127800010417,2.9715631283355295,3.156108301462776,-2.4375522812291424,-1.6652875696614315,2.6204649795486645,-1.1207225930312859,1.418567293694722,-2.2688242548025457,-1.052894058827034,-2.806666129659117,-1.5630993642473168,2.59194577825893,0.7315034216935364,2.9564616986427197,1.2931781257260573,-2.8207245160718744,1.5548240400779487,2.1648077941251276,-2.4767281288775633,-0.6226018793389354,-2.0604186746035866,-0.9415030160527633,1.4341115635440762,-2.387352793538501,-1.85322534284065,2.4669689449705547,1.082264757766397,1.7605822526269566,1.8231753302798475,-0.8917584574883619,-1.107931165129538,1.7766670732026881,2.807111443921821,1.440369523073109,3.5399322489959855,1.4294967168172128
2.0948177513604374,1.6728625890574924,1.9109001260242722,1.6714356467233233,-1.5536603339668473,2.4121811042461925,-1.5110185130236744,-2.4402684677575,4.04595559248966,1.7879629835550679,2.4320483231197456,-1.308517210609623,-1.966216666938572,-1.59145441782174,1.884861908323684,-3.1256439409108507,1.7446936839082383,-2.4261331251693967,-1.9264749939181045,-2.7271133936031635,-1.4503146483947338,3.3636255392953203,4.612142958609611,2.124055773380345,1.3200470722173614,-2.385620715250221,1.9476379162435349,2.9990064290105325,-3.1833237386370974,-1.7761778702497621,-3.9206420481555204,4.752392299909786,1.9727765620098614,-3.772842816958911,4.938573727965306,2.838674148165159,1.8172739622566139,1.2378124049180914,1.7446499789162755,2.9913570829501577,0.6041109756107417,1.5016287273337778,1.6752292027629805,2.007996877311987,1.1328815836707236,2.541347029010349
1.650173970996686,2.953934142043181,2.2618049486137966,1.119774712224037,1.094027491482155,2.77783278930827,-2.1967511291666133,-1.3923248483670814,0.7180398091088345,1.6114958832294732,1.3668773531687144,3.401209815395232,-0.47345265466945474,-2.5366008554285497,2.3581567900972558,-2.7464569637438525,-0.36958360559933734,-2.6159172743925962,-2.521272398288387,-0.7840374602105464,-1.8302653249192338,3.206450712823157,1.6663828042191962,2.741110602285549,1.8463802807080383,-0.909775920875834,2.525951408601556,3.2934451348213285,-3.640589912356349,-2.271024317373513,-1.9849489622469991,0.9161405802325788,2.816353290428121,-1.63841097600268,0.338134645362798,3.8544473933989796,3.3263133498163615,3.0729366576919697,3.4478047672701218,1.0897463110789474,-2.0052954009152524,1.959757442129425,2.1226527856960913,3.030873857440724,4.7192814979304325,4.166295244908952
0.46209479974066736,1.7999829406621348,1.5880105322274274,1.3276709248276375,2.6849748244414577,1.8446844254943255,-1.321346676156509,-0.4667417316134159,2.783195484543331,1.3461770721176647,1.4429589370478282,-0.12776738761012152,1.9450542109330904,-0.8857439633599223,2.3069072221841296,-1.5943567530395228,0.9477181270497252,-0.8383151754263629,-1.0943479174397346,0.6433099253277865,-0.8887893288621884,1.8149940710808192,2.120795514244148,1.2844518131928937,1.1128970102454325,2.3343343882892325,1.461040342241943,1.5346066837054733,-0.859519301764504,-1.3944750414738696,-1.5607653181953955,4.365137695107692,0.5423405018244555,-1.1989527965507973,4.493741744740093,1.4842292254973106,0.6467594769078029,1.5433342257960483,0.4667887709002343,5.600171638539892,0.3162331562128471,0.17487218899982004,2.5617983427153623,0.4775394419291227,2.719505507323484,0.48566849828739755
2.416786690470607,1.2764784373443885,0.44506992156170244,4.277735225109019,0.09693562870989848,1.4978308536008718,-1.8645588344838648,-0.3560032798822431,3.656453179860205,-1.3790953458522666,3.526411943837937,-0.9407097626350771,-0.9711937096248764,-1.370712998502158,2.3860407380476225,-1.5033857556270898,0.3350267580499535,-0.9231876153692615,-2.102539780640737,-0.4267835757753442,-2.653804293093391,4.1161623534911,2.7568836252725193,-1.0820344582717343,-0.049975905260918774,-1.7126787822953333,1.3367093586256193,3.46964463147018,-2.981693726025073,-0.2214777931090921,-3.2202542684790116,0.07932927922350896,2.3703344433026774,-2.9626227887988765,-0.4013015923327321,3.235527032714738,1.780599083525836,2.67230952531111,1.505426260604267,0.2559599010816367,-1.7570647257861247,1.8286906444153992,-0.011666493866349104,2.157366930883814,1.759626922845686,2.8991067596295683
1.7853213051779078,1.5030365434157757,4.454842271161894,-0.2905256124056168,1.3042438891834323,1.4791991310614876,-0.748468224319924,-5.289908634223233,2.326968681296088,4.803509709638325,0.6618978909280457,4.482028302884399,-0.058695142392780286,-1.1161873080485476,1.0372406834058479,-2.6805242303458416,5.006358934574846,-4.894221325687475,-2.510050093083721,-4.414704417286989,-2.1853501901390753,1.1513682011991455,4.374277060304408,5.46204362450793,4.150631248556793,-0.6814603777778887,1.028596501287883,1.390708662261738,-2.5463557854556127,0.2739743032274271,0.07073496656875644,0.5116128591681918,1.7499677641555214,-0.13551712428809148,1.6754443496859253,2.313176511748563,1.712674676049229,1.7662047046812923,1.4895229782568018,0.3902328166390834,-0.07424790113445767,1.7890547325516866,2.9241597791681704,1.5430793412990373,2.8011276681201154,2.3697409433214673
2.026448838820634,1.764879290474004,0.3971303527178889,3.876149152798882,-0.3307483591682496,0.7182665822581971,-0.4482655844017678,-1.7425146251020216,2.4013676953302268,-1.4742508150212006,1.528192718125064,1.6700523758066554,-2.045536383212021,-0.724564187528202,0.1576119008555854,-2.076255923258411,0.7765175263729687,-1.228585460370125,-0.9566068274325426,-2.717462143267413,-3.054815504728167,2.9632442472203033,1.6508332887146304,-1.2754766817112901,0.15277300338953137,-3.028797179207927,-0.28734033300089656,2.898003924829482,-3.2820496545514564,-0.3579715745028613,-1.7855972449218511,-0.1251725924646403,3.664376345503134,-1.916940604291833,-1.0902120333261267,4.899951558887285,2.716670140482062,3.591840767532334,4.0332940191168865,0.5028761271102999,-0.9329433944931874,3.0824628090867257,0.8741265098131122,1.9877698499108776,4.000283333773733,2.4360897425335604
2.1236004629114964,3.555983631052671,2.5602200050369617,1.6565408380919007,2.4806575180949477,3.1196714467735274,-2.238729994858302,-4.18077935954468,1.166630350801383,2.3761877092991215,1.801991608233217,1.9735546182753174,1.1504132446026172,-1.5854428913496936,2.8568879207120794,-4.15997306438986,3.8732727474428748,-3.1333610907362464,-3.3212791008842846,-2.6057599151516118,-2.2584514478260473,0.8562625630898715,3.0934261695602725,3.3751378113595827,2.0940825888687695,0.07061888773000558,2.1070238863725383,1.0645497359429548,-1.2334237648987871,-1.2860852705424592,-0.37555770361393237,-0.49692133228636304,-0.5496651543877689,-0.4358792671050524,-0.8826593249156889,0.5395692978247544,-0.8817680844231887,-0.47865748970885424,-1.152764358239797,1.3040622473773456,-2.3721782611103412,0.032547660599546835,1.8372686779569656,-0.24775378110061896,5.687785305399424,0.9917883123007003
1.653004179238311,2.0587830935966687,0.8537445969670724,3.227232159385353,-0.30399527993528486,1.7496586745068714,-1.1727515390866063,-1.1558946206035543,3.3201374964471806,0.19466944133115127,3.5628278731051974,3.1218876069314603,-1.3251083287265537,-1.475674074267368,1.3359086207633326,-1.8212794444290723,1.7211862888134482,-2.102700915051268,-0.5910280494645689,-0.8309254834288182,-1.8723919766988635,3.6993498729851364,-0.4158753215157005,-0.21241112540414164,0.17474973513844705,-2.059428352950531,0.4435807039187708,2.8624567391695734,-1.73006081520033,-0.1320049694835852,-2.221294876434653,1.926933261974102,1.3815103364042043,-2.251286537522679,1.1646754624376587,1.8952249212398593,1.263571304360962,1.5653328633657069,0.45661180883359787,2.4237360286374,-1.2148682188365456,-0.0060467141971594085,0.19070380257937924,1.0268721867510382,3.6885045526154716,1.5555671449141288
1.2817996180903182,-0.10300343954843827,1.406422150657979,1.5757788433793847,-0.7819966378812726,-0.4987427912537743,-0.7793185953028404,-2.5845859057844827,2.0529181441833564,1.3119537300862638,3.446295958036486,0.6120566927646569,-1.721762167198908,-0.7157991641863806,1.1740356315746987,-3.107363931284512,1.8314003918646267,-1.8765593913614964,-2.442578046521853,-2.662605844615774,-2.2363350529674806,1.3845330078524447,3.1158001145343572,1.637669650624856,1.4654489975710616,-2.1918998944096586,0.34558036611062803,1.1720999376361079,-1.0842651785592547,0.1572020089111612,-0.9876023774178572,0.28814704187531515,0.5161356517127481,-0.8053644460655719,0.3786261559483344,1.7803619657944496,0.9832995338087565,0.7105268327817822,-0.17820827991507904,1.1057949112718455,-0.994996404014354,-0.06798106578038166,4.207373440847314,1.1448456507034601,0.4743431983552848,1.7831657687828177
0.6751132571928232,1.6012328995984344,0.9505556794109509,1.0577062255845606,-0.33774363312369454,2.1820597949578566,-1.0865419624489459,-0.7803626088731473,2.3138464946676733,0.38205567189568695,1.956637912966976,0.14311203364004133,-1.819005561533356,-0.9793041889527212,1.589966477769359,-1.2768106433710746,0.7694917612389033,-0.24405507254335435,-2.501493539832407,-0.6810303350303949,-1.3402450827892758,0.7616049028482532,0.6030904682056104,1.3471247921272242,-0.17975379639565925,-2.6893831823573153,0.6832758878745002,0.5440751923434344,0.20047851467001832,-1.2643651579396067,-1.6578538322899818,-2.2319325955718066,-0.9590812254232537,-2.0021611572376887,-2.6453987351468227,-1.1118962796968672,-1.7702543687276853,-0.3025184483534087,-1.8163554577564043,-2.062237604234971,-4.138884319466372,-1.2761901202316603,2.281963241229244,-1.3755751542610843,3.8847028881942864,-1.0469336306077346
2.6474077005429604,1.6667397921416165,1.5688771901905973,1.0092511979750345,-0.33511878373637927,1.5176252082368336,-1.039425438177469,-1.9720349756080076,1.7935697830126618,1.2878575022221899,1.851414303860102,1.2891044736746449,-1.8996554869313511,-0.9270512009611883,1.4418734092989414,-1.980424700958816,1.5371542078161031,-2.1661151267433993,-1.438063970892618,-2.817023314167934,-1.9965522546498118,5.0858860157615515,0.9767385510418642,2.2038146034221744,1.449456639034177,-2.9561748501012657,0.5245584429752275,3.9035711937623168,-5.024828446430218,-0.37435707426834675,-3.4096762826233977,2.5178674189772616,4.414797927887802,-3.5411130359746674,1.9749066395882953,6.444410967377637,5.458437663360457,3.73676042106636,5.461380468264133,2.444157184723705,-1.5418624804393084,3.9480054012384955,0.08071962624188211,5.389583234317909,2.7070901152397235,6.6772156077021085
1.0213198026200319,2.0531053408767286,1.3981423543512084,0.0772010995488015,-1.4092492213812884,2.3350297880871254,-1.012540612278166,-0.9747195087785928,0.5532564999790508,1.0900381523295992,1.112531605018702,1.307309569444536,-2.496834396552334,-1.2961081019136242,1.37949452542153,-1.975706365182082,0.3416333617429642,-2.1802152531886487,-1.0983396597805393,-1.2277504065807525,-1.0457279717965031,1.1308935097439572,1.4541864842307044,2.6347497021783193,1.2260776017427641,-3.405588168773771,1.2272895331702274,1.2462015475487314,-0.3909959291544205,-0.6039253812911571,-1.0608770560596374,4.054242398011136,0.11788325008267142,-1.0465028276338453,4.087147730564271,1.7585977825858874,-0.16423357464782573,1.1123855784792158,0.36774478293140067,4.155505226706571,-0.8991259780015807,0.4945512651401194,2.169840805722074,-0.14051639514840653,3.288006398909412,1.4584690764851225
1.385586618918983,2.5630398338226774,2.268553990552909,2.5555001378327153,0.6603687407924862,2.3061652550178833,-1.9921419025456268,-2.2907527495601734,2.072953174616158,1.597172438672624,4.000197636711178,0.8611229400453236,-0.24215840731123783,-1.9206242981096582,1.756444652510684,-3.6511439475899135,2.5265985792712424,-1.778105724513985,-2.158904706572404,-3.133603746240542,-1.8136490936755458,1.5294039401595882,1.7560302500687726,2.122938272150928,1.5167626650945674,-0.428847002778898,1.879922513189706,1.4632875061637396,-1.4658452701523599,-0.5966395169554887,-2.1022310437958813,3.0943235389899018,0.1091618812137447,-2.010957367591771,2.9153778225859743,1.7612521002109474,-0.4718071649436383,0.45905672856877877,-0.17436621097704474,3.1412208293761754,-0.24235106357082747,-0.04080513460594393,1.1217953231177646,-0.2820993108505139,3.2518752137561746,0.31316998674847607
2.066828936186114,2.5172506948748095,1.5695586190136646,2.5080647124199418,-1.01909814103717,2.563099940759366,-2.5463951126538715,-2.35330818496564,0.9441040707924624,0.49688017243823357,2.7082406001192068,1.8836528793366556,-2.129278447849603,-1.8543532892595607,3.139855777506683,-1.7670003524487423,2.167651374732879,-2.1695292950286045,-0.7500215978706255,-2.538968998579512,-2.3581332938692396,2.727047341537642,1.8623845016729832,2.059858496241641,1.2995966540932244,-2.304556750401124,1.9666883413772356,2.8780134297798803,-2.198004417755974,-1.657655300384044,-2.2966674018684827,1.805917561816672,0.701138289166874,-2.853465374588389,0.8988377235659859,2.033526730892765,0.9534508020610869,1.7577206004122203,0.7249775574997446,1.8747090239713977,-0.30791400822795856,0.778014595967132,3.4482576130067972,-0.3906637902713077,4.171903944878878,-0.1179349568078294
1.1630646963394404,2.5734737878998386,1.876242189269996,1.9826866539068468,0.630554738469246,3.3780780171022817,-2.274301573299467,-1.963353254212993,3.1409912380205007,2.011855983706955,2.949737879466908,1.7000964737105282,-0.1201920889732534,-2.1739643754856357,2.255161855959957,-2.247833907156306,1.1142803923452047,-2.7188027407385613,-0.8129331282723474,-2.5473069669182204,-1.9589872963743638,2.0669432953054994,1.6864825479683767,3.0329325769911444,1.4045714673759153,-0.41069000657581234,2.7096844496811165,2.134561373130524,-2.18913711358705,-2.382456823405409,-1.2750835962345666,3.0994176821577173,0.9467170060686458,-1.0210609117917078,2.450033802305285,2.3180187727316395,0.9888385112829248,1.941094154049889,-0.03774812847336495,2.513239241637063,-0.5730342975293812,0.5154785021755681,1.0448435498423474,1.0041570609486092,4.039060243057862,1.5561156415512611
1.431176563150426,1.5702286057594896,0.2507906567866591,1.5757137470691283,-0.4231716951566442,1.5902717993730717,-1.9607678953812837,-0.7013313558281877,2.29021274557676,-0.5143966652876064,3.940584999780417,1.2977694074478558,-1.4040641077893328,-2.452021090883468,1.9234403870120353,-2.859102886102466,1.1362418524338709,-0.8619627939775183,-0.7528539091588773,-1.2746649357119868,-1.4611522090373918,2.6002894535551793,0.38157982838047133,0.5822243690893412,0.5407848267426123,-2.7814440609774067,2.250373440442514,2.550270662594993,-1.6557801057055164,-2.1516416281323316,-1.9575585611676802,2.4269256742917973,1.037488266026658,-1.7106468846669616,1.5197127699588913,1.076083140299486,0.3680013804650636,1.0509858704505595,0.6413062779560141,2.102363620494742,-0.3076502179541911,0.712689237684359,0.7761810309111292,-0.5651885038418383,2.82942932590187,-0.6011731070805135
1.6551946687763075,1.4998440441121708,2.1427653099408515,1.809391865030757,1.7110104622807798,1.71271202153715,-0.9999575674694745,-1.714525911514027,2.8175679927055355,1.717506261328372,2.1360034192853896,2.8289179720637656,0.20673418371255625,-1.2936082302970349,0.06345192156275803,-1.8744669036303367,1.095736976308917,-1.20362501643209,-1.629168588938972,-1.875492286738194,-2.360727287570368,2.986585516116806,1.9244840486097887,4.105824467172026,2.035617408422563,-1.2653431358726075,0.39229203020366676,2.848063845301336,-2.104936840952983,-0.3991217067695138,-2.2519524414998457,2.771886085258883,1.6910476889689567,-2.566559258206593,2.5635724526101757,1.355411286586906,0.6471774619477884,1.4237769835678817,1.6219234622101293,3.627780744121851,-0.6930247991026978,1.5609555536247595,3.342480811218441,-0.11283396026659764,3.0996487087778197,0.10263846812630284
0.6203270179538232,1.3826270829934992,1.6427253908962793,2.238812595291509,0.10002090475537623,1.3598427810341027,-1.4935004131101046,-1.4877920622117498,3.20172927748141,1.5486329327398844,2.7263501639530814,-0.06325175426421459,-1.118283272200682,-1.3846412493582745,1.5726784132060867,-1.9905854708529347,-0.15676231700179577,-1.7986217594746934,-1.184159515471141,-1.0312677857081625,-1.2353611325300689,0.5417599938159121,2.3100866281289534,2.468711427645684,1.2695686207477472,-1.9614191778731798,1.6610133651971053,0.11965953668773643,-1.4538177603385427,-0.8952953238264152,-0.3595182817465177,1.520842456426099,0.2554500060746535,-0.3932311561852686,1.4153595056076802,1.3041122694363585,1.8233958609964793,0.6085902132570915,-0.22145328073110893,1.020368543330804,-2.444548209051818,0.1871319267439674,-0.5279989952628477,1.2447062833054978,2.2825497259244862,1.2306472353771847
-0.031712747635501914,1.471308752376806,1.057623084992004,-0.8288462227390054,-0.24113103660244067,1.6126415191403665,-0.980269146417466,-1.8373954921212752,1.2166642499855138,0.8438180978598724,1.8001210188215766,1.5220547921371026,-1.4397140656881726,-0.7305825306455236,0.5282706443544254,-2.396780392731333,0.8011816712207175,-2.381332033642094,-2.5818223047888087,-1.8121253989635353,0.42968622778877474,-0.6757367072722662,0.7695457314468379,0.32283064675770023,1.6850092887656727,-2.5885255417782203,1.1085628792994133,-0.14939321812432094,-1.121579005910192,-0.6244112899787371,0.49306212066778055,4.32702465845751,0.3845408207917177,0.909194905221534,4.454825209772266,1.6735846059868074,0.1530343398257369,1.317787272777188,1.787170452787186,4.239952506297237,0.37152242875956154,1.656528761656022,0.942320685988776,0.3449762719516643,2.9760075223482025,-0.11074750380102594
0.6813743463138849,0.2332880641362336,0.25212883194897695,-0.31811368657180616,0.06326768298850861,0.5011564135468274,0.4014113014182743,-0.9131527458095083,2.197075346588625,0.17941152225486667,0.21030494375767939,3.7268364280052015,-0.6969131859621955,0.3434874706053155,0.06528805971989016,-1.746083321406735,0.40405209506877837,-0.577345191236093,-1.2159026886463302,-1.7464568779414118,-0.5278779920482806,1.2186476225632679,1.3529647412084098,-0.10727371637504968,0.006902214720347022,-0.8129061952535546,-0.18951692476548354,1.2905710950179916,-1.9601155825627767,0.6817559406313769,0.13096292343778804,-0.9070864001494068,1.4923426608459343,0.26686091479636387,-1.3526189054344921,2.1712231495706527,1.2899549390671243,1.6347109881928816,1.71949141418148,-0.8391988681839855,-3.8875622663544824,1.6842938946148887,1.8902713019646393,1.2681672403870565,-0.7858345514662277,2.271894617888196
1.0602306477516639,1.2684922594384749,1.8039144119298325,1.718665242185698,-1.3667755971857658,1.4936160153607054,-0.3793030407904865,-2.5937779356833044,1.6584218190869795,1.5978949502155162,2.5155542462648506,1.242647015484805,-2.4068298710512472,0.27137387576481076,0.272777831854468,-1.634494157265781,1.5178143892384943,-1.5981387964342078,-1.9210170891202025,-1.6558612740019423,-2.036248825821944,-0.7566550927445932,1.3968314714550705,2.0933212198332507,1.814800545837557,-2.937573633488837,0.32000785791820885,-0.026963946724422927,0.7161378852445657,-0.7140688940357993,0.3250524391235461,2.9129878275611514,-0.8660181858407638,0.24561379895229307,3.391868163663492,-0.5592250427083174,-1.3388508064615716,-0.19124967271120696,-2.2897487848564033,2.9789733697333722,-0.8399923397968206,-1.8547280409946558,3.1680715383751163,-0.8926951584386504,2.5393898496981953,-0.06253662086861245
1.5506902740611412,0.8853498136844782,1.9259984680595665,0.6438222719964155,-0.950744053261472,0.5449591416763131,-0.46041901935989604,-2.3855343093953545,0.024844605724236857,1.3716976345777434,1.4383206322409139,0.6335183490105601,-1.9263497030793797,-0.7894007831289216,0.4771072195681014,-1.8375843082609478,1.8395381911743813,-0.4779162705904638,-1.732186495393229,-1.4915786618643887,-1.7929446835526737,2.393874583574101,3.027500444399726,3.152410866981652,1.5925910216848576,-3.0059942929585386,0.987113036394941,2.149593629392506,-1.882217163541514,-0.6505018488112471,-2.277557461833757,4.554097904223207,1.0761314051134336,-1.9401610132480573,4.448285571385366,2.1905734854410692,1.6731268095936418,0.586069115758799,1.7331348239920232,3.670923846159317,-2.1096294426256392,0.9810897315232497,3.8843802379176404,1.4471701731408764,0.9794409234562962,1.8693850005480397
0.18458271025713957,0.5015047430176329,1.4556904881025683,0.16117838328085798,2.751502920247196,0.7627482863253443,-0.26288641902879695,-2.8885117434512275,0.9075546062929836,1.3427760020250687,0.8175198194100315,0.20726070841759792,1.6482196721953466,-0.31071036938422614,0.08355987294555312,-2.3675652999065475,2.2008524713730973,-3.601194921742642,-2.6463433224622595,-3.50807277439086,-0.9801531966893318,-1.0712840032102702,3.4951930401498914,0.9969596721656261,1.0666175265315068,1.8977722702080575,0.12898598630473934,-0.4523937081838254,-0.3154818891341642,0.5619830130841874,0.103818524929703,3.9080585688373004,0.3516257575534635,0.32830583112538614,4.361504077022855,1.3223231992487294,0.003884415934356289,1.4022069098126955,1.0439956327976034,3.731959400759481,0.14392851523338623,1.1687657407088805,3.551994465939724,-0.5012957411726329,2.0303653595608964,0.24446886797595546
0.9261205887483074,3.4848491991394512,1.469173501368174,0.7901530352004237,-1.643797739904247,3.1259372593576997,-1.0277529765884017,-1.9083695031768981,1.2750723059811295,0.8248777958905203,2.5182844767478922,1.248800048647235,-2.554211923757639,-0.8253797510934581,1.771099744159537,-1.6301073092580753,1.6851191977290765,-2.128797453820697,-1.2514999318390574,-1.3037408114629219,-1.5280915113757794,0.2645326313532448,0.9179178834063157,1.76030819621789,1.4033596544076326,-2.9862804886967336,1.34702070513416,1.0590814609164632,-0.6544801449223763,-0.3597571553153661,-1.6073246764659672,0.9795808547764283,-0.28956543851983696,-1.4311173619520934,0.16800299075080172,0.7419893414663838,-0.29865217562518864,0.22262533865012735,-0.4342374319464348,2.164375489383191,-2.2677268292243493,-0.6530160656892101,1.0917542751414064,-0.8069732419701938,6.309174260150272,0.06799443277208006
0.211243702873102,-0.4961687179983607,1.937503504583535,-1.260764998114368,-1.7521225736422599,-0.26346300408773504,0.5344417102388095,-1.518563098655421,-0.031673284545150615,2.3298518447582914,1.1346141914403916,2.5478846212319137,-2.757303860301042,0.31223116154471353,-0.8130716910571272,-1.6715932268555909,1.476071068388067,-1.5713189348240766,-3.1214962206086083,-1.9278742813358598,-0.3914772583019892,0.45532546675246555,2.7057153201649906,3.0080651553738953,1.683718109052624,-2.954585271338523,-0.5690173536220935,1.0575066734620253,-0.9724456964449041,0.754122836450632,0.1651045917873628,-2.0892177330835775,0.8169382180592389,0.5000626122281513,-1.929916181758544,1.7209559366082905,0.5689986024049782,1.6543977128477865,1.4914537778853965,-2.0513119143779956,-3.0350959849872643,1.0216979268538515,1.2608799486186577,1.1227136192850748,-0.3761759536917486,1.8381912918053958
0.3074724034534394,2.188820205485449,1.6411078060348279,-0.2639301698675438,-0.7251693758035654,1.6715203963692988,-1.2518597227292265,-1.1569171507593456,2.040206253937744,2.262991928725099,1.4325287551370336,1.687842185308275,-2.298211800264954,-0.9378233697877951,1.4912930274101253,-1.928947734182942,-0.016638001218868492,-0.5248484332405638,-1.2503946884837196,-2.8583281262199964,-0.6830307312872623,0.4158179695670092,1.4739819074036384,2.570748725702692,1.059073501070287,-2.7707414685536564,1.483902523587819,0.6279723171757741,-1.201338482209021,-1.08783281555161,-0.7442886560845688,-0.1747048722328508,1.0307247346016146,-0.276134681565652,-0.2928323624654945,1.3726519483810309,0.8109452573654155,1.5926538350557162,0.8979722977232143,0.7078682552050635,-2.488623501058461,1.2320661634800594,1.8433381038852803,1.0959907509613063,5.709369091367498,1.89087091119075
1.3790494788382304,1.6432672103504657,1.5134687168932544,-1.2123537571083496,0.1648581125105366,1.6672895482944545,-1.8678168362734253,-1.073887511345924,-0.30863526573216893,2.1597093063957287,0.38238685755353385,0.8067102684723885,-0.1769109642541392,-1.9369462208028092,1.6640005092940449,-0.43250008252757643,0.38072210322957356,-1.4222998679623828,-1.4607100318130573,-1.7622864828146678,-0.9289128511824496,2.233944195533737,1.1639812289984521,1.075058240334425,1.7705438058802918,-0.9071177437290071,1.271649274867936,2.8519733855274465,-2.083343818300793,-1.2457319876425335,-1.5287531696287862,2.0823800267673125,1.4406446539240172,-1.3936175460182136,1.8873914177293214,2.239253419249687,0.7548536351341185,1.5089105606281523,3.3535713538562133,2.4848529591006567,-0.8327225992473212,2.457327611777589,-0.2831479554697236,1.6903003914420491,2.187578003959265,2.26661868448
-0.27322291118155095,1.7776707255267759,1.5345882237139996,-0.3588477916231769,0.3062298296757986,2.1790902573640074,-1.9126965922344894,-2.5406631798393944,1.0676316886620043,2.2579148597789036,1.7936421647296878,-1.4126465517912956,-1.587440065963168,-1.9806447323259324,3.304677673695679,-2.9201005441252597,2.158508743030267,-2.3909825914583553,-2.614346997605934,-2.2657405891331415,-0.46773846440187206,-1.780287911283637,2.3207220343015207,2.3722036964074777,1.3861101465342323,-2.673388048366828,1.9389474062300576,-1.6137534905038369,0.5485632452648164,-1.308394546023153,0.29081872765064243,1.6807579463695175,-1.4713235024447684,0.5281052891422799,2.262171839546034,-0.3016510520482303,-1.3852520696597144,-0.830379769794862,-1.334290247911216,1.9398715818811822,-2.4573700690912212,-1.0522217016035502,3.490936787206528,-1.4050729843276266,3.349237094492381,-1.2729578009712026
1.1561805236597,0.9588031433270467,1.0960716824706154,2.0625107196427033,-0.3567108584536727,0.5545470872654585,-0.6526042670100077,-2.0888151979351397,2.867250166391008,0.7089283531905644,3.2551092463401305,0.5262779509457193,-1.5084456062879283,-0.2811392151988963,1.5430109885265073,-0.9040242153074222,1.6333555445948735,-1.741663091537969,-2.989527838852153,-2.2681735083973207,-2.2625742507095725,1.8524556961712781,0.9888395027061383,2.180053315447378,1.9078934667157337,-2.3428867650270857,0.49972542886023585,1.736164558607705,-1.5617039818672662,-0.029475690685016986,-2.1408253162710427,-0.4065311295553846,1.0103249667487462,-1.911372162390253,-0.6497328885772964,1.2934999372409095,0.09996153700893451,1.4697871417525754,1.1278221974644311,0.16017920940047947,-3.3303431897386373,1.380438389209525,1.905359042927786,-0.08618896519044228,4.13559986751159,0.7669524129276408
1.0250181371793532,2.0222539429196145,0.6551396685819466,2.3052209523077827,1.8579727836286897,1.9044523813068475,-2.2165411728784266,-1.6063444366555015,2.434969455548393,0.1269686339139119,2.287132846150395,4.516189450719946,1.1459669646106008,-2.4622251824800467,2.106287997543121,-0.9630874679131668,2.1114568458887684,-2.2163737815507645,-2.3075129528929765,-0.7549018799859665,-2.013048815807412,1.6490634547204783,1.5719728839160791,-0.09699024136230716,0.9060704365030671,1.5135092394370302,1.409688807256657,2.2011978423601755,-2.4902420907089313,-0.7465143492051349,-1.1650610431262711,-2.0055551828970026,1.2489311680865542,-0.8042192322755821,-2.8626003385378995,2.7213171181460782,0.006362046708406677,0.9951030975825923,1.4186965543490673,-1.2295890951005382,-2.6254343078399156,0.9286275498405114,2.7847474062836906,0.2572690672590723,2.024114360750666,1.202718877788553
1.5306155629191003,2.0507067430588566,1.0763642088945362,3.529294880715917,0.5766900413277158,2.3680851760655663,-0.9192216040593348,-0.7934143368937361,4.570090671646817,0.3805758074753817,3.125426799575793,-1.138918405789745,-0.0065737943973323,-0.9653659857915838,1.2580492776581216,-1.6255044059661157,1.263051987997802,-0.7559472509277552,-0.5321019021619531,-0.6617672184225986,-1.8893796013255986,3.7904361252577203,1.3229104439419408,1.2241341087674669,0.4542367652309487,-0.8408823688123823,1.0412984790312465,3.4619725200488243,-2.644291680205752,-1.109011837369031,-3.181147820268234,1.7939035386507989,1.8107137024833495,-2.5638911312032535,1.048806293812001,3.14285024541252,1.9300014777628012,2.3016128553827513,1.609308356165221,2.12507411424145,-2.753723918875636,1.1261729792406616,2.7796074814654324,1.6896649098177954,2.8820693650810276,2.0049390049402023
1.6235139892439654,1.2625502669013837,2.448279493327988,3.3192459477571146,1.079483105657236,1.610239617797942,-1.751415464241098,-3.010011994559324,3.882733014999546,1.1759248316311763,3.844965092728469,0.8035245887875293,-0.8936399498172781,-1.7513319415044086,1.167287218570959,-3.5479964703783367,3.130131936123328,-2.0190591255171966,-1.2771185027822516,-3.5145449893706333,-2.4032900203653806,1.7296548494817872,3.14092775622823,4.290613205693394,2.482917069109411,-1.859409660854753,1.604773107507878,1.0369346123811574,-1.8179228725414,-0.3211776968594251,-1.5740722357471766,2.7981726726994793,0.23072355065952965,-0.9517974141940244,3.5105695450079324,0.3302290023602876,0.14421999088313553,1.2211390323249907,-0.5475659473896892,2.0837423077087363,-0.7251566710188267,-0.12517464464775574,-0.26259515628218444,0.5588079709685523,1.21225257171796,0.5359163886633653
1.0608636552685524,1.6030902692456972,1.4630925503369059,-0.31780114020836203,0.2503895959059813,1.3929111759690587,-1.2398179177807815,-0.7093194277408833,1.9656895175477693,1.3768497928480659,0.5215831032606715,0.31151402317422194,-1.0619211228267456,-0.8471911096313723,1.850705278493857,-0.9169111279609702,-0.03555714918189512,-0.9377185987269994,-1.5066861897640995,-0.11527740169579026,-0.7979995511802062,2.2257398333573,1.4024574923427826,1.7461437646980689,1.1164897613025913,-2.4459547905084866,1.5028257219135297,1.9054029679800957,-1.9953120042388512,-0.9222621691855228,-1.7071362028997863,1.6401273306963946,1.5179225572365143,-1.312080277767769,1.1710054112778374,3.111429681915214,1.096609062156572,1.9089857112920545,1.218732569467926,1.997909947804273,-1.37488657179111,1.4893492481915698,1.0945955714305375,0.7739173865410959,2.7062645346802126,0.7144321029974844
1.7832328122237509,2.548876505462868,0.899630632475144,2.9880328277824337,-0.9602573476166997,2.1892401774770667,-1.3392850983959927,-1.1136479288151684,3.218153321765045,0.6532683079783197,3.891473766393074,2.8562650290722265,-1.8457328538441138,-1.881783954535851,1.4361241615295701,-1.2093489433829432,1.4128440144040657,-0.5225332658176118,-1.4635597059173282,-1.3464120710537506,-2.6895326739873258,3.2099051824048166,1.9176438335189574,1.6898192460166204,0.9929624000267293,-2.293194823913124,0.54773321054588,3.270172487051486,-1.853071158901297,-0.38745635029711234,-2.2105814086224735,2.0439918452309853,0.3365137797508536,-2.5862478427624342,1.1913044350585846,0.6542708780093773,-0.09241451024731717,1.2272582820737266,-0.3411086316841294,3.266686300377774,-1.6561580196162557,-0.19060622478087774,0.7698690128368095,-0.0364992138349467,6.271336724981732,0.2599669110620151
1.3941074542186513,3.5240848673000986,1.5047250708230244,3.1740148972680977,-2.147763860276545,2.680913210278259,-2.221330133013163,-1.4158951432059652,2.5993888414883948,0.5586277546487892,3.982390552048263,0.24700461100494464,-2.769003621303172,-2.367107758202074,2.2917199313495376,-1.5572594904354493,-0.28380147953421786,-1.8425575947357942,-2.8520567837486297,-2.494022004646492,-2.132303600782088,2.3681457252872735,0.5074401305513518,1.797152501957116,1.5600779603700907,-3.5426707275555707,2.1901568117453802,2.1171688923275696,-2.282204543091047,-1.656485391081223,-2.1738206671804345,-0.025238869635619388,1.520205159267003,-2.3545285932737574,-1.2559039708867081,3.1105744492288587,1.8561557922804854,1.6615289196892273,2.8000845501454377,1.2908248309325627,-3.947822952006855,1.762787955559183,0.24624546821279725,1.4260771627086837,6.500836678108152,1.9952194561738144
1.7519097086487847,1.394436792963683,1.7207229799510126,3.2795697396663135,1.4742468672807214,1.0644602614627328,-1.1759794588568966,-1.5321434851947524,2.191434424329884,0.46753055429711343,3.9781804845403306,3.367732382911914,0.03814700930237169,-1.1536761203997874,1.2289101159116331,-1.2991156780023196,2.6458352742095714,-1.321552754928255,-0.9670401319402034,-2.9369649671504896,-1.9936433029717158,3.0693014334687785,2.745888786547278,3.0568553771523987,1.5300778307769765,-0.3954825630665224,1.483148653753014,2.4686078923385395,-2.0635037028056025,-0.9306848379425192,-1.5913945494604183,1.8432991103744603,2.073991350849478,-1.0691955325998446,1.8147975307464654,3.344097901366913,1.7055906745276708,2.614297960360517,2.1250765768096542,1.394239113726764,-0.71428991135346,1.9634155245580662,3.4157728374609935,1.1515844882403006,2.34959107304359,1.6201786339030326
1.7580029542279223,3.0420529730810593,2.494048607995111,2.69081350348769,2.035252571635187,3.3171700541558664,-1.8105956980168756,-3.1466671926552046,2.6491147218315234,1.8341743995830726,3.8966650728342414,1.1483162177633295,1.0195086582402757,-2.071355975759886,2.8250431470711854,-3.893832799514801,3.0072327593236747,-2.483317371711257,-4.038098481149399,-2.816617095811384,-2.214693983571512,2.504810834775476,2.361249641436337,4.303412820921588,2.3245577263257555,0.6534465128615055,2.0989450687642557,1.6714164669692202,-1.634568993979743,-0.6514729146719183,-1.937457211826552,3.6315781577125668,1.2013159359810424,-1.6568394818704983,3.8646828196272027,1.6295686516849919,1.6357926204283582,1.4772622368871193,1.0014961711649961,4.1965734061424635,-0.7485730383786479,0.911230565763044,2.207998681947565,0.9426081023170165,5.0155407907062255,1.1714892432984552
1.8897127087032137,2.2711207238687816,1.1291122785718017,-0.09165487210065781,-0.0005534461237091393,1.8061023065550834,-2.378861598133602,-0.6803188334378633,1.4679830883880487,1.1195814499665595,1.2254389193666706,1.512869965311125,-0.8305563174180248,-1.5845592167176599,3.1284448038838186,-2.0705505111242877,0.45724316303302315,-1.4427268806764888,-0.12675375604678218,-0.9191056037839329,-1.4607691604893804,3.729423188622963,0.30885371037844944,0.4949753159925079,0.8949025364470946,-2.013014162005749,2.3600157327482227,3.3168696658934387,-3.629437330735259,-1.2794406744644438,-2.484677666384719,2.6867409759083767,2.1522527354537457,-2.7487150018810826,1.5599085788981841,2.665816692480689,3.1707677009413184,2.5400015684079706,3.1799422713517727,4.148258435239806,-2.3185907905394934,2.4077449039293555,2.8409901010346674,3.451621540275076,4.52386547379619,3.6133468581781467
0.759212641231077,2.369379829041471,0.9576516482615762,-0.2878496892149083,1.98513837269121,2.0203964059581767,-1.5887662456549954,-1.1987041383398802,-0.16503015976494417,1.0623210492019448,1.3693970360201062,1.5495308989804468,0.37867262428860005,-1.0699042233505134,2.5634235593888213,-1.6429688567495895,0.6739004677387451,-0.8866201779466849,-1.4543567076306056,-1.3512137065272753,-1.6781391884205623,1.647133170465079,1.0264856045610664,0.9907847731895253,1.3331422406888693,-0.6315899470185786,1.8921533317338932,1.5902483466359603,-1.8288173583578764,-1.005817793603636,-0.8407441103862782,-0.5361570685356114,0.7731824320773877,-0.29663983556098494,-1.0036470102085222,1.5721291139604965,0.8445061433570096,2.0442059915556694,0.18830707716277162,0.6625231756478489,-2.6906743699943525,0.3899752009424956,2.328472932611862,1.3407625915106012,5.488871488713298,1.3836025520299238
1.8817140998851292,2.351157914928148,2.2069337378081926,1.3634738558746182,1.2312442419657086,1.9093804537511918,-1.905082090608844,-1.4729817065373443,2.828861769760897,1.7991873136639258,3.2657951947242427,0.5501655421263651,-0.6453080028203422,-1.300301284598976,2.61873185136981,-3.0558991511327127,2.282147630126717,-2.00587335804976,-2.122954732744128,-2.751219084226018,-2.027809336550644,3.4490423914054666,1.5484312747713478,3.5848459564602306,1.9752387360985264,-2.0307825686794483,2.1347489572761216,2.730737728731645,-3.8992661220392035,-0.6765923414829742,-2.6081642934262503,0.06008201790381973,2.618737480714293,-2.400097675931984,-0.021659683942486962,1.8027200835419332,2.193315609323526,3.22570433005548,3.301553044988106,0.9747908351139285,-1.8300497535603366,2.557309262846162,0.7654067766166448,1.5242237927705888,4.057162700612109,2.7217233541302996
1.314799164403164,0.6264019215535026,1.1961367199837483,2.251724403894935,-0.9096885897849233,0.49770823703629374,-0.5653978473286103,-1.061688199956524,2.4207139191380342,-0.20276145099263032,2.41784313978724,3.083394389226436,-1.2403567950433272,-0.6535897234588574,0.650400797606512,-0.3687494686400503,0.8579636874133152,-2.6587662929765745,-2.1167788139013495,-2.1345195188876613,-1.9711738209964522,1.9116412327776435,0.6884708112184983,1.9055038559167192,0.939031379706397,-2.0708987124970415,0.4506572899625012,1.8324448910007392,-1.3837188870324977,-0.8478202785647525,-1.3231470123305242,0.9216327297459591,0.6898739015349848,-0.8736707592148119,0.039304178201569506,0.5963515472829766,0.5164644150492816,1.2248049471200844,0.37052151449500137,2.2318122024770197,-1.752200206318666,0.4184378320111988,3.057426179226797,0.8025055979356293,2.836605885705273,0.9027819617815571
0.6753281332813839,2.33188638980574,0.8026899803064083,1.475070759975894,-1.4833821814389072,2.324532897539116,-1.8353155346810586,-1.5532915750024219,1.2296482248618674,0.227373701975203,2.5651203594848133,0.8342988159152228,-2.544311492391378,-1.798103026604902,1.9990754143809104,-1.8833409028128338,1.3993089926882274,-0.7424307433052768,-1.2551287483394862,-2.257748007093153,-1.180038175367465,0.6288179633876232,2.6926707327009174,1.8335223354409091,0.9914185070184536,-3.061980420382985,2.036348996982108,0.54142973952848,-0.6955095322303324,-0.9580657715889137,-0.45450132764958084,1.755707673259875,-0.8001107770113054,-0.7299638368554339,0.8735773868472081,-0.016994848115076344,-1.3070382573974855,-0.3702094571766603,-0.5464851056201383,2.360191491242402,-0.38206133555205013,0.31129541057596366,1.3736024110407037,-0.5299552915711057,4.524064461990244,0.12294864771532255
-0.6507428231574701,2.0320425335376293,2.0522930648457782,0.9680689097162738,-0.5222348777059459,2.0754147962546416,-2.1986020079176036,-1.6265905487802157,0.6248189887286812,2.4191000866137533,1.9967121584887024,1.1335962279864857,-1.170730085745479,-3.048463986817639,2.379459169015244,-2.850792739694949,0.673722208776746,-2.148621420079688,-0.8574666384856563,-3.144546129799962,-0.6136282500939179,-1.5440284808065154,2.288041213983545,2.085872586081075,1.961801312477058,-1.5909920182992212,1.5634446056903892,-1.3036028895809542,0.9562169678404462,-0.8554461383645818,1.023113413668096,0.6732212392340219,-2.0786633109397674,1.02244947407869,1.2998787779912686,-0.9121746939494417,-1.844858164439485,-1.0071880334608474,-2.1142744633814097,0.15066234495260322,-1.8363428835734275,-1.6207101314669896,1.0561856422357003,-1.4136744246259902,1.9700574878006412,-0.6306868663869181
2.652750525967148,2.267207419157934,0.8108370746543325,2.059885581402082,-1.470995565012705,1.5267151349316015,-1.5912624498433336,-0.6748585529304525,1.490231223634992,-0.08854120874360172,2.0277642816495187,1.5679619903501396,-2.495310975230738,-1.3489527255807041,1.8096980502788769,-1.6689125821629016,0.914474260317982,0.800340547110638,-1.2041049486955426,-0.48162958817174206,-2.3285056049734187,4.626388441821895,0.42283083307303393,0.26251716406962844,0.47950912304655025,-3.294459135920688,1.3353557892174979,4.537396707873149,-3.9366881506260754,-1.0703142527576541,-3.295274544628107,0.6911382807697495,3.1618477684690434,-2.899323244257234,-0.20946974392590856,4.301620271654282,4.3919905595424,3.6922391456644874,3.652683835344339,1.1056317001046607,-1.8159547517212482,3.1704451132001306,2.3168758722905016,3.851827603167508,3.563493095155705,4.444442754640232
1.882536957248278,2.3111975697424656,2.525438537217476,1.1657935883375097,-1.0795684791178797,2.102377273663738,-2.2681509421072965,-2.5738791049102536,2.1757428879727065,2.784338463116892,1.8099242340597703,1.2950650715032843,-1.9170696542596046,-2.4592783820452726,2.8612687960621126,-3.2218689156604476,1.7816349662064066,-0.9805019071464527,-1.4920366359591828,-2.9098223940939016,-2.180757613268785,2.0524049764085763,1.8381632188612995,4.129545093436597,2.4747736098326567,-2.049296427355281,2.359368467663105,1.6620691502737819,-2.415199134350191,-2.0206640383127805,-0.7652200644689461,0.5952968610025766,1.0266219359052406,-0.5638813667830614,0.7515217703852886,1.482560214860098,1.5518483757360175,1.622516540659129,1.8218420442041994,0.7728826350577963,-2.3093699653276,1.283844515592952,1.9296556148888726,0.9538032562892282,3.000213848867692,1.3282933490403388
1.3907665635513555,1.2902960186563714,2.5120663793821807,1.4138337187796437,0.3325545628900147,1.2103924857040271,-0.7629310384586744,-3.105020599152817,2.3483409987896215,2.2954571181237795,2.869272847103144,2.615632619473287,-1.9612669174193542,-0.08023295450833823,-0.18882350460488384,-3.2996286874109435,2.4581064237595225,-2.4866014397898897,-1.8798057000702513,-2.393137270566813,-1.7830633606977642,0.6356955979576207,2.0570445273324816,3.0218896097407137,2.476067753431833,-3.002301045040167,0.3707902806865735,0.8891199885075582,-1.505289293516581,0.3115465302489342,0.41302279271938347,0.1663557079651541,1.3855988624457514,0.5197224606177842,0.31422426695148686,2.746347027209434,0.1055725733052626,1.3592556251125023,1.2468723169984144,0.06181477944059566,-2.0870923830830157,1.3895739334059032,0.018823061050445622,-0.22261790565475414,2.716981787248515,-0.5918859065873836
1.5505040952819482,3.6756518838535133,0.6943840192275776,3.6465192990481956,-0.6093202435583206,2.5445537891186274,-2.5666083433415032,-0.5345607130635737,3.1402637492825,-1.12205289125675,3.025866735317752,1.845429913798087,-2.583761866256011,-2.6574336827692187,3.0851925191390492,-1.4270966406942645,0.5860922738800123,0.46640398898586,-0.5613637311058279,-1.1491582748849432,-1.956973848908734,3.2935299956424986,2.342583025256424,0.9875977299531093,-0.14097519889860344,-3.8772244833112874,1.8775467365135148,3.609849352831793,-3.3711022849790018,-1.3587847792749677,-2.421319713071629,2.352519186652427,2.1383224016746643,-2.0415143100883877,0.9306135086950539,3.9923624570906773,2.5092941637936983,2.544066029679331,1.2795952037709015,3.9854285393272297,-0.6150572174058824,1.4091911412941225,1.3526286646333758,1.8453721319723415,6.649297463044839,2.2933736871626547
2.063991482730484,1.997596939986232,1.457525195402083,4.943606113263364,0.19579978282041588,1.8936159590589592,-1.2014561207522985,-1.3682551665667009,5.422518321951616,-0.44647837948443536,3.487174837640394,1.240658766697438,-1.3296663377114688,-0.600438984314005,0.8476434024903943,-1.1232303846005056,0.9646324459312368,-2.0222088735785526,-1.4686101288849276,-2.3813195482949943,-3.190865549805007,3.8900461726599334,1.4223764724560566,1.9343181780102814,0.8069741976250707,-2.3539873246684815,0.47241473754272767,3.353219909612486,-3.830872543521199,0.1954626753395332,-2.615374977583815,1.3805684666566964,2.477829952626627,-2.3906375183145525,0.6085695716446516,3.49020409393395,1.206530643990881,2.9302403521975995,2.3410066853982014,2.3204572015074216,-2.7286555348690684,2.6657087595832647,1.375374671254013,0.8949375730613665,3.195412080521141,1.999374451053388
1.601307891711537,1.7801154149797216,0.9354493874491379,0.43742813909723877,0.44764235424605053,1.9843390207331537,-1.1524567805440382,-0.5578130272568386,1.494210510291807,0.5749613590236526,1.444778231084438,1.1020040925574164,-0.7308101019503986,-1.137975567208073,1.956841847086593,-1.7087390467283343,-0.03807633264216803,-0.4656422810740013,-1.719670737452654,-0.7559905420581654,-1.6267755058565692,2.2095422804051337,-1.357933382081463,2.0681350103158542,0.8467410527570088,-1.1522000849627365,1.1357030542483533,2.586468183034081,-2.839436734803772,-0.605348459883464,-2.05105621561446,0.8566783317963714,1.8106431012759512,-1.8919927346714356,0.48841027816334237,1.72103601090264,2.0646110277961207,2.670796049750418,3.833680022222695,1.6547644668452604,-0.0016810065747949743,3.172311427986023,2.015726629532855,1.272686486115505,4.377514276108562,1.7686189217854453
1.728088412202326,2.335735020055912,1.2572050819540221,3.297088955340577,1.5499188212167625,2.3836675046815277,-1.862358509873077,-1.366558620940043,4.542929557796475,0.2365347779556024,4.312128467337283,0.8061528671553416,-0.5088235689670124,-1.93706868365001,1.9048201953883814,-0.6712572102018994,1.2680904979570875,-1.1150694594759023,-1.2902449529714402,-2.438573933085937,-2.2694272767342447,3.8148531333290494,0.6625349443817405,1.7485914326045577,0.555773738550977,-1.6603125014374853,2.237955345344033,3.237606962572497,-4.2958733136461635,-0.9082871202521122,-2.6536490704891165,3.162730661898473,3.7360532794684924,-2.2975490393735805,2.771272555720669,4.854667581349907,2.870728954873881,3.9800211220842776,3.434814280239107,3.8478549247759792,1.3417799998829454,3.0472082839505616,0.4834614528404044,1.8760216092676596,3.171850358292852,1.8629279909629886
1.6480527540166985,3.7650431923935836,2.057052625794502,2.6687162963202873,0.03415457366284126,2.2422547839505897,-2.6273027818293,-0.7174818722337826,2.781742523811988,1.76899864730802,3.8947847642816207,0.3165960939505783,-0.8074726212465662,-2.842899629027788,2.9271497397454977,-0.8786609418776713,0.592774919469603,-1.3138766046093964,-1.0042027553826887,-1.1715840107435131,-2.019602216143919,3.020107461522236,0.9303619213296932,2.1588692937945355,1.4313864951960118,-1.1522122427753374,2.66496246527388,2.9136767299261233,-2.181040156620666,-1.6461143761223962,-1.9796645434286082,3.5099889179157735,1.0588973019022938,-1.790115377488692,3.3167309945368757,1.8112015551703498,0.4310971345884237,0.993001986622181,0.6234784340354473,3.2994528450613814,-0.003841112617090525,1.0883167197743004,1.0094891551997593,0.7450222299600323,6.428926004966484,1.7096612161207998
0.14860156141180725,1.6149643789510004,0.7496191881663399,1.0059682569906174,0.15861922372573867,1.467493060264117,-0.5534784989255017,-0.22367243915092083,1.031732800285708,0.3708606258950111,2.542581962299175,2.358753986429237,-1.2688582022134565,-0.5353027044183764,-0.2959674153999068,-0.38085206387649695,-0.4383716620670035,-0.39689012725653805,-1.4344786532782456,-0.8841379527882995,-0.5367431169237571,0.7109517180007259,0.7113895206954434,0.26071192151701217,0.6951940349438146,-1.7679878214439972,-0.025741205413347235,0.6191238403325143,-0.5202776320023503,1.7352228585748943,-0.31078191888657636,1.4814187984602034,0.4852363780854946,-0.2816625294603372,1.0369222711655146,1.2752083466734916,0.17944411708784835,0.17084957978241122,0.13434895298894078,1.3041381688655829,-1.95394863733085,-0.025398497353571248,1.004015502040001,0.6517393750051137,2.584698343381583,1.8003912354786966
1.0963236202036661,2.5859622815539662,1.7443312318548843,1.0861440728214262,-1.4460094823656573,3.029927939692482,-0.7702882049320499,-3.130217450228739,1.9724802370250758,1.0128997981910262,2.4835496218401967,0.7038432316251901,-2.7566867324804276,-0.3902441371739731,1.2719109468043455,-2.543433636927748,1.702778524648051,-3.0179554986831674,-1.4355425008717586,-2.305777104798838,-1.9431044321643969,-0.06521380386474895,2.3439870120548374,2.0393043831192355,2.1326095834040038,-3.685979858735675,0.7768824277751855,0.41436583702287755,-2.687634170355679,0.6450385564755787,-0.13867012279746538,0.32273062176390566,2.309006876818178,-0.0798199338980714,0.4482106784706552,3.2647775494722517,2.6693273770192185,2.8595103651057743,2.4243384312157104,1.3688839555936836,-3.3420904936475466,1.6455980678400235,3.627762145842202,2.217580503321729,5.206209098699107,3.5179423978559248
1.7848095281875684,0.039137996015110144,0.8629585990921963,1.3874929771295816,-0.6129207398940479,0.7924056657028962,-0.7271076385388562,-0.8722490466173969,2.665554888636338,-0.3644440783003473,0.7382510061225795,0.4673241589941157,-1.8448264169196906,-1.3381838930563963,1.025756135001902,-2.6278679789272883,2.0859997543994107,-1.550274962288541,-2.047012037803945,-1.2629686714294432,-1.7152298475283771,3.480454289145984,-1.4320419418311374,0.6321576159036426,-0.43540949913046245,-2.54752815673499,1.2323875452560236,3.3298459525025956,-3.056363395377395,-1.5306543982168987,-2.183139772284588,1.3997864175999752,2.094084286056976,-2.262807320976461,0.8036686747563165,2.9898673200727224,1.9039053376554695,2.395998758692029,2.0348237281896817,1.872399132567526,-1.898275154622639,1.9737843343847974,0.2929910059813079,1.5158868098024596,2.5306486595103683,2.1734520695340414
1.4815325079407589,3.0170876874950396,2.4378738300005405,2.987237609535532,-1.7376719050213336,2.6570566610242583,-1.7280108528138558,-3.7279508287079053,3.6035397924740975,1.3842612609145801,2.5578091560797853,0.49342611663019365,-3.3044389198023225,-1.406308531929557,2.5507135385742563,-3.5772138782663365,3.031537742803054,-2.502308704744057,-3.702083272858233,-3.2406214383391583,-2.844593483140218,1.656590751905772,2.7723430626514975,3.5497614670762623,3.00480206698717,-4.524386430774058,1.6915502470879709,1.9992740979688586,-1.6803367301969985,-1.9923623597262448,-0.7166357924554713,2.9150560457851493,0.3688766671049293,-0.4140421128692473,2.5972423338484245,0.44501503478978166,0.518880521394095,0.5247439158536903,0.4463204394757384,3.3243806546852896,-1.3842909059520059,0.84132410185735,0.21513523746287433,0.031564113270848515,4.640534091218544,0.9444602108117169
0.9774149538299189,2.5181749718087043,1.0453469124388486,1.9279661380159236,0.06119874608949247,2.5558769480817576,-1.6048087328205958,-0.4522748020194788,1.2277133973608905,0.6083776983202895,2.350497262133885,0.07268113698311329,-1.770521129031045,-1.3342257267238782,1.826106754982771,-0.974937782695901,1.1255269222437994,-0.22607899792737296,-1.7544270959374473,-1.0818604645945789,-1.5987874387923333,1.7297402973449947,1.2863912596294595,1.7393151352979002,0.7700744322735388,-2.8027884655817727,1.7241727087933105,1.7959510219842687,-1.6269652219118544,-0.8945610648065718,-1.3904420273259062,1.8334377000817106,0.4249998003456863,-1.3696490686777898,1.1168328540733605,1.4698184646046148,-0.8390123010880463,0.7594156248494613,0.5827039068165348,1.9032063883399561,-1.9913041569375114,0.17173974269136427,0.49786899809399054,-1.0998281293708703,2.9316471361888823,-0.11829243327703964
-0.4477796698056107,1.357862900749525,2.562612617801412,0.3376997960996442,0.7117180373938311,2.118475338108055,-1.0995104857051154,-1.6174643423959985,1.3633166937051957,2.7406156150765586,1.6430165407114026,0.12684742140057947,-0.05005884049950171,-0.38661886984786187,1.4285058506063262,-1.6419064231845748,0.2803433267157932,-1.291905581594912,-0.5491602661318817,-1.696422448080544,-0.49058449394821957,-1.3801000408286508,2.182616182896602,4.569040657321168,2.3165600917695706,-0.40621040776866235,1.5277527551563905,-1.0117593121667527,0.5926230766212559,-1.054428335583923,1.174773115242852,-2.303339127776032,-0.8689940266667702,0.8586774054560724,-1.7010143136663076,-0.27735425881665376,-0.15444681347296074,-0.11410166977707092,-1.2191096508506318,-1.9664325500252706,-2.0695959109876103,-1.0769617090881995,0.5019070035289674,-1.089647441881865,2.6040631175977578,-0.3962597400400276
-0.1732315086191396,2.6532021498373,0.7406881507780381,-0.07916470486603644,-0.7985054460018465,3.1556745840097564,-2.637830861359012,0.27307017175332415,0.42463534153971194,0.2511371533484765,0.3068472991373503,1.1418184408387622,-2.117445863806222,-2.369062108852328,3.57759947567325,-1.4201151514431323,-0.35641990004930246,-0.8593185059935927,-1.506890508895432,-0.7945120301547696,-0.7565006300366953,-0.8677925186934803,0.056248783733444,1.0070209585747059,0.3614413914328024,-2.825437016611457,2.123279099980264,-0.3514302934011979,0.12228731435354967,-1.6070578534088642,0.7763066152289089,0.496290355191247,-0.8629116530676271,0.737181192833734,0.5042106451602545,-0.5520958780794736,-1.2800050878578544,-0.21791935680297447,-1.2399248905149414,0.8626501298521163,-1.1850394210087944,-1.0316344280031071,1.408168541584245,-2.276940151445142,2.7498085218708477,-1.1919768989841417
1.134068431219947,3.113465180657604,1.9276569003050419,3.929230330269315,1.5046545783690433,2.357902082838869,-2.5020066743688867,-0.855306275394301,3.7685154465628257,1.2619540209155993,4.180373649890508,-1.8521852323142773,0.2661412540326338,-2.566053528223329,2.5720064082909735,-1.2851249774300135,1.861901018919131,-0.6068105470676136,-1.4655531674833606,-1.9248623665250568,-2.208895987362344,1.7067190995097774,1.4037542889876158,3.9486534389467236,2.2151350235040734,-0.4154000810991836,1.9675962509467992,1.7545252411115129,-1.209218767917378,-1.2076531911145305,-1.3279126220367379,3.104827530143254,0.2752070768827183,-1.4902786239156356,2.9201435196054844,1.087947208757478,0.5972306238758387,0.8466548019516112,-0.2800530373197454,1.7914448752777328,0.11857165999646369,-0.27658020488664037,1.1197323155095142,0.9197303262185548,3.253965484830461,1.8894837170248797
0.505126545120131,3.236864013197576,1.3290277160702009,1.0025925078100233,0.7783684561763987,2.544011704317932,-1.8873159463691485,-1.8506455643443145,3.9587573202928192,1.266471886724519,-1.1209230362468494,3.01703025236064,0.14603311428801158,-1.3656766405515695,2.9350154811149842,-1.820091707725635,1.9992401773726116,-1.4863023861834606,-0.7891251892262284,-3.069800685766648,-1.2440036642738432,0.2462559037078862,1.5598822118738491,1.6227169416381166,1.9798435745251899,-0.29727304830500345,1.909504837207526,0.6821544134704047,-1.2019083961065973,-1.9836994894985585,0.14035441970645257,1.9968348859568683,0.5514918903423021,0.5725484917872712,1.40010805171758,2.1551575165321526,0.21249551967144797,1.4001317888777558,0.7797575092576811,1.7970113500132023,0.3551762289560456,0.40902978714959726,2.3421958200153252,0.3729082001230658,5.322757346491532,1.3257001519696563
0.711202494804677,1.0314415503830252,2.6836792534067397,1.4231991671015398,-0.01479015783934276,1.4643106344300443,-1.0214806834429702,-4.1414484546244505,2.5867774163484714,2.4981843604799314,2.0941534259263115,3.0621735692728365,-0.35722097957347776,-1.31923701868517,1.503677450210702,-3.985295925082575,3.940760781047827,-3.8432513120050174,-2.4787138010735057,-2.901509844205117,-1.3838863984078078,-1.2551673512899275,3.3233387095070377,3.9193472979261976,2.8799611013532784,-0.832683010086227,2.080633957832981,-0.15657252299659974,-1.0037586586559986,-1.8718066661174055,0.7638036516506121,4.1915791954325,-0.20108215440832367,0.579055055095794,4.513625814134446,0.9937718768422739,0.3962570528353747,1.0218552649514825,0.30624634926437433,4.367817950004694,-0.2644901222190432,0.07226068518269235,1.6654077295437797,-0.20704047333615605,3.6929069908734404,0.33210604956814826
-0.5362869964564898,0.08915713222644595,1.5792365319529735,0.6464802164595005,-0.2255272727013624,-0.05781721268711548,-0.14863346440893088,0.7419202779439611,0.8827665266506848,1.9248458810654083,1.0957476128893064,0.6653513423067676,-2.1394502628929053,-0.25477379879826256,-0.4707953039963717,-1.0380334412905072,0.5335092755067575,0.11136948034000071,-0.2152128582602466,-0.7449451174522781,-0.12451207895794347,-0.4404410305658186,-0.4358798408224276,0.9397938773039495,1.1037576486384637,-3.1241589608041616,-0.17135464848580972,-0.11281877861146827,0.28948535444001267,-0.0202999708543794,-0.1291677893922596,1.9484429278234754,-0.6324818784900386,0.5656288160309937,2.7034957260676165,0.5339661542619736,-1.1095833021533816,-0.1630299511721678,-1.7516090770624613,2.1957038045065205,-0.4860085904126872,-1.5685480709866937,0.11422160860735708,-0.7135147822271528,1.6347654828891027,0.3414306877976643
2.7505037871166076,2.001821896163564,0.4775046476653515,4.673824519206501,-1.347699190165959,1.8219025243641724,-1.6190310341024432,-0.6149033812177854,4.025300457269818,-1.7718637542980862,3.4171723240965273,0.5386344000907342,-2.206085629581904,-2.012679232258828,2.3034951480612267,-1.808549324312791,-0.7117890818109844,-0.7285902130264549,-1.3963580739917472,-1.6883312018474914,-2.6412395620680886,4.672040890852708,-0.14667585245498715,-0.0005897436017701096,0.522413183623378,-2.6785775652521915,0.7848313115259284,3.9049323295921137,-3.2438596082990836,0.378966685467244,-2.402873301629193,2.3666481814539244,2.4025051104689643,-2.119206177331265,1.0472200665437787,3.2151339416601328,1.4205245472645305,2.678886521811489,0.7427497580304481,2.720263356607485,-2.420249682162749,1.1260048542961298,1.219583965527827,1.8475136465375228,4.182889082650072,2.9502237435835355
1.4564866290815233,1.172781969204078,2.2979051047516146,2.084069356300329,0.2791910342028651,2.007424772938199,-1.445032779907595,-3.3554744841140325,2.067977378198161,1.5817117217874204,2.56114379551446,1.2793213947916884,-1.6694021375844081,-2.242867340242733,0.6353985473694983,-2.8940085641475077,2.982143235816075,-2.12631316135612,-2.4644958925744467,-2.9842269314376995,-1.9771697038209584,1.389690660853753,1.7385710476358236,3.710784245663093,1.701220614056214,-2.5468295503861924,1.7869737017402265,2.229195551637781,-1.7017267885524794,-0.7617381261269917,-0.3410845922362409,2.214616052846223,0.3130277470539713,-0.008200620514786872,2.0308445025510595,0.9628444348468768,-0.006824836260380551,0.6015502894780059,-0.08285863904608703,3.073146073179604,-1.8921260365437358,-0.0911441359587597,2.6886972572010897,0.21990582440262108,2.803194307001832,1.5075562409885737
0.43911409988192474,2.237652897226247,2.034664286567688,-1.4100920450536938,-2.1292667906281575,1.947804351612184,-1.425411809567754,-2.2112085516782263,-0.412748048357491,2.9994208069676276,-0.06978750216289242,2.8689601791972907,-2.630759503249826,-1.2046779233037324,1.2764597667149749,-1.727458692777988,1.771635727279492,-2.2471985196937787,-2.3554866545738666,-2.4964639249967018,-0.1463630645191869,0.5490746624960865,2.569788400852996,2.7170260149031455,2.7754522059822513,-3.613961328477502,0.615729573454795,0.5639435460645723,-0.6996901123902144,-0.29378244067228587,-0.9551354854742843,1.1368110785571626,0.13012053624135733,-0.6774042200421054,1.1383007848425075,1.3510278514074352,0.6590286723479101,0.6105788299392595,0.8466687080373211,2.2397870063009386,-1.8111975456301406,0.32987721578298956,2.7862059941819197,0.8271347945175216,4.053948924813067,1.3283305599199053
0.3758386348632029,1.572370390090055,1.1786794129663016,1.012042363654583,-0.4139290470903325,2.278692862443809,-1.647751612806382,-0.9827042152965495,-0.19043950511961238,1.220338957852804,2.482212221444958,0.7376054210631146,-1.4313087037664052,-2.0016142373228476,1.4585926579768858,-2.6450804066240674,1.5269383346497907,-1.3031033999639776,-1.7148703832666754,-1.1162637818271843,-1.1717223680395745,1.1630248148567244,0.6886297364669158,1.3696173423539002,0.187515655244477,-1.6778647733589562,1.266697181565747,1.422280231811082,-1.5124251385348095,-0.32149469946123,-0.7096385323953672,-0.06100320926578795,0.7575955313894103,-0.7720211001919282,-0.4361431137938647,1.5895244756945992,0.9811392467581022,0.9609560308973754,1.109694152168403,0.01103507391029157,-1.6409552428350904,1.3035494203749671,2.542563314715176,0.6654651115690371,2.947551360915578,1.1114408466826315
0.9729786842436996,1.5518167926706588,0.6101839843164887,1.9051828331050267,0.028331980876105556,1.2709436133390115,-1.1668166947993812,-0.6352855731122936,1.9053270799084205,0.9503273486090844,4.495994172727075,1.9607330940577574,-1.054860924052141,-1.3255282938425064,2.2263847014540885,-0.9013910077078233,0.5200542331634013,-0.7863282157493755,-0.7852204535292152,-2.2498565803835855,-1.6693551933895354,2.080067716731407,1.071261556787857,0.8730606031236107,1.5666850685775244,-1.640886716543764,1.116122553447882,2.152814589728789,-2.478755170701284,-1.2143337055699925,-1.1852572587345975,2.215310757418668,2.172196133473938,-1.3897438625066356,1.660365908623214,4.087664718508727,2.0990917235359277,2.2313531115106375,2.961533103343249,1.7924363383203181,-1.4995617125766003,3.2319138207058264,2.82592659851143,1.5653884897989725,2.762865731031053,2.2057484255759574
1.186278175685908,1.2482352570355193,1.5923192432931224,0.49350131411102804,0.8756982232930464,1.9426986923219458,-1.1665874057551178,-0.9751975423863923,1.899120757741844,1.2400348646901036,1.2070488171909226,1.5383558879466988,-0.29955111912273824,-1.1894144576320544,1.2756625896181482,-2.0058828534866993,0.8925824242024943,-1.9308224123029945,-2.395378303024853,-2.2137786671154167,-1.1105397613863588,1.651808643190165,1.0538286276560038,1.790772043145771,0.8926042604166473,-0.626134155816866,0.8634710517682265,1.227051890471286,0.07656023906942022,-1.224463448899581,-2.060853603173263,0.6361366015815606,-0.9999734336781678,-2.1357417925724,0.5691384154377912,0.3379823814820013,-0.9163275689514984,0.013950331314332765,-1.695289254481929,0.5611538517132746,-1.6125841943780506,-0.95835993628849,3.668069925935691,0.2705600710656294,1.7124011859188744,0.5335737550509879
1.3623165358952978,0.7323490045256349,3.958024912052559,1.4740300810457563,-0.21156514334832816,0.8252072225236311,-0.889201707194536,-4.6979091820044925,3.192442030595133,4.290637370549169,1.4087272482509752,-2.287226249087027,-1.3776019419200396,-0.9405961423166154,0.8720927014944923,-3.8218019547782007,3.411004450348788,-3.3638983642419302,-2.3933312575812615,-3.8654843842729143,-2.0286115538809995,1.2224440775922716,3.3561570858910166,5.231820367182971,4.300368747602911,-1.6698390705895454,0.628417327867968,1.648607887660358,-1.6130462994363004,0.2076873874484364,-1.2246956067313395,1.8470045652733789,0.9884430338613578,-0.7089021395395035,2.734845819905738,2.607055537179848,1.1822416545897743,1.7291368547850374,1.1090960294462475,0.532536042018666,-0.35503304356422927,0.41227300755512364,2.715083129392735,-0.2581044985302037,1.9471898955346616,0.7646175096369988
0.4631102311284868,0.3740201824967764,1.4126016628089542,1.6253164902428827,-1.3144758639298488,0.0013656320946455747,-0.6414090449351474,-1.8946348646634281,2.5864046662919447,1.1675850074529273,3.600487463185398,1.4784986731422043,-2.3357385103107564,-0.4973236250122255,0.030471359166329703,-2.162681303535009,0.3212828386448827,-0.734380435588837,-1.0337697437409343,-1.091525437558106,-1.1143498203741897,-0.7889594095237626,2.6731141034313253,1.8931764244094929,1.282129992987945,-3.037245774651408,0.4775474112343876,-0.3889552025579539,-0.030635013538125477,-0.16200291362139918,-0.39219905394633314,3.2122817630013425,0.014112229303802293,-0.589494820108837,3.9913256011883274,0.49926163218227826,-0.030673264049721927,-0.06204958279946737,-0.4237228428763402,2.848628167049618,-0.43173537874539103,-0.9185185549188377,1.2802226225529956,-0.14678073110768608,1.1248861114943893,0.04134325088218627
2.0391484347184146,3.186141612326133,1.5298183993886516,1.9955671757787767,0.11688391462677197,2.388711559141025,-2.4739481106621035,-1.9461012887780984,2.2167306400910376,1.227074833843711,1.7997282136891326,1.5142050945067,-1.433105654454332,-2.856085763275301,2.6209246357780187,-1.890574096620021,1.412389986082147,-1.5623587497008558,-1.9300787943208133,-1.9194086176552707,-2.379355268854129,3.5920197042880986,2.682320823895139,1.8613653799469871,1.295253549227542,-1.7294429676012277,2.165136589250942,3.2577275927333993,-2.676945183386262,-2.05811372417433,-1.9821871700013434,4.4215800843149315,1.1525027455927113,-1.8111515138351262,3.8311310939594483,2.018411908687737,0.34184179242360135,1.3110793103425753,1.8613194433573197,4.631182847714064,-0.9478859030362223,1.7298944971580599,0.7067522567670477,1.0355387138541357,4.919154817880072,1.553619290280412
1.7037936128332123,1.882301663661981,1.3869472370276885,0.9538562037624438,-0.6364753485056596,2.2001182235265886,-1.4640285578828993,-1.191014720960223,1.930745824118561,0.9939412605159821,1.074191014287991,2.61275189707386,-1.9445247838926334,-1.6560184063786318,2.00620900819206,-1.4061859858875336,1.063744775405301,-0.16960738673810627,-2.6988866984277347,-1.5438040243766453,-1.888147873619264,2.297500442870807,2.5166592437597908,1.92471658975246,1.3826939011352848,-2.841375295094549,0.6936338764438065,2.1537933554360107,-1.8454061454744586,0.10763175211924081,-1.6788778536973412,2.0460263213962384,0.5828108210095782,-1.7663886502471982,1.8239770706713658,1.9915915959023511,0.963160339107849,0.7925425502345455,0.4576962876154088,1.5286897076012211,-2.78609986135075,1.043994345421934,3.8978047633606465,0.5447175712678717,2.245209817623045,1.4267363941418936
2.2876486641017033,0.21896099500935806,1.6341228611214715,1.8444442358416953,-0.3454713101003295,0.7506612173773284,-0.5531753400147846,-2.865062871210413,1.753947917445947,1.170322390181143,2.649683208366125,3.4600722815712825,-1.4399795114448624,-0.8788923103011551,-0.22132022248573713,-2.9958993142733217,2.662936068818453,-1.562728847447646,-1.8502748899919903,-2.506056307814146,-2.985321277131865,2.658059820238016,1.8801086457775351,3.191208682424757,1.9880057187042257,-1.2586920296194446,-0.02723265161350974,1.9277884382692427,-2.515106847246146,0.4810398963446778,-2.44762553794778,1.184904184341719,2.3208222009335624,-2.5347515811270913,1.2851288404201928,2.8021273882272055,2.5455051401673887,2.024878284072706,2.201576493146987,0.3433771740869762,-0.4027303639611637,2.2229415354934496,2.2695984937694846,2.490670093046451,0.03919891898802108,3.8449383976447558
0.6328606350585589,0.3715436383121473,1.5057042455501217,-1.1011111744973228,2.024741008927133,-0.752047084314045,0.11285763412348415,-0.9563522256980825,0.351043712649157,2.1167862422048906,-0.3062143927603431,5.8076930748528115,0.668223944520844,-0.060658330995369214,-0.7268589130492418,-0.8833590619367596,0.06231241739823545,0.01859398626036568,-0.5379664076444868,-2.233323913921992,-0.8740032194841773,0.5439652339093786,2.4355536761219856,0.9692719283677379,1.2174581201363253,0.3243031078810783,-1.0117022907497892,0.49355948113675874,-0.9735955620755752,0.980994498930984,-1.277055759040187,1.792415938061969,0.6877409437462103,-1.536352740052638,1.854287271872928,1.0692948113353895,1.0700006743855994,1.122383544780838,1.053943206886914,1.557535001558572,-2.9341215687586244,0.8431161463241214,1.8737427933294253,0.5895454452298646,-0.637270208244165,1.1204294136691664
1.2810931912907242,2.584318272472812,1.8308312666623225,1.6397152450935089,-0.27167828369490343,1.831267431073908,-1.7055491330912906,-0.915874160628039,2.70038871590808,0.615487659323392,1.0834123252771648,3.2050517288331326,-0.7284757655151497,-2.058679572303433,1.6399319677023816,-1.970822447706141,0.8701922911407592,-1.4177392695692939,-1.0135720075652694,-0.7202161238457155,-1.7386316003568265,2.1995078259648513,0.5799466053694039,2.8056520250260233,0.6912847720028836,-1.2483283598566588,1.0186518164314748,2.1418774249147194,-0.5632001819253516,-1.4271205408789336,-1.67354472402141,3.6601535874063504,-0.6364093755741151,-1.5716494310989773,3.614222822612917,0.23294201142288906,-0.9447712220017194,0.3254835852368059,-0.9225724357201799,3.7367432313363462,-0.6643027276638628,-0.7593835442480124,2.3472802076346735,-0.9887852094341207,4.167236621548939,-0.6866828711024762
0.9707800513012523,0.6583078981028738,1.0227652866703467,1.419561083641609,-1.2314592149677122,1.0355876925279177,-1.0384867363857564,-1.4748623432973547,1.9654511876724305,1.7400412811831318,2.0944216894859453,0.23785032770571934,-1.8987410756020258,-1.2371608496933035,0.13495774219799261,-2.755034325516025,0.14229304011640576,-1.6603718728175219,-1.9538104979767486,-1.9789185189575529,-1.3830386194954807,1.82156231517105,0.4140247532235747,1.479746114517745,1.840033001246307,-2.3074220508485235,0.3037484074168295,1.5214743647788658,-1.2820299880258221,-0.6720293782047417,-2.8408940315980535,0.9893571771074103,0.7639207092635678,-2.9857203308578426,0.5879004933746352,2.2715545059735947,-0.07020653866479087,0.5750556595934156,0.3694281499480049,1.6085205357463708,-2.120648505596738,0.5569407666601667,0.7656473865594053,-0.3889673074515023,-0.44678541670622174,-0.42347059549205146
0.1586795092046236,5.655560528357581,0.7714756116834425,-0.04986359384570149,1.294475367194837,4.57818531943742,-4.048726742466707,-0.4847136311646645,0.12558089930676997,0.4303476382061526,1.305276381843255,0.7363212133044004,0.7581523051893129,-3.750390748650103,4.562620164292304,-2.467210300945343,0.7796436801898361,0.8866942149742347,-0.6896752370066089,0.0038668471965839224,-0.5263036391454303,0.6065360063619547,0.32365444323955295,0.6617803619694207,0.5782097133354577,0.3430283358175088,3.601354373427538,0.8602497327416805,-2.592658085188027,-2.385419936478498,-0.8280070333907834,2.743298729168676,1.0192971088955332,-0.2645403935037274,1.3846588615282782,2.2403156315627824,1.4488690110628788,1.8110527604119888,1.3759919784240233,2.6823306678465655,-0.6074615693984751,0.7965162871633725,0.9809863849773595,0.899583385081454,7.74321918734027,1.5541821423739313
0.5198163334693213,1.9744694311164275,2.138041963818413,0.9129492464715764,0.034983374708310574,1.258611676314206,-1.9140204657420994,-2.3018420605891583,1.566072728147145,2.3180941576294787,2.4262593383989683,-0.19181873729629828,-1.3687721465803275,-2.2787236850917196,2.0866312379890717,-2.835200071194764,2.914041540648373,-1.672598424454355,-2.170584488943792,-2.5238338894708194,-1.3227900704530167,-0.11592471539643823,2.1718796743366098,3.740694795744398,2.0284612428498043,-2.402941097489932,1.8894470443415687,0.581238095518736,0.215939123571806,-0.9694219973594432,0.3228492329816952,2.083935723644866,-1.6258648918023377,0.689636788641768,2.614920253359175,-1.2434986199898606,-2.1547654823483766,-0.5584565502521615,-2.7173640688460248,2.8794127164754677,-1.4997232130680607,-2.1642884042634183,1.0943545255915081,-1.5525216600256462,3.1946354087850852,-0.7339717560244852
0.008979410708673585,1.098010315740534,1.7969327061077607,-0.021173384136534468,0.24231885955850732,1.7310858583529856,-0.6793788711851579,-2.1081840670362944,0.22382565283869438,2.5926027761492474,2.7328446492843774,0.9029949435240322,-0.9990317266516598,-0.3991188403524,0.89116088129617,-0.9415647222294359,3.263486381585035,-2.451936804869849,-3.1859543451200807,-2.9160962455962713,-0.6332165076096916,-0.31667766986137247,1.8951906136493,1.096473619467152,2.129252114469132,-1.989690782041976,0.43493497951941185,-0.09392982918921633,0.022368024782011275,-0.23444833960464317,-0.10479961655549763,0.2569521772975796,-0.07427674348891511,0.028292532216045663,0.20200544391592068,0.9073258556609409,-0.8275371916338442,0.40890268750856285,0.1592512345062791,-0.10273256570525646,0.7301949629631876,0.28770779709523453,1.864333546960523,-1.1215048614555352,2.478453165391165,-0.362070478774452
0.9488571256023905,3.6672399428606957,2.290361773121499,-0.551690675557551,1.2361067781450679,2.2563401214141616,-2.255779708660886,-3.4336999068436627,0.7169918998523808,2.8268111001654184,-0.03575949472657536,2.308683705475463,0.9427166121858479,-2.40775303353254,2.0600928975910047,-3.4859692962464908,2.488174718755858,-2.912726407061153,-2.9826934350576444,-2.4253283721211303,-1.2558949772196288,-0.047870694510044665,3.6750896429265594,4.909253285265934,2.9234096081315926,0.8266740196496882,2.606271490493083,-0.04165388270356307,-0.4848442329659275,-1.4435194183206757,-0.3244995524113965,-0.018643946120981747,-0.05221418001918465,-0.28221342103741676,0.3272262152652262,0.47864066919568105,-0.23507258259051034,0.675598148581704,0.7503643667022672,-0.5257994479605832,-3.758256607784215,0.4183091756101558,2.9639754841294406,1.200522387710236,4.899031246408441,1.9825036108702863
2.679128466242954,0.3750863138354845,0.6369317500631368,1.3163276617423652,-1.8600856533182966,0.30948751218649595,-0.4241628353259024,-0.9680799206153975,2.529949538191448,0.4650776923163094,2.141467873994287,3.3882295606331105,-2.8674298827399824,-1.04789018803423,0.1294370991829723,-0.9310489083925648,-0.2596503169665292,-0.5352388257034927,-2.2018847756670215,-0.2004838399901805,-2.6272218686230837,4.99134356585849,1.6380695080640413,2.5400033698017803,0.5636882459095455,-3.9108811937415613,-3.376305605207186e-05,4.070072959661042,-4.167890598741546,-0.4109966335311029,-4.086419086601976,1.0154938389380277,3.214728512251518,-3.98299916632964,0.11241627464570658,4.509570903793163,2.839353369675877,3.022294046463293,4.075230638847727,1.4037527612013143,0.30473221320693544,3.3198799265006165,2.169873663257847,3.3020333138681086,2.190571100310466,4.27014590909433
2.1498522976961816,1.3660937753921987,1.4131530809420367,2.439535488369608,-1.3154464710281912,1.840194574314805,-2.6571723313382445,-1.9333559363939459,2.551069504662057,0.8498691778746317,3.3040112498818166,4.423717551595735,-2.526546256286112,-2.23087257820906,3.3362146890833912,-1.6959897597984777,1.488350680970583,-2.307283943936082,-3.3729168814635884,-2.193652165814918,-2.309525633104328,4.118097440489321,1.0614203895129162,2.29451436436558,1.0047870274377002,-3.5926434280761117,2.8005178925558334,3.47762936603431,-3.4500054111915235,-2.279298690262014,-3.146893318709571,1.210015981812411,2.158539573950793,-3.3647972312120027,0.7663293638723738,3.0210146274783827,1.3673767846412734,2.418828232902388,2.5672277841912314,0.8385498897572268,-1.646738898669992,1.7078541130088682,-0.7431553619954563,1.7275190580607283,1.9542605482758446,1.9430864145890916
0.8583920246446965,2.8481087686959383,-0.11891648561269785,0.5986765470759644,0.11394320303097613,2.4666015057196238,-2.7882387500706938,-0.043506360766423224,0.7711040175560318,-0.669207612042791,0.8567497046778358,2.906523070346034,-0.6226025720746051,-2.37424767813871,3.1511583895748227,-0.34041527462063503,-1.0005046587244908,-0.3684236856036682,-0.4283262257509346,-0.5228499867788055,-1.0673764161456019,1.1390742361687103,0.4981568306000683,-1.0977854884708214,1.1994633143417208,-1.0924723847144873,3.076092671964413,0.9886892273476513,0.159310099557483,-3.1500287539217426,-0.9017931957162766,-0.30123815166465806,-1.3589531585866346,-0.9176754566242746,-0.9833336942073669,-0.6363695571407537,-1.758872509834302,-1.5156445678446715,-1.679500028449995,-0.4365187488717359,-2.6170728513434667,-1.1545517639647618,1.0930965329990479,-1.5779295709057477,5.149308485049724,-0.20312716799183894
1.4421753285090089,3.9198046962957216,1.5407779930237406,1.86728549785021,0.20906789790505073,3.6679331255741694,-2.5693416324663483,-1.1931371955425483,2.5234120608781963,1.6671428206810393,2.429762690852778,2.0069304723125625,-0.9842074841918145,-1.6486794995081202,3.2354661259085606,-1.405807135211155,1.6819740505933973,-1.1490962509799214,-0.9923939852009407,-0.45557559338098375,-1.4157647022843765,2.3667446992024805,2.2331349525629136,1.9759539473937007,2.7541179989120526,-1.56866366359023,2.571333956674173,2.04747262367168,-2.4281872209717825,-1.144977445877768,-1.7724922004309676,2.411729166271545,1.1531431266669754,-1.5807693973439316,1.9739845458612688,2.1810014178654304,0.8930437583844997,1.4678847425896455,0.8260187541403421,2.772322051937559,-0.9227514653005985,0.9900493769267517,2.0962432928630124,0.30946026336755905,6.527806180602028,0.5961455500505577
0.23938905960005719,0.2751359616901903,1.8851665503046506,-0.36252906573916954,-0.7379043608103129,0.9981240476697365,-0.5584754365437129,-2.4938618921196953,0.6474933099645801,1.7979285472696631,1.542360590031743,1.3608078067196878,-0.5324343795804555,-0.626681774441935,0.022992852066985314,-3.1136035456675044,2.763191506029986,-1.8936212123495288,-0.8068221702505575,-1.4385386886131895,-1.2788206890919636,-0.25182629749450003,2.9282609809313414,1.5853912266082442,1.462240679195765,0.1618257013883957,0.6491648970442325,-0.19115361727729696,-0.573804114924626,0.21732607231003742,-0.1978094098020946,0.9665646371656598,1.2273668941401739,-0.2456483896309829,1.9063636466209113,1.9336059565944956,1.7548390761400685,1.291034808793779,1.5640579089127986,1.5114098219704506,-0.13485306885382364,1.1921986096798523,2.686011842809819,1.3691684945453677,2.6152591423887737,1.2079973937571256
1.816887946430386,0.5145148807380453,0.9684426958665475,0.9337169393338391,0.3041812607577041,1.1707076804531282,-0.6136196695713384,-1.923229677040708,0.7876195833230553,0.8737426962080742,2.8868608693321898,1.2108757513372073,-1.4920419929776003,-0.8158707074549076,0.5113486344619442,-2.352438648125106,1.343123786528817,-1.3154825959654777,-1.2006983640342288,-1.7035930467597045,-1.7217534717845666,3.1638977245022906,2.1663237945938025,-0.06625719019636933,1.3586481603925664,-2.4944224282324607,0.8543356956435719,2.4260358633249646,-2.3425536713959567,0.0053379371099009365,-2.6658481690328175,1.311369510328567,1.6304963556633236,-3.2356738874026654,0.688792812278409,2.757889052633493,1.5567947098731398,1.9946013412696657,2.798816546307171,1.6557522341078001,-0.05787311934578021,2.354716301601251,3.330970103449953,1.7696617857159782,2.421370890508393,1.9204093207538793
1.1817291668187462,2.7618070001209647,0.5547365440220873,1.3090343625129193,0.540540006712898,2.9224425390580535,-2.292859998135907,0.4497850049480281,2.2701569954754004,-0.1698861297517692,2.760527583741821,3.1416567445713017,-1.8182842380875104,-2.083353258926546,2.4244228456183095,-0.4860526763299835,-0.002478658307227155,-0.11072592217497634,-1.2448208763603954,0.16109929159457193,-1.314376443895125,3.1923827369291673,-1.6518544824594357,-0.48520587691969297,0.3163223995359895,-2.5650594826818964,2.1536123854589198,2.4474397625060997,-2.2130330869943893,-2.615586343905819,-1.6563691640828682,0.02131943917052448,1.2358347105489693,-1.4191396518806008,-0.8610473364947826,1.3283131467822593,2.1582392471677077,1.3568203433837316,1.473547091031131,0.46167882233443414,-1.7335337158557538,1.2110574002598389,-0.05907833803184426,2.4558055607557177,4.393882245439109,2.564423949484516
1.506454051803695,2.0067679623321704,2.1596894037789047,3.1237507065788357,-0.5006275073287799,1.2183615950181435,-1.5799559728824244,-1.9775710377408329,3.5370664223274644,0.6223553108506701,3.905211793339997,2.322247390797356,-1.7486216059544017,-1.8095164368891288,1.920721151858709,-2.0880594818211393,1.073793149457948,-1.0212658692437635,-1.5283760808665356,-3.292032312268815,-2.874794054647242,2.377618041983202,1.436475588045787,2.770919987890702,0.8199691710608463,-2.2447642571047064,1.2715726839771273,1.697225650278592,-2.5504034889971656,-1.8259951565062085,-2.3915094749895904,1.9966586233365802,2.0703572358663087,-2.5270768525380793,1.6530345028560718,2.9377415741983297,1.6187810370868143,2.142518293302804,2.8254406762737005,1.1345756383533647,-1.4730328449803995,2.85067358026735,0.9638790525144029,1.6492334423049977,1.5949265925889395,2.7696228247950607
1.3914675875835787,1.9225398953993695,1.2938948962558738,1.3725559010049704,-1.1880309277108876,2.974066063318621,-1.4525037884881247,-2.046377065466628,1.393216772074333,0.18453594108056282,1.2738666797863119,1.2121854119845374,-2.3885112431636992,-0.6932913004532807,1.5525515588270353,-3.4792506251031687,2.79079655125126,-1.4989898266950052,-1.48989542701288,-2.4669874694231706,-1.438675582121563,2.337887183320028,2.160799089740734,1.034776874820469,0.789672423863354,-2.942724010580406,1.390788498615544,2.198316507463196,-2.221974295416608,-1.6215372101707797,-2.3456982340499533,2.289136016279812,0.9122174576279414,-2.250363315816875,1.7380981305749312,1.2540200850687682,0.007808681881698809,1.5034963084069672,1.029046130086748,2.66022407894049,-1.7039526648072465,1.0201349444850745,1.251929242649348,0.003974311736699598,2.7040870901048843,1.03326579627032
1.4390173557211223,2.604453059084492,3.1487128049354567,1.2185130611945518,1.4230938290722133,1.6732808224288098,-1.7626657811413695,-2.6252999832689348,1.2325952659525579,3.3046393067094915,1.095227218374248,1.8452194155735406,0.2803938720313677,-2.4079826376591047,1.9439117999822526,-3.7896237373254467,2.6853269894945946,-3.1100867904502922,-0.8960511540055651,-2.3971552135808074,-2.144661612075323,2.3579783538171495,3.17367880862449,3.517266739031167,2.849536237038443,0.14821949126781875,1.7333952351779152,3.1560681818719614,-3.2033952278730924,-1.5593264130253202,-1.4830049272791979,4.867746667614545,2.216036009240693,-1.5310074693748426,5.042188620044097,3.456881418514521,2.581121279981924,2.7791917175363503,2.5819570970416885,4.953800034432365,-1.1999375727594574,2.0776649309471633,3.514738889969845,1.4155312548818224,3.8946573581793364,1.530817077740345
0.8049886072826693,2.651907880296653,2.6530074916866924,0.5403394209158948,0.9694086589020486,2.1518246476392973,-2.2617772457801912,-2.5438440972217875,3.221539185973783,2.6527998417701277,1.4024159886766014,1.4304144621865438,-0.669751534617633,-2.5025645197819872,2.777838283279924,-2.603510769465438,2.3871781711908158,-1.646865568778422,-1.9657354152804452,-1.7005150210984037,-1.3948173823259271,0.7459526311637883,1.1621069100715424,4.41327683021492,2.1923203122496577,-1.2061214510631324,2.355106994591556,0.3158935429939693,-0.8871986128913356,-0.3153951485808979,-0.8447910062151263,2.1717402782641555,-0.2425875712212,-0.7190622301470802,2.597233430111131,0.6906168899729299,-1.3907536866959127,0.5287473785657872,-0.3019347454125183,2.661436170346482,0.47226731352662976,-0.045609598597085466,1.9259343156569966,-0.7484969915904933,4.5167659348669815,0.23911228655915195
1.4095830493600863,2.5032692646945525,2.0262361680131318,4.010712644716758,-0.11395448060210467,2.953958744499417,-1.5683671848792735,-2.8800634105078204,3.7737550214794853,0.72642558750103,4.055171580128239,3.9459763713347016,-1.154265868762682,-1.479185892836218,1.8090336498759847,-2.7412489828730475,2.4730702813185363,-2.3752653279890104,-0.6553019221793875,-3.8050482325136503,-2.380638904321888,1.6068070070336404,2.7136263832968406,2.35393600831018,1.2567043729254135,-1.088847177840098,1.492178146718903,1.112729424857135,-1.4561906038348036,-0.9489516058206791,-2.510573242745258,-0.17558537909463556,0.24687963143304836,-2.2838455668592603,-0.048505773207873526,1.4836528610283422,0.0731575601300326,0.8454306535735115,-0.5217784322188961,-0.9051648940414376,-1.683019145938649,0.024337264488602295,2.1906261351317617,0.42374198594954965,3.7530001743345442,1.0972662219440519
1.5933042990919888,1.9417972182652816,1.0338182988970193,2.198363739823522,-1.2254506914806327,1.291939606270859,-1.9509970110678625,-2.7193611402955318,1.6764947746051913,0.5305430817797673,2.8895577446250256,3.0889352697418957,-2.4957031514089554,-2.4672519601557217,2.8458951198687386,-3.2182604469416423,2.201805314687647,-2.1598712958073376,-2.5195918947704197,-1.8560666900837899,-1.9585030155061345,1.9082023389213627,2.0409516630340554,1.3783099223818285,1.1647732718141492,-3.2101813305616016,2.1527244296478494,2.2374145637837883,-2.4279523059349057,-1.9565619768978826,-1.087679679607903,1.5402122966173337,1.8826688716079427,-0.5527817833519034,1.1528319158522398,2.626586951152863,2.165270475186019,1.2433699058090566,2.0896579879654418,0.901460373744636,-2.7503697757733674,1.2283757861204931,2.378278876529505,2.3729399002853437,3.373476783264497,3.0013582239199987
1.9239037057580486,2.2059679842887463,2.5261940198992865,1.7274039216317358,-0.0024929225194100513,2.3259165636013854,-2.0325451083731276,-2.8917576996143044,3.1471698597682503,2.1076405559764555,2.816440658796467,0.5131860921128356,-0.9807886179970238,-2.3101524928781414,2.5099439811360975,-2.711749685553159,3.047381822191169,-3.203079657951709,-0.3883592732638135,-1.9999701248617827,-2.234711163676751,1.5131977578041202,0.9817315545342233,3.4845629149412582,2.79577512501286,-1.507609448482091,1.5893737504522791,1.825688358743349,-2.7783635581124466,-1.3573602446386892,-0.45467666092699255,-0.4512368585088693,2.336588618665454,-0.5031370741281836,-0.6432567042376225,2.733346737961642,2.63550478548443,2.701518572637016,2.576716333984823,-0.07549875107358495,-1.8873068339812669,2.4502484333223986,0.11079946729228696,2.3646913644220726,4.65155007651103,3.541087404711772
0.9394138462175325,1.8675513040698004,0.02790530187211071,3.0383568166432946,1.0349219638820906,1.5686576897464706,-2.05207929870202,-1.1306673594141208,2.3922207062319716,-0.8753744596224016,3.9225995876701005,-0.5880439301519786,0.04254657441422682,-1.6200353807055163,2.610172329605437,-1.2307892297395897,0.5011002727790523,-0.3552999894349025,-0.794242734458585,-1.751817344734905,-1.9607628998383624,1.2312179297601809,0.7433682532020789,-0.7765761678438186,-0.1091404933417135,-0.6490909722279972,2.8199510729565116,1.2616769740528473,-2.1854345589103725,-1.6283885016663586,-1.0825460383506136,0.7987696386675885,1.7450525877996141,-1.4963270122818237,0.13059371137191444,2.164124286068644,1.5964938420085302,1.8309068017846093,1.5043413080936838,1.1256100591430322,-2.5570238460197947,1.4536247559898419,0.5339491374260847,0.4045740816169335,1.9692859062853292,0.7663107339166858
0.1781225584240873,1.5352730637292336,1.1877267342220659,1.849537952290518,0.5862773260594087,1.3354592953014817,-1.4032975942513872,-1.673487393664696,3.2505389270288423,0.3318361105500092,1.5961153966074093,2.472154828072855,-0.6553588316254337,-1.5946192480418842,1.3145085669581507,-1.883193075130113,1.5915921295229987,-2.212897123699039,-1.8294374228054524,-2.430168286818768,-1.0887492534675798,-0.5978581705853303,1.4455748336177825,1.1639133301861353,0.9691761052106511,-1.4865550594622854,0.7528131740873345,-0.381749043698034,-0.5213051694292661,-0.6590948393308833,-0.07595130180907295,0.3009939383569278,-0.27130052702249285,0.12549931373865375,0.6597858587645452,0.1664609342000143,-0.9347331498766774,-0.09716026981088954,0.020232276665048454,-0.16502920812142174,-3.006561980425644,0.0372504719147716,0.7462023711068726,-0.7920652246611257,1.42933177115036,0.30760809971697745
1.9666435218741587,1.1739733314517071,1.5071403938036059,1.9045847952910633,-3.560425130242099,1.737755059527897,-0.7532532948408301,-2.743322518933589,2.3614014446713245,1.3841669132424048,3.4781484068342134,1.4611242446851471,-4.1656614291409655,-0.6330085792385313,1.232461506801097,-3.0875607787882116,2.1513454861053285,-3.143574447091091,-1.0853804991958766,-3.3373057637029047,-2.0519015968624146,2.6125067259287507,2.940067661498778,0.7007204691161827,1.7108600395560187,-5.052124477651102,1.147183969165579,3.1461018597658317,-2.026274367051379,-0.8488603063983567,-1.5633510501361234,1.6855491837191856,1.299252730646059,-1.5720229168621123,1.150385662172114,2.535596280659302,1.256162813803497,1.1477982373101634,1.9035213717626185,3.2883754376189045,-2.4067248354454076,2.1856847021415904,3.3833158272355233,0.42346959292651754,2.6207361015059667,0.45803222244267183
-0.5495737919603587,2.5630319864618287,2.408318775014193,-1.7497546976486498,0.78941573573719,2.1596227519713342,-1.9548220736685413,-1.924631834808891,-0.9397569571304905,2.866111315669369,0.6796324429726008,1.1723289296019586,-0.5068851478833576,-2.28664290560672,1.972894889159356,-1.3282348897981928,0.24139929699923002,-1.2559571870927617,-1.4246281801429863,-1.7712586860034598,0.20804070011676123,-1.8848159264948725,2.531581697795068,3.077994044968153,1.933299266990021,-1.3181869384232223,1.678326665159661,-0.6517912513984949,0.7999317802266919,-1.1241854739247368,2.1406007103852014,0.1355732561265759,-1.6932044694358206,2.4408553572711815,0.33799296352203256,-0.20237407045970235,-1.283874698097514,-1.2335255818554447,-0.5813481724002374,0.7872551247167578,-1.8215315305097464,-0.6278011740189025,2.281702569058943,-1.169077884531463,3.8151449920965526,-0.260377847974371
1.3424099973222732,0.6717017573971968,1.6097901895192679,2.1794628654042576,0.08079971313323935,0.4425498549082336,-0.9638592234247165,-1.2496249934318069,2.422990986164388,0.4608575097843916,1.7134956911514707,3.041815164076321,-1.0781008857558596,-1.268319282054276,0.7845448736344837,-2.073282884862932,1.229990523251968,-0.6997467681527456,-2.2609638873665197,-0.9045069623888815,-1.8586635797179307,2.333034189924878,1.6865905850719414,2.016600939618825,0.8823890170730676,-0.8545134947310384,0.3449798020845811,2.0293892710777404,-1.3267889753012467,0.299627211749274,-1.830052563436908,2.0723084889813124,1.0320211671200594,-2.21921287573604,2.255075286813679,1.4122703585313967,-0.27828111818689305,1.8931703192763518,0.7643140599003132,1.8320511700544735,-1.3436401008149903,1.067917960708428,1.528947890425439,0.10779571851149816,0.5650247990981132,0.8840935884385902
0.6565752870696558,-0.00977313258551371,1.9774741579434634,1.5079198877161872,0.026809935887675884,0.17334258937672686,0.9152754483246199,-2.1591720865082418,1.0638676096267305,2.213701192776072,2.983012373095228,1.5114095333719861,-2.0721076686974262,0.8798021966040552,-1.1757028292791813,-1.9130391450746196,2.3255358903275822,-2.943038717271156,-1.8397895807296485,-2.097102964236826,-1.3505839970414961,0.39690022757355825,1.2242062704544059,2.254267282033787,2.089098210116042,-2.6607563075100327,-0.9523892590680547,0.4300088226927259,-1.3797680817492148,0.5063571132182634,-1.8649999499968466,1.9326892207764261,1.1877001225779054,-1.868202632564792,2.8059523530447144,2.0233314097668833,1.1497377283270653,1.2982931794875827,2.032049154486705,1.467969732945019,-1.6873583380323252,1.2186990765212566,2.998438310818174,0.06629230163483013,-0.6123679542936982,0.5801789397081742
1.3382209206555482,3.3630552218865493,0.0804807969093988,2.463228523382112,-0.45094305635159326,3.1507180786816407,-2.4062833349853303,-1.8577324758645202,2.6670505216348577,-1.1936218790422666,2.429747344758451,3.3365122737333146,-1.805174794142331,-3.0748418781653277,3.1590644083538555,-2.0249770792362143,1.833781388810233,-1.7562254194099645,-2.5558231007266707,-2.0013557112109424,-2.008510534433763,1.255984359379139,2.088387484602624,0.3366669525085264,0.2502444361036782,-2.4987154476747317,3.018745667629134,1.9517395949722214,-1.1024656385747549,-2.129537959860106,-0.618837963735211,-0.15452710326039365,-0.09864438303945966,-1.1481560248912075,-1.5105631813402611,1.3722781315065284,-0.6010924564474515,0.489422572679841,-0.728426320974402,-0.11080533864874798,-1.3121086006799887,0.0338922458454356,1.476658874292049,0.07905297985890525,4.894571096809955,0.20740003975128518
0.572653296750872,4.1835823825389,1.3677825244431883,2.09443022207154,1.5038790227345884,3.5021675236032532,-3.3905353294052096,-0.7515008160877881,3.3166821559429738,0.4942763394836821,1.1686326490247905,1.8906273121875603,-0.02090723463393851,-3.545342947586013,3.9647087556495,-0.7260864274993373,0.6341354309833116,-1.0999503649276743,-0.9231223031973936,-1.4234047408794868,-1.9327402872800457,0.9124208363890756,0.011725321642439113,1.1139564387590972,1.0543658027913887,-0.8277229630820727,2.934096914960478,0.9625756435691766,-1.5152623895800894,-2.0435063481665763,-1.835143559526707,2.552779303889685,-0.0957814424822343,-1.6982366147217658,1.8675362707810046,-0.14893272950097636,-2.1197450576960213,0.017230977860083208,-0.45953595237357914,3.146950065354539,-0.9246668157782575,0.06301768330176116,3.069017696151583,-2.7059768992357807,6.458828710039482,-1.356851189640909
1.455415689904991,2.137456801267031,0.9537809840287383,2.321529035072412,-1.1399134931376063,1.6424394893765113,-2.451104565834814,-1.781734867174028,2.773361715052232,0.1903770192047627,2.283134584872371,1.466902800137871,-1.3193260143837173,-1.9034718110868005,3.1714110697929403,-2.3038779368822464,1.2084647348403486,-0.9555235702992686,-0.16006705332370275,-2.0325058767590796,-2.118785124785801,2.2467924259953755,1.9495808685621592,0.39076077955849087,1.6714441502655548,-1.789254791188979,2.2221751016451976,2.1589299380192886,-1.2876048953874908,-0.9129507585226362,-1.2800040524968337,2.267605031097523,0.018027011161426243,-0.9194793487468407,1.6243087453477325,1.1202535421829416,-0.8844834356699361,0.11514871173744612,-1.2893933505244066,3.1547110776910428,-2.2750212309697195,-1.011969542046781,2.8055994573888956,0.10318746582554839,4.669508734121205,0.7340948093950858
1.3721779603393949,2.9490322310289834,0.09798700702836749,1.840796823064956,2.5686438239983116,3.248128339432584,-2.6377531846205136,-0.18963149542324742,1.5856051391264003,-0.14037923501620486,2.5609980265053016,1.523729247636001,0.5029835494025783,-2.98505182161344,3.5606930957321925,-1.953724955169947,-0.1873131899202527,-1.461302839915271,-1.421160378123727,0.25124441964309674,-1.7661259124330635,3.320543382236342,-0.6155753058578086,-0.5667410313418919,0.31377490384675955,-0.5101957665306265,2.2884672714340515,2.745157703304446,-2.4777166981241048,-2.21350911665467,-2.6115256573667325,3.36890739131783,1.5617290779692707,-2.126253391756124,2.0093356840197494,4.101640174043677,0.6765819178039478,2.265371674229643,1.4060195839414789,3.47471243441712,-2.2689317982254753,1.5414530038774075,0.6445607783262373,0.4282826629726993,5.953272445827012,1.6374706139878186
0.6986877659558467,1.2068865228973202,1.3192826501492414,1.925099926259323,0.5126187799087102,1.8947968657832337,-1.1094676039779734,-1.8542824123603459,2.20303354955642,0.17509718378509975,3.057920659833075,0.9820673744317241,-0.512405444163545,-1.224292326353542,2.0099174343580666,-1.4748554658103956,1.5784508983193573,-2.0137223599881002,-0.2973342558506784,-2.008813481721133,-1.1085902221814141,0.5736433572519994,1.4981252840834263,1.9198763686800615,0.022998271928948988,-0.7332133888115453,1.4531022672993994,0.35402319740084187,-0.7381713539103958,-1.2311717781821698,0.09825843745533569,0.5684672299377365,-0.16996830286633635,0.08125230558306273,0.9799474488272231,0.3232300862822044,0.6665066474012189,0.8116065625080671,-1.2524828143959066,0.5519801597379577,-0.6637511261946318,-0.7239605367511925,2.0931236710989873,0.014651638113559629,2.885121247479274,0.9281635077790265
2.442681871555112,4.346090786737562,0.24609164659562754,3.090776603045412,-0.525556974046452,3.5348328276923486,-3.8827983129706336,0.06852371566295323,3.064205802186974,-0.8836500657002895,5.1644095706177175,3.0338991980621133,-2.819022488128134,-3.675422345587693,4.939813395986074,-1.0013273412462222,0.5114741026895999,-1.042479136748411,-0.7291981850520375,-0.2864078721266068,-2.4413106262419078,5.575407104962988,0.21986137959149876,0.5185741976507074,-0.14457727906434337,-3.9950601196102493,3.785019177464593,4.50510714622884,-3.7187509197906614,-2.591255226117943,-3.7374608803988885,1.2808977332050535,1.93227126611551,-3.4482627813998974,-0.424514971268076,3.3947591936487624,1.7430464950157663,2.4271100224370312,1.562783694082961,2.333372918496995,-3.2536490051302778,0.9472467255658535,1.9870241993717415,1.5222520527953065,6.844619437523113,1.1834901146724002
1.2910957768879674,0.8573412500690696,0.14211561535783934,1.5048669639117134,-1.0628194666558488,1.2438900663138632,-1.0525299074406655,-0.026135615175262306,1.0784674663368947,-0.2642412132620011,1.9759596394259558,1.2194247823467643,-2.5456206318648738,-1.113274339191154,1.2886924323864721,-0.6906918344368473,0.46237926994683787,-0.8987919237949067,-1.1291951862786918,-0.38411883926116785,-1.631165281576362,3.1309148580616046,0.20206678856447557,-1.4722291270694752,0.1126825494039645,-3.0670632521477685,0.9431988849088091,3.311071151108654,-1.8081528308159927,-0.2899914311755213,-2.546229806149062,0.09327152307568598,0.761738890822512,-1.9629638758711176,-0.7162793318900025,2.2403344901173803,0.09019952450997326,1.1119505693698266,0.19951660021507522,1.6497936463715233,-1.3895470158315526,0.007389188567108684,1.288132039660602,0.3683942481854015,4.3325736723292225,1.3627490703141982
1.2101280974638409,2.1727777066995544,0.6116643174375669,0.4445883687580532,1.8012491464205347,1.826721354718922,-1.4103482848631401,-2.3349787335019085,2.1011657272626567,0.22721963969616865,0.7302617526822037,1.6211622188815795,0.9770094111239245,-1.097651304719148,2.258420342563441,-2.5488373096501746,2.501883342923591,-0.8089358526126982,-3.270342296103389,-3.6806124194291057,-1.4660828118105105,1.8889806700485345,1.7324497349030654,0.38971763777321966,0.7786819586720843,0.5482148329256336,1.8222798350965475,2.1689430794569073,-2.3978293500778753,-1.2359466560127403,-0.5694291976573272,3.110506473181374,1.79483760259131,-0.5895487169978357,2.4424161347825892,2.627252570902198,2.461268370168548,2.030619827638156,1.84383607218206,2.7514733393863526,-1.8904155466913197,1.6813408684268394,2.338324559081313,1.528884089246104,3.5031226978138057,3.091303890365806
0.20138518006393347,1.4516251577336488,1.9350854524088446,0.6221009871728367,0.20899059632262837,1.5687887237090987,-0.8912609972015215,-3.529996236667967,1.1891520041960297,1.3053281981173623,0.7390492418028867,0.9397785414132118,-0.05257881778396101,-0.5776543353279402,1.294151396013839,-3.461897976382218,1.9878131698463002,-3.824013128398776,-2.746148063054849,-2.396542536023023,-1.0853302273540582,-1.0223549511732624,3.0739573905383955,2.7414247055875594,2.0175505250638928,-0.3125362432279015,0.7689645649734275,-0.18440512998370262,0.4210037037665353,-1.5921706527447061,0.6406336915941024,4.532556076102346,-1.1207344839333606,0.8034800172261396,5.000585608608489,-1.2844029987537593,-1.1350407051179499,-0.2758510048053222,-1.8742149877006813,4.539044935569011,-0.46380038567185555,-1.5432761432497042,2.8964209358788553,-1.9746524908576615,2.3118999529339828,-1.5225408485805785
1.1905180754690576,2.3974863671441446,0.7358196874848564,1.285361946518453,-0.023403934522733066,2.589365404479908,-2.1011869694588423,-1.1729687837949077,1.633981263062763,0.06702656189845935,1.9407015936738576,3.041149686557315,-0.5302246157873121,-1.891724731978698,2.7204356319607976,-2.875458298404719,0.7150519183734311,-1.560831010055116,-0.2322302981581772,-2.539173039372388,-1.5986652500448015,2.0329517299681243,2.557911620011675,0.4578356906043277,0.891346889941849,-1.0837175081762151,1.4986448678869846,1.9702337559932177,-2.755873588921897,-0.9644949944961433,-1.971031047111076,2.008645626795839,1.6819750991070772,-2.2306321152725617,1.511015012862707,2.5474909167259,1.5390747221904673,2.455613683254846,1.8930406786124045,1.6181029239099638,-2.356952569913597,1.569657637893811,1.566276127169562,1.2170749460743127,2.8110289911696364,1.5998131443340013
1.6941365772114318,1.8603950274667298,0.3260887875575115,0.1162532456246228,1.79256759275354,1.3827906148232558,-1.0818797223885313,0.686868109123647,1.1587487363532691,0.5638118900310847,2.6284301988127017,-0.11982081288784197,-0.1849529855862525,-1.3653684662514307,0.7022965295875621,-0.715416557897046,-0.19514382905954752,0.011826646334405666,-0.4512117198282144,0.1162543962185194,-1.6967109622164072,5.244083229622694,-0.9477670767038116,0.8237989402933917,-0.03549300231677299,-0.5175916393475926,0.6715101552374653,4.331415467917681,-3.832203670154546,-0.6940730242141198,-3.5055937642127573,4.007333686930301,3.042385019157024,-3.578045997614637,3.0155059325107354,4.39563618207789,2.4379830164619025,3.0749610068191737,3.482840214407524,4.552760998136509,-0.7472476029695873,3.2207389287116044,0.9370247943757838,1.5586625801105072,4.40641055918538,2.4460397093498747
0.6476407837446155,1.492877729462601,2.34972525886999,2.2124759040887105,-0.7670293381964353,2.004000750851569,-1.2887226619095615,-2.2904625902095646,1.9894194142254709,1.8417200817126869,1.954384383249403,0.2865558798328762,-1.9279646427661927,-0.6053110643260692,1.1709244895966937,-1.7152514246835087,2.146743439258409,-1.588436797805017,-2.55988242960131,-1.8884442688299865,-1.557168437175034,0.8474640253614696,1.903846907373799,3.4877786729425777,2.7591147718090943,-2.168734406659863,1.4476494778752875,0.5497244022292449,-0.8557827288179152,-0.90223363543438,-1.222654984659765,-0.17795543941475778,-0.4254027236146556,-1.0392259383711488,0.14675021242280506,0.9755198377788794,-0.4088459362963611,-0.1203893941020735,-1.0679018059421248,0.43780747457615243,-1.0806214318895688,-0.8468703348404962,2.4249034540834504,0.2156314733720338,2.315156344142793,1.2408949820391215
1.3202322078101711,2.3187020852262474,1.856902584854862,1.544195730907811,-2.874595556390923,1.4421911658067708,-2.6291527242852295,-0.504620199136446,1.218298816523456,1.4510998609642018,2.605666755505771,2.687985133674621,-3.037680705271555,-1.4699776880872093,3.133571280447349,-0.9998268897087492,0.405328206566971,-0.040300818715923725,-0.2968145841946168,-0.25074453527096474,-1.6742363229077581,2.3181391553335176,-0.1904948338643926,1.8369272848392821,2.046672615256664,-3.4458240460099656,3.121484736918556,1.8699369750101928,-1.8963370541737599,-2.6892298982804226,-2.0062069497339587,2.049673541749277,1.3797713111312393,-1.9850409519116332,2.3284872897181437,1.5153249116066418,1.6329350037847847,1.5971264703156205,2.090011432772939,2.483557994299142,-0.4527332599721059,1.4662256515014367,1.3800232755599287,0.9313776621266951,3.701763636195911,1.704610810361811
2.2574472442631013,1.4459112417958289,1.1058789925513444,3.0811017433490777,0.014334365302851676,1.1872374386468598,-0.5641247703166886,-0.8263399538300849,2.5759520195410035,-0.2892857328467773,2.367510386592021,-2.0868348255778297,-0.946046802070036,-0.5406872654668138,1.2704743576463382,-2.361934604701675,1.518468614003579,-1.4074008572691725,-0.5871343035107219,-1.255281825432911,-2.345422180398584,5.2860025518285445,0.801258014823928,0.11272879747128939,0.2224543982753865,-2.0578873236173587,0.31848446583686685,4.722628165377614,-4.33214941866939,0.6974314003264057,-3.211825752203799,1.2110512282527595,4.479072841615588,-3.483381832349097,-0.13195108240497655,4.667453443508361,4.065166151567904,4.155986037957049,3.996261145721154,2.5422636092074873,-0.7536180567150934,3.3185949931701746,2.5716191153513277,3.4795820900479875,2.425894977003,3.7950416367004687
1.386570455164103,1.557727960797415,1.9993766010714635,-0.03877809802207821,-1.3670756743603896,1.023434938637116,-1.4563159515251838,-2.7605036998948833,0.4791980809752656,2.1713559780303893,1.9526275079858624,0.4470811943395687,-2.6241143147521315,-0.9563926915219954,2.2748318217000048,-2.7117519902656944,2.6204882499567477,-1.6420911645063903,-2.3333547774216243,-2.326390994754067,-1.5327436219189916,1.2917586647616417,1.623660412083336,1.7561262163977693,2.3886698732235354,-3.3714335888715685,0.9027631657593902,1.358042179156616,-1.6764663871003678,-0.9590546801569338,-0.43127214203700004,1.6537087304739861,0.7701145578256279,-0.7501510618159196,1.9226170666140856,1.8275831227108046,0.36273213962052897,0.7808394305469483,1.0102822794491955,0.22619617091540012,0.13923914554552086,0.6741662916447533,3.060950750163495,-0.5377633989749595,2.830039855792329,0.32172017378058615
0.9824928966491917,3.4692835039929277,2.112797476363952,-0.5287242898455893,1.8521986465420346,2.702922881084631,-2.391031102558879,-2.8065328762907695,1.3075738754975903,2.298232988376599,-0.1793208110148976,2.4950308047566665,-0.08819517205113803,-2.0136903815899716,2.4672774857390745,-2.361103443676124,3.102755407160472,-2.9241024648567038,-3.0470927143867543,-3.0709779662705463,-1.0190299055588334,0.3851828681120453,2.3585301762039723,2.709119220059854,3.1562305325487054,-1.057628624588744,2.308886860226317,0.6467764966356324,-1.0095518618125496,-1.9919623343947235,-0.45963358584326097,2.9076205599302343,0.25142099105922566,-0.42901752043221264,2.6377141017350665,1.6471418120426744,0.7046601099183121,0.5125997280985145,0.42571860795997996,2.477799971835999,-0.25222754258814883,0.14250469348184525,2.4409475708428268,1.1421010702656678,5.702383810508497,1.6192613178687876
1.870227376967323,2.6075986336424277,0.8339538742967239,-0.351971574074355,-1.634722753310538,2.415936592764906,-2.613524821796351,-0.8050856390947064,1.3100332119647944,0.808175150382829,1.0614205126407603,0.1341649531895941,-1.68616727228672,-2.2419928449989417,3.386196941614683,-1.1028718771616877,1.1265343959527925,-1.3964579664048904,-2.0403591010363793,-1.600882845479834,-2.0650640192661065,3.7503138715229607,-0.5295570988946041,1.491586184006782,0.5763781226529804,-2.391844815147352,2.7228637380145235,2.888637176644108,-2.744554615659216,-2.439094421041749,-2.688221636890714,0.8190973418985765,1.1239381683552236,-2.793295187834746,-0.248678596325157,1.3464184642749784,0.1526819572826943,1.3921416047957862,1.8797507558012867,2.1399781602289356,-1.9674252870118605,1.6890302693930823,1.4519785715741262,-0.2161296501259602,5.68476335484751,0.6961229316394858
1.3533971080293252,0.7923091906830013,1.1326428842362173,0.19040444185755567,-0.8142560914539841,0.3112442423302031,-0.19985743690292268,-0.5143454569285272,0.5364138949988764,1.521741031191231,1.6588182339503397,2.2050451659206414,-3.071733619406444,-0.3199690427328663,-0.027417967462060266,-0.7116260870798368,1.381376688240764,-1.3580447614205309,-2.106363779158467,-1.8406079359724041,-1.4269035050522714,2.6380524061522013,-0.5973279837316525,1.3671562391598402,1.0569217872960146,-4.034224278482841,0.4458205111397421,2.7151859316689904,-1.9003275285207717,-0.19974567900307494,-2.461711828022322,2.47379983868922,1.5118439992349297,-2.803144101340437,2.2726007460056983,2.681062293926683,0.6369468170788557,2.5262447491746265,1.8108042670802758,3.4055670687354893,-0.9517837906953676,1.1678057033017535,4.057997770794713,0.15856291653503352,4.949819076579715,1.2422965609897023
1.0011338632987248,0.7502753574557621,2.031624432945223,1.5165296395321315,-0.7026431274433192,0.664596050778401,-0.14522857370497322,-0.9819171363414076,1.8925468505765917,1.3844455839069698,2.1905096248455305,1.7510240816656975,-2.4381941455580054,0.04959258950783507,0.2947110201336527,-1.3622060991898184,1.0159875514813466,-0.5819726112667666,-0.8487165659514382,-1.5672807965601663,-1.43104459207984,2.1465450914175457,1.9926052713687972,2.3600230610394757,0.3624790263206481,-3.4854076799672233,0.3067628869519574,2.183304826892919,-1.6396111141777405,-0.3378059777630963,-1.9749501348207363,2.278130513686744,1.6651629140935882,-1.8331482103156644,2.3820975884644193,2.7166232359055833,1.7325089033093461,2.2267900339538382,1.3101975903498984,1.856024644029519,-2.1947087898161968,1.6236641244605097,3.0186430214127298,1.4549804719755124,1.5359577638579798,1.724251253285026
1.469600654538527,1.6848108245936277,1.1987416864810154,1.8355338745336844,-0.10172258662835731,1.5403308579909272,-0.4176167904700545,-0.5792942400289585,2.4340782805376158,0.8294378151899673,1.4022789808215588,2.0441954653487304,-2.454865215244577,-0.550497937305211,0.4651358239940775,-0.9214694569652502,0.07215199227629054,-0.9995492978309642,-1.3329246259630156,-0.5103282062918157,-1.4952212689042557,2.6865433675614527,0.8947735151941225,1.642266512116582,0.734993153376891,-3.6530315839874437,0.18683984313833246,1.9667705627882597,-2.1235407195756957,1.3270822862650482,-2.8083930868571922,2.9150266520825032,1.181349823737193,-2.996799489818374,2.6246814012154402,1.514764821790909,1.411570218585303,1.9888011949344746,1.6354212927351006,2.204362404923618,-2.439970530301566,0.8605338343973242,0.7660636665997078,1.1463513405796846,3.281556237470612,1.6362096084995168
1.362964222001976,3.777000792109872,0.2814118794830023,0.9264363832276005,-0.12226286101726858,3.201712971540233,-2.2423868858958134,-0.8210059534538383,2.831073026665423,0.20895191765872922,2.4062737278702824,3.696465802910846,-0.8454014174663308,-2.5263319184503166,3.342256867144487,-1.6358107648243068,-0.2896723820357112,-1.577424937092207,-2.1029129137158407,-0.7017934364985932,-1.2416816120789926,2.3566288682027743,1.8297738953862086,0.23009238672564813,0.7511110022024019,-0.9727878626060593,2.6712341328381033,1.6660185707989092,-1.9089997291786527,-2.1526441153704603,-1.9549312408433663,0.41553477657929094,0.4765785615039775,-1.9265678290606083,-1.0425968597342552,1.355358834649011,-0.04784789606161077,1.3793757676221077,0.7451746483358763,0.9619136799047178,-2.6115473784997816,-0.0349140006588331,3.1843381588050708,0.7813122517172764,6.1975326816860346,1.4264327380019606
2.0010374745472195,1.0213372551346562,1.2435454903399377,2.8312907402780914,0.393438741604316,1.031416158021631,-1.5579762112858129,-1.7160910110092256,4.232270404512432,-0.18378614638796376,2.4087529018642257,2.423503505418431,-1.1582408439594414,-1.0332605983703784,1.318149038460374,-0.817797052236361,2.1194164530974366,-2.0725097164451443,-1.861707039860108,-1.140859282646868,-2.303097377407331,3.0417717371274424,1.4881364945685862,1.1137779152219707,0.5209612902579236,-2.215580206516825,1.4174901605067163,2.5882303877763855,-2.6520215008511965,-0.637611920772237,-2.4933926472006798,1.1492577850726118,1.718560539101262,-2.704612501556068,0.4230092703254483,2.1729650159291785,2.564780056425614,1.8924792156698738,0.9992826865553674,1.3608689792489876,-3.5405749340775943,1.6675919783169875,1.7167196594974075,2.767888130155107,0.7455984702456466,2.950699771281969
0.87552971743207,3.62972902113128,1.8717968883481353,0.3994059843019584,1.5692227543935342,3.558811218785571,-2.6562106220227877,-2.063017283868995,0.8411199340897666,1.6397688708764127,2.1664617430682367,2.990047439338664,0.5674690236474789,-2.633815165528217,3.0730550389053444,-1.4815854466388714,2.407697175419706,-1.4566122616861952,-1.4695581354376464,-1.5297902893656348,-1.4157537127492321,1.8482550037016978,1.8406887751357361,2.2130631881363305,1.5751099438517437,0.2623330475577563,3.03273496956489,1.7503056719740815,-2.581162488073947,-1.4231886109940814,-1.2484512967623203,2.62210673058206,1.4088475514468695,-0.9928356478106137,2.2178399583546033,3.5286250832378983,1.8616703218674968,1.899959592569008,2.604173967766375,2.683295540191167,-0.1935319426622959,1.4216333541011168,0.6468561320151287,0.5873194991570385,6.133455617162189,1.36135888333345
-0.08253533001069013,1.7784159429668909,2.9000773670419076,1.2328700373638841,0.4038044346719204,1.19945093446816,-1.7223859806450605,-2.349433296556209,2.0402179277391173,2.6094717157736778,2.063980338283042,1.3827856007942312,-0.7363215957873663,-1.8671913947788195,1.7410183259598557,-2.099862011676179,1.1830795710574833,-2.020677861166106,-1.8655946483425796,-1.8213129315528247,-0.5788890182080053,-1.5908622250515774,1.9925898737071142,4.652109072954436,1.9426358205774532,-0.6395570019933736,1.799709370621231,-0.5692957212473113,-0.4986821969149562,-1.310973977042082,-0.2527926752413656,1.9091839623143916,-0.5640396042799356,-0.014374256740634195,2.375403596800945,0.8561234432719482,-1.0449453772025485,0.7160903999532112,-1.223837192770305,1.7969308813560472,-0.9696546176148003,-0.35506154598365103,2.747898493931949,0.24810240910440495,4.485641666891931,0.955958114772526
1.7263144485185973,1.9075167648884999,2.2983869233580876,0.5576753936252106,-1.8777988438914104,1.9835152999106618,-1.297488628902324,-2.871796847763416,2.0990244102153373,2.197058940805995,3.05623565102487,0.9043572385848423,-3.5333678887613544,-1.8261872893070228,1.039268529122849,-2.5577818898500073,2.027674014777678,-2.0270830326307956,-2.657147878855442,-2.701881440295371,-1.9807446335746395,1.5108212551125955,2.277144411611417,4.172793538157224,2.4488502750395367,-4.786345032551016,0.973246996353747,1.7213637924066902,-2.1596523718544867,-0.5786853790531872,-1.21689225825573,1.713364560202959,1.319432368156638,-1.3890430569704697,1.7579108289503727,2.607901946139339,1.2636786000132703,2.245688696364902,1.7901132648151203,1.498142073540567,-1.8903639362994709,1.6416483563150988,1.6361277639826357,1.9366649004029695,2.6364576432260463,2.199530948025947
2.016684817544882,2.6652860058501826,1.1746170706701073,1.719611534392216,1.091259422770388,2.6736906439459682,-2.128842115077733,-0.5271591791730129,1.478853208889336,0.4705447210591882,2.20676503564273,3.298427118438444,-0.07379794582994015,-2.072348943343607,3.0179648133312087,-0.47529101909691995,-0.009064296680253436,-0.6958185826408076,0.12459983765476945,-1.0722950966529767,-2.336731083866357,4.50631713492151,0.37596696268681296,0.7456837275586395,0.6885620551610983,-0.7027577433040714,1.6916584200211617,4.069992488787043,-3.970405663274895,-0.535690086918527,-3.7632810261051297,4.913207355360758,2.437339591974455,-3.879243660433982,4.14233584055409,4.031197326807801,0.9731504551445918,2.365461242675484,2.0553622713911803,4.688512245160434,-1.1148910073898535,2.579335242067007,3.457616119482857,-0.8928108031225563,3.754625266964861,-0.12626434570051837
1.3589907785023285,0.9862321926833839,2.307133796100442,3.757091109264706,-0.900809375056144,0.21145282627530482,-1.1539193105407448,-2.1723817253321642,2.650759679504496,1.366075652942496,3.3449104090486044,2.5296745869747044,-2.0161497808537696,-1.2430002859646188,0.952552865697541,-1.4186448671678256,2.5288414694001995,-1.3762276595051162,-2.2926436300867894,-2.1262232348149537,-2.3155157316499535,2.1196855757751716,0.1669646923114434,2.0880675352780367,1.991399907109651,-2.1252245652559116,0.2169925139902571,2.2788539750286128,-1.7197398856271353,-0.5444167802350999,-2.2174417757837075,2.019072978382159,0.7412496516776685,-2.0355183966016996,2.178796281471396,0.17099738311322565,-0.15211224970864634,0.341725058366781,-0.2869235171609499,0.9498147750059751,-0.4825492858139544,-0.38891389329917136,0.7295356609926511,-0.1607684565325822,0.2886825612632,0.5931895079499749
0.3898866357009986,1.9565435314907853,1.3329613309068948,0.7981395335377401,1.0843909163501442,1.5903140191842025,-1.577261599264774,-1.0260347576501994,0.970594351964043,1.5967620336101636,1.7605326589000603,1.9458848415425583,0.9542193084120569,-2.098494505036459,0.985452336985164,-1.804923683242584,1.3954483515503346,0.2711598669952018,-0.28684688463142827,-1.8191613590565345,-0.685220007000237,-0.5385853850285351,1.0634391962623992,2.1573347208704403,1.2500345026209956,1.2412602757018183,0.4656491630082389,-0.3340668722598952,-1.3785535076377238,0.43404773231184035,-0.2528846488750094,2.134563608767157,0.9061330727674254,-0.433079733480656,2.3784299131290774,1.1685633234720068,0.11972171608164417,1.4681028279969184,0.615862047982797,2.773814047079078,-1.872714067794008,0.5412221821224803,0.3601507872650169,-0.40685828251432965,3.6778076392763044,0.8099053804151772
0.10146182566162532,2.200595747872681,2.2827617670556677,0.4634446233645322,-1.1906345066374953,2.68540272912066,-1.7594830580641982,-2.8875521676303975,2.1625643791811116,2.409143304892061,1.9523968000726433,0.2593934207800317,-2.7714080408357673,-1.5514580343211253,1.990382760835835,-1.9407400790296723,3.1773672865949045,-1.7831112327999308,-1.4040990706728278,-1.516265113165701,-0.6615679606247068,-0.6082765214327095,2.102587580863059,2.815479329982785,2.397417200110067,-3.872686435120139,1.5216927808961784,-0.6010849600186379,-0.5352016431998623,-1.5548626878915228,-0.1019011604984037,0.5789973404433708,-0.6451672987656643,-0.7751952106396337,0.7299829018421671,0.36091680027729844,-1.4059386583473188,-0.1386938548396366,-1.0983065314326799,0.2090677318663674,-0.46087861188223833,-0.7316079287526718,1.3276711061341282,-1.6225618840092708,3.579440691698286,-1.1208238167708413
1.1785081119999707,2.3465895357069924,0.8019908720652533,2.6492777217368486,-1.245599676414928,1.66674054140961,-1.1820808589349001,-1.1632122290598677,3.128698093364786,0.7516755909119731,3.1965979399290605,2.6134705953153334,-2.4567213149181266,-1.4066690860428448,1.6780833559552408,-1.3536675152083364,0.28150545044674535,-2.0886231235842927,-0.23730505715196015,-2.767262565201401,-1.531027937136537,1.7569688308663047,0.16392399213399522,1.4418717479638223,1.0948838618035823,-3.9621282991478806,1.4540868009560977,1.6695095913888034,-3.108986960716593,-0.5999113051131563,-1.6346985642793692,1.6776359350697292,2.0922009168244915,-1.4510515480148287,0.6009393468460921,3.5951263999002645,2.1050233268026948,1.7192536425085105,2.3518772651657995,2.0406890918972764,-1.736554283859388,1.682149895356635,2.0104185796266743,1.5708042076890822,5.832399068148396,2.4687771064379134
2.1395254671272452,1.9473054799102114,1.3748423957914195,2.4905525131418185,0.8464784416187162,1.9007964476972723,-1.040620317253785,-0.5841464320115083,2.2975171167884345,0.35493918172363054,3.3195468802986188,1.6163396845480635,-0.020607160586945783,-1.3144584730114257,2.1972547091090076,-1.8503894834536125,-0.13556540282830665,-1.3234641051624685,-1.9179358627719925,-0.814735447682094,-2.3126108907236165,4.356739756573181,0.06786510496391318,1.4176408354450118,0.36888186067177753,-1.126878232339062,1.339084975951724,3.695838921826338,-3.4104719302789244,-0.7600946849396026,-3.8740439495325685,3.3189670039366854,3.224976949163097,-4.226882974790801,2.622860578344377,4.163670867443832,3.123949456683157,2.911868721863331,4.061542533114095,3.458505852651918,-1.3554172020550863,3.394967148475218,-0.4185940718816299,3.522175888251177,2.055963202453128,3.2997664206044495
1.052679946780445,2.3062619092349617,2.699287477423897,1.6213606569513563,1.5648022376277888,1.967837919298236,-1.3560248571542735,-2.224742938776582,2.0853469801728117,2.9908596252966895,1.5712714855100494,3.5072174546671064,-0.1281328961417213,-1.5889812528443428,2.1597762150178013,-2.484582259397362,0.38145689864426247,-1.906531545514059,-2.8736994454052365,-1.4197474654770599,-1.5694473151013095,1.8289916432389393,2.202874579495789,6.249512926579865,3.1034619693034298,-0.9420087290418384,1.3115427221888347,1.5281170312392158,-2.3666486390701262,-0.7890585114457814,-1.5824175910402336,0.3408513131226607,1.2766648813870747,-1.9903439653727892,0.40165755785638635,1.185472332475978,2.4562585350817914,1.6129553709300584,1.1528117855933513,0.4816950864093448,-2.8962824231701974,0.8989699732826192,2.538983304012039,1.9046859324144565,5.427419683642119,2.0557090593681604
1.68201169981177,1.8282075238540647,1.0198099917311467,1.2629990532952178,1.9370074428188824,1.7201301921829424,-1.481640549245592,-2.017271539107831,1.9550900747379776,0.5900126248582219,2.7466545700025353,2.273348944750809,0.9904714829082026,-1.9859471524091687,1.863001347175126,-2.851466701897353,1.4699950003901059,-0.8841103953406769,-1.4553303631926222,-2.314620490211794,-2.367406656178194,2.123559125891937,1.6887194618664318,1.7610630034192911,1.7414735892515179,0.14084143056884924,0.8715060760960092,2.356486666476428,-2.7490611440960873,-0.05533052623226575,-1.3758112280254398,1.6771637259827392,1.6509451523265821,-1.6956174486893463,1.0206092136968543,4.055396555358342,1.9324150250558025,2.810803685912271,2.578925913737052,2.8353594659266412,-1.925857693374236,2.1025712162593413,2.501766592818949,2.1736228605550165,3.8467456821977506,2.2169838489628138
1.6305521775623308,1.3696398870459667,1.2772665544628312,2.6465475378939978,1.8868120494336962,1.7201260888517285,-1.6934280304926852,-1.5562081792591893,3.028193804801924,0.14058103039031355,2.1528530525941836,0.5910566734292347,0.8592015650957945,-1.2258617985022393,2.248325810076712,-2.1958687398908867,1.0367569026709795,-0.8136950642554136,-0.6694070961861253,-0.5377987203652969,-2.173031859483706,1.8413669514095414,1.6314890300525862,1.5140233916945218,1.5031556364160488,0.5240850284603278,1.441211678334581,1.4036584179901328,-1.4407279334939074,-0.6785101021912359,-2.725868305117312,1.7970312888638487,0.5211319371045702,-2.8416289990245005,1.5444679346753123,3.001078411992526,0.872888614627946,0.9219475586359789,0.5826535975669305,1.3577751829830413,-2.564860450831601,0.5031629964802351,1.8388203211109937,1.4910471798558025,2.816168456321697,1.7166414325946113
1.4396333476354883,3.0259590218195083,1.7036746100854838,2.655621225566451,-2.3701462102149717,2.452267510010417,-1.3750988036635892,-3.67151727081808,1.169502407808173,0.88297399568362,4.667118073293354,3.269879331431688,-3.519846352422084,-1.3565282858944252,1.1186209432942544,-3.799752736300568,2.884172858499464,-1.550450209894409,-1.027452040564203,-2.711936554069037,-2.5548677163142135,0.08168779129277004,4.5883142105799255,2.3160684748683655,1.5099705069897227,-4.613742803610033,2.61069452966121,1.0270527938274248,-0.40864472374383864,-1.7724280243686068,0.7113766855305481,4.800017402803559,0.03938119645355065,1.110050150942647,4.711606477519349,-0.19673825865279504,-0.45787524708048843,0.25996043789816725,0.30502162044839254,5.187704320477181,0.45851796542772116,0.022193224065372164,2.1722887345959148,-0.6509731274823236,6.207876081749772,0.3423446022879597
1.5305441849894073,2.374589543685709,2.9679149215875547,1.6014716755745104,-1.4929997387605471,2.058171060266243,-2.2542661758732803,-1.8291313517863863,2.234540440429366,3.015574520090021,2.8069289296420834,0.29784915624053454,-1.8055116379459164,-2.394572825098311,2.05714426099037,-1.8123480914747474,1.880198859479316,-2.92768684744445,-1.5177493893688365,-2.1710245422484498,-2.001525720826569,3.0206996080269124,2.2862152139686946,3.7234469081756396,2.1300618831590405,-1.7550447137395404,2.332139373308611,3.017542526696712,-4.654332015791554,-2.005839225187444,-1.976958449823456,4.356394269680784,3.4576988879240775,-1.8761030202339504,4.692056656828379,4.710873956675377,3.752415915944426,3.447417866125101,4.650454054180522,4.685179924489723,0.38902675076910365,3.919520250041486,3.8260756829755342,3.3087576359341986,6.006115713123729,3.1929781089852987
0.8204882674530166,2.5653235768238822,1.7422034130658428,0.7458323252283465,1.2985640513705814,2.395170976178316,-0.7874361262882297,-3.091729353404175,0.9727239567159744,1.5818101039509496,2.4468370352875874,-1.6560955033844713,-0.26916900015212675,-0.9650074353756614,1.4080846967905034,-2.234909139517577,3.3364000166853236,-2.5480070359274998,-2.471201987347168,-2.5007117913481975,-1.0003542891548276,-0.5147833806459943,3.395977856281239,1.9561598816167494,1.3401730637277485,-1.2789939789396825,0.3974685312664292,-0.2882614799157899,-0.11867979271991569,0.33308061956060175,-0.5102162313994061,-0.2683864559246163,-0.6556341459632531,-0.5693269232186738,-0.1743137695770205,1.2696426122776692,-0.7547669966644187,0.09097302694503573,-0.5586224799638009,-0.8229468137331819,-0.023361002493640592,-0.39213914010539486,2.512839583259427,-1.1875978182228828,3.635998836882258,-0.5099609885892726
1.1983810669391879,0.11155790139905442,1.1901815321533502,2.0229103644636535,-0.6454730852846443,-0.051977919511506654,-1.4285284923151886,-0.6823007331583943,0.7434858678911402,0.43321953432984417,2.5113381218795503,2.502772742299304,-1.02490901328857,-1.6230370090730324,0.8156607873933002,-0.953032578780291,0.9699711441265751,-0.3455660554085369,-0.31777085528875126,-1.2483424277247601,-1.4810055768321788,3.191842005350855,0.9860586068822446,1.8583702551865962,0.7068224167166955,-1.500286494022369,0.8687214736326642,2.5944491523436084,-4.230280668024662,-0.33372654744560404,-2.2088822328627655,2.0765464663918287,3.846777839007605,-2.387858720467926,1.8104213368191806,5.219928091454221,3.1147059084175623,3.397454467023165,3.7422779481073167,2.2506899054782314,-0.4298424170085411,3.267301952525755,2.096693248640244,2.220990857775761,1.1443536181027683,3.073536738883912
1.1344198382702513,1.5951371739331732,1.0634820558132776,1.8879476416172571,-2.6274460083197253,1.3614085641924363,-0.772824823262191,-1.7736724102767663,2.2099061409894016,0.8956218294299522,3.586897916696527,1.5147774003475531,-2.7069029159626257,-0.9259790520906099,1.475680112904984,-2.1209368802929784,3.371230824294572,-2.3290756404888047,-1.1171498334743952,-0.3840657724543659,-1.684366277841873,1.4101991157070728,1.5770299341705163,2.321615071518952,2.0077257914794373,-2.829244436107067,1.1339197344376328,1.4958140705691882,-1.4045990411692402,0.27049828118175046,-1.0786828228575762,-0.06442337320838565,1.031206620477712,-0.6535157416434519,-0.5234315321113807,2.336132796884513,0.9000492861909174,0.9335296645541253,0.08797178653307047,0.7992775052797555,-3.0819880043711136,-0.42951010567040604,1.9926913263662327,0.6742485010177462,2.9086506913239565,1.0204534984249718
2.3499732837592453,-0.1514143862184576,0.3508715266966348,3.9504384110623376,0.6969384365752678,0.06926366088532654,0.26208469878017104,-1.5594399285502094,2.5724320194535943,-1.02561469453648,4.731342502747275,0.8950683359655214,-0.5534876996478141,0.038654314249653376,-1.0056564181347751,-2.1220637476006385,0.47770383248007775,-2.2606650615954926,-0.8343083949195272,-1.9449721066730556,-2.8224350032862593,3.7254980266907363,0.7078451720912251,1.2981366096851357,0.28508855715326265,-1.489470030091659,-0.9225458059014398,3.7279528581308337,-3.0420992756703082,1.8001500602624911,-2.4764743564229272,4.263002423521207,2.1579316212099036,-2.3687343792474,4.052537471421988,2.597392791638417,2.3741201245674697,1.6729387536182982,2.3188790124143384,4.78344875711735,-0.24634410108429816,2.291452484514817,2.030315181610166,1.4156762849307467,-0.3208680735796827,1.3272523279268622
0.9083045595318442,2.160875833780603,1.730192612744829,1.2233695144714172,0.36136019721483664,2.2276077133691365,-2.3368834163198664,-1.931406354025652,2.8993375315106027,1.4004700985831011,1.4892896168218503,3.578037322768279,-0.3643650687428093,-2.745165287062218,2.8020024288860625,-1.466738421773445,0.9527500010771052,-2.08261173864246,0.0232746017837131,-1.6667451828643438,-1.098067212211883,1.8041069707939208,3.1294034041062737,2.067630764237542,1.4731338222950021,-1.2946660413327429,1.8996608126696686,1.6781619959732685,-2.0764883901510456,-0.5518649438350243,-1.6804440122223574,1.8828904937716442,0.9805503403856921,-1.5819531074423034,1.6759637719634726,2.530116460829249,0.7299631605578686,0.3433708294735309,1.2233660430649937,1.844113097464619,-0.10514022827158276,1.2944364528010621,0.7679230314269163,0.32929476620263,4.452602884951762,0.8021812900970509
1.863295964011619,2.7174888662908456,0.8158139763301977,1.8428096441760689,1.7451517212400312,1.9876343040962485,-2.457302341453253,-0.728435321785015,0.7262974384415279,0.2201079210625918,3.288209398062567,1.6811980934906283,-0.5703770864187,-2.392495066631082,3.5099139593201762,-0.8502591851661958,0.446281620514838,-1.0195477109567916,-1.8295585502663971,-2.1807921011084526,-1.6519699058272626,3.4407861233063404,2.673983118095949,1.2029869570708407,0.5096418940492031,-0.939555884685995,2.3606397628768727,3.0260180527812857,-3.452061281034349,-1.1906294922390104,-2.5752392754900493,2.101443656935289,2.11058082273391,-2.3215495185919153,0.9440533049252183,3.8102873049922947,1.7413595399655803,2.4312677314889006,1.8747821109312848,3.535952639420131,-0.9595430181120767,1.3596829375732549,2.590090870452168,2.2789233523319066,5.44794200092253,2.279193871119804
2.5326270748791533,0.5879428792902606,1.0980587027767195,3.3919041250222115,-1.6917979550000815,0.875267581615695,-0.5627836417321215,-3.028773212079463,3.6368093658234426,-0.2783990194617205,3.0924704823801155,-0.5733516049008889,-2.50310418157107,-0.39031648729486457,1.1399165149209014,-1.784227978877838,2.5060339460690098,-2.728329150524653,-1.7785748730400754,-2.401322638890071,-2.534044299966107,3.533659725865051,2.7235329025543837,1.5253016978417107,0.8254576309634876,-3.050569225723042,1.1550712970064148,3.243187916483755,-3.9868359991461064,-0.7779825789252619,-1.9215875527993904,2.1481081545401928,2.960783393337728,-2.093555586697833,1.3937997737850847,3.942278139305553,2.5268346611884636,2.6301302921569834,3.0691284499100346,2.107893486310416,-1.6637669206332248,2.216302596491764,1.8450408775336977,1.4356238219718382,2.237084952422877,1.809851985266198
1.268313044058715,2.9643214997456226,2.3339774515901155,3.852100483641032,0.5618786258373564,3.5361213413975756,-1.3647499090569954,-1.6879061510483153,3.0171722425674488,1.7113442592660428,4.131643335562661,-0.8512217636800374,-1.3195860717499488,-1.2522088705441106,2.1464503927007286,-1.8220048054393916,3.432528196618759,-1.390217750430637,-1.5316186250731176,-2.583651960437731,-2.2090032986018304,1.9835517711139257,2.575982253946849,4.276379300617892,2.1778616066886913,-2.264940478577233,1.8818606234649728,1.9215418610952695,-2.22907880894604,-2.1346981844249333,-1.3286953851830936,3.020630318668634,1.568714004767283,-1.6409562914052684,3.235050385792925,2.969588373382572,0.6173848023654449,0.9121348106476097,0.9695457118357265,2.036536881674369,-0.5913101385110769,1.7728298743960877,2.920438346319488,0.16700684974530344,4.097329185033807,1.1572215663323087
1.1625282864515452,1.5271213077226995,1.7233192439998777,3.8615211011264448,3.0646596123298764,0.4997491758342487,-1.3494477504277855,-0.29125935973609707,3.526025914864892,0.5023126281297041,2.5223785953903413,0.8321922905682445,1.9662830704441308,-1.7600800598767274,0.9430017866232813,-2.3424444431526554,-0.7892011789687818,-1.2669727883408346,-0.6904352195188312,-0.9237770077668245,-2.092959961453909,3.2824962689833717,-0.15511036751786444,1.789749262750857,0.5083517045796689,1.3037488948925686,1.2394722300461107,2.896032083510595,-2.643455302081396,-1.189428570281469,-1.8761292429164407,0.8574912549352742,1.7599412357452464,-1.6984977609801921,0.7374944991186807,2.652755401294609,1.4500574588790482,1.6768443848718162,0.7714971950411625,2.225231049967464,-0.9993841882896908,1.4524179922351097,3.283642245302552,0.8974438719712414,3.629097420305279,1.4417474282421934
1.0454089702116096,1.5565036400057666,-0.736300377602698,-0.1835926310828624,-0.93087612829151,1.8151446494711079,-0.704404087907867,1.3466173858827886,0.14046710260417417,-1.5838622389202974,2.0950191387407506,1.4801355557614118,-2.507180795804895,-1.4141452240900563,1.5137294341818466,0.20072926279427716,-0.8515018183257048,0.44504456310237406,-1.4729291318909647,0.908307406254319,-0.45637277635802254,3.3123808179637,-1.6034907120655375,-2.1244419524163893,-0.9201359006103143,-3.5053391744167763,0.8081402004929343,2.9218744624565534,-2.114771628478381,-0.11646628339414411,-1.9727670805151172,5.025739284040458,1.6573374633338571,-1.9655142006206217,4.252012397144643,2.4144196917653344,2.1351206770749793,1.3199854397375852,2.021769561233521,5.728580906544328,-0.12898982155785643,1.5172598690497459,1.146914627029218,2.0345171480263526,4.184873005924111,2.631575043593875
1.4125819876808026,0.5287503023787556,1.814414170033103,1.569643076087245,-0.2614900839424922,0.7563425724357051,0.659655903503213,-1.6084820687648893,3.017287238063672,1.0074954492469146,2.9207572298515316,1.3663197966991851,-1.7447063324341963,0.512604968679286,-0.12330258047657905,-2.2459816329484985,2.147590664411462,-1.2260574919511174,-1.4171107547429198,-1.262708975498723,-2.115345150444843,3.3303390332176788,1.8136259434351298,2.69375767882284,1.390447486591155,-2.4452056715449753,0.1308493179634771,2.88661321525527,-3.0480057841330863,1.002709298777555,-1.8796141730394749,3.8189670665341477,2.713326384523128,-2.25385451759651,3.9861137954778325,3.3616788519868592,2.2710235479239933,3.3818770754442786,3.170944467529387,4.199972680441308,-0.38429385063463295,2.392563566689857,2.4108809852979576,1.4863729077981733,1.101867249836983,1.9163754181188397
2.222014159519234,2.084350658914796,0.061276189167744466,3.3670100195318677,0.2044498644787616,2.022519329150601,-1.0884697701544903,-0.050482108845984364,1.997356303030054,-1.6330073974593071,2.5394737720903025,2.0620695707326355,-1.313933776082061,-1.117818442211916,1.207292298675144,-0.6568150469030023,0.11949874060098531,-1.3389497581634913,-1.0759610385869165,-0.040570974813229244,-2.5578414236112508,4.832860835221556,-0.6544086240320863,-0.914509116169042,-0.5549093027213223,-2.0220380583095636,0.6967603617297509,4.146425712560471,-3.633217649281526,-0.14304737273367674,-3.2015094648383142,-0.42106987675734064,3.061979391243362,-3.3114575782799194,-1.9462151707330009,4.051567335645791,2.8794825130292985,2.8091194533962605,2.080776136724381,0.10023687442757989,-1.5126367495114272,2.3081963062009594,2.6448569082756563,3.112025833517884,2.9512221994253136,3.2532363544957006
0.3859390726632045,2.2786480459369556,1.2466030135736608,-1.3918171821321104,-1.152218077437405,2.4699535091054057,-0.7615395459233786,-1.211510927050833,0.37230868536684736,2.3214977942832533,1.333375167025125,1.416931701736527,-2.161737707677082,-0.6953173840163036,1.5711383211195362,-0.7923871107949361,0.6920918885472688,-0.7801076792723303,0.628024609329765,-3.020096151205586,0.12891976449862308,0.7450049181642489,0.17697504420840549,1.8006929303858206,1.4898609026319676,-2.5339422343892477,1.3740030404335712,1.0405688582059982,-0.3752356588457755,-1.143667979270009,0.06281006210396023,0.6002416126903248,-0.1873883811922945,0.5511111412338345,0.2784581703989262,0.9677508489912479,-0.3226420225188845,-0.20544307345618806,0.8145893699516277,0.6642637750096547,-1.3611666345028908,0.6738437994263529,2.948967827964586,-0.7487579045331727,3.960357939451899,0.21554797363035805
2.4664948714003603,-0.19763022717357526,0.36227678703182664,3.178469773633126,-1.6041529998703297,1.0114836650281878,-0.061408733919614544,-1.438787708758072,3.4977476733670896,-0.46646412263026327,2.988033282984391,-0.8147122418674513,-3.555908986418232,-0.12072130087732957,-1.295479960406231,-0.8283706067451074,0.9902230981665079,-0.3693044725847727,-1.317801031467442,-1.811612120445342,-2.3584049057244623,3.9288859737915622,2.5729308363609604,0.054400473257617765,0.4206284309536815,-5.111447228202688,-0.6027733469156566,3.707744006982919,-3.7045870826488327,0.8796011309569145,-2.911852295344531,-0.6735957426030097,3.484727203598014,-2.8790993849198214,-1.2698994380710233,4.501838229829067,4.143326988866802,3.5576896967938234,3.5043202111906036,0.9624894124051422,-3.412475706836025,2.865370021271375,1.8700423348608166,4.760972609681552,1.7791774876293402,5.82237182746667
0.6558141181174335,2.471083622750297,1.4599700585216602,0.25540691931966375,-1.405401124738237,2.6308894331233197,-2.5293798478773413,-0.6884539236633026,1.741791331896843,1.3517794031050387,2.0946749078772573,1.0205960687742022,-1.4199589037223712,-3.2119943532533,3.5360834766984444,-0.9252168883000255,1.2711384565985924,-0.23806815843440665,-0.9677165194530215,-1.1627703304983306,-1.18078803164488,1.0854807066896637,0.2887215963383858,1.323324301137072,0.6784589088500208,-1.6776404920603782,2.703020161604954,1.4059083607784215,0.00048465369895600574,-1.8223678259676137,-1.0034392871401678,-1.0095286254640403,-0.6572781950991289,-0.5204348127545578,-1.3640836760887443,0.2730672953086415,-0.7734016374881784,0.17356209557795288,-0.17780194691300633,0.6474378350046164,-1.549103226194494,0.5401027519505401,1.783768030876496,-0.9079392072986605,5.379898110780184,-0.41686578948931685
1.6429854063693354,1.3638291257110977,0.49880900202505973,1.5508047377387237,-1.306856142825446,1.0701430376627579,-1.398705507313806,-1.2168996234633978,0.3890489749365742,0.07733202788073434,3.295649378225269,-0.7717192760634204,-2.5082152448685773,-0.43338413270146536,2.3241574787108776,-1.6939712748327473,1.2599030859157827,-1.0942554012196797,-1.8773302719221228,-1.1654949952307505,-1.4637793795972496,2.8098400955407676,1.5949596453669335,0.4823701153795499,0.9664240142934772,-3.1000039206134065,1.6804804210744846,2.3078071298507736,-2.5323142839843698,-0.464558810213396,-3.1156396649415923,0.6446451033455749,1.5095381165910533,-3.1371440332688154,-0.4067778109932685,3.2480224967774887,0.9618208912310451,1.839445889778939,1.5339368108058644,1.195308487190542,-3.798191512326061,1.5280701346132766,2.328481777837665,0.07377619341871255,3.108545790852646,1.1421395363259004
1.781851631682458,3.4943176857677587,0.6927701214297921,3.6159908543659083,0.7793709591953386,3.7652639776439485,-1.5907119244935242,-0.29736680866415455,2.2194106760386916,-0.5841965628829551,4.823091537224029,2.0618380783581407,-0.9260429335105458,-1.4127947380655237,3.3590830893891432,-0.8930871153328932,-0.28151635825524846,0.26925749240759655,-2.164640753528407,-0.3716940852685693,-2.6728538919390843,4.167791881847576,-0.08427453730710455,0.21964745260133034,0.09671467796644762,-1.7313676586147644,1.5001842486138628,3.5627147874512692,-3.3998943198884186,-1.2018094266116433,-2.8618332543984044,3.977387820380697,2.537658864630348,-2.697871785968933,2.7277255580653366,2.3113521002826958,2.2865594983639093,3.0434645596236787,3.544514195955789,4.433692080797824,-0.04175398049153389,2.603170168400319,0.6846785355906595,2.108327449554815,7.850519909371966,2.3803989074553
1.9490147747937523,3.518035994139239,1.1580991627533712,1.2970498636186085,-0.6223660383614265,2.579603993591728,-1.794191265636384,-1.587376104174095,2.299390931380784,0.9413892910870247,3.6945146147746972,0.26447931737460606,-2.0440783690556596,-2.162796881363828,2.8450329878211926,-2.0789173301175854,0.7127954705307733,-1.2738557253958918,-2.008899524973567,-1.9560269661143646,-1.7424605628777772,3.1062999175962345,1.7873814636596714,1.7710310545856758,1.3115112515121432,-2.5734092378049858,2.4222207071440622,2.6548789818523852,-3.4267296289450657,-1.2294344274584466,-2.6142066956804233,3.2186442985949175,3.2152606051226487,-2.4651583010468725,2.388692896504411,4.013306687963406,2.611187140639792,3.4815081482552266,4.526680719112554,4.343219119497054,-1.3212317295265925,3.148556652262845,1.2211127328431037,2.129416935072168,5.182931683401867,2.703298549411336
1.1970799962912553,4.00376587119245,1.7685070938635379,0.48944686833454965,1.8401552963351184,4.038168363413115,-2.6854346637418343,-2.165227210578624,0.976707813191388,1.9277150782692354,1.493951482232509,-0.2178640469161588,0.8651153961732057,-2.4728803919293703,2.496008077031808,-2.9453409833492787,2.634335597012599,-1.5698300283812956,-0.4263764891575452,-2.5593585362541393,-1.0602303671226267,0.7885728454459244,1.8148488942366918,2.7890448011787794,2.2669982430513023,0.2719985104110201,2.3324151698716817,0.9274974898382218,-1.149769322041439,-1.9353500584423897,-0.5355097210310937,3.44736880900105,-0.5673291634561992,-0.31525644706996814,2.6874144585532873,1.1381089004600162,-2.0326096603356745,0.6230916351369206,-1.0884242139143596,2.3720367229667616,-0.967549870230939,-0.8219775146228641,1.2543172214048024,-1.9642921704264436,5.79919761052637,-1.0105896014377085
1.2040160570378715,2.7487230085920062,2.0271319496843265,0.5722466796404734,0.6098367742842188,2.0309882988858563,-1.5206570784436144,-1.0292846298349247,0.972476394435251,1.7770824515983525,2.9078454904872,2.1024950812921785,-0.903434219684757,-2.0955602660646013,3.3915104720058364,-1.0080727007744668,0.805102880332325,-0.9721741680136518,-2.3546573352028597,-1.3192004625036526,-1.1485700527331297,2.381200668209341,1.4126977632861184,2.240522638518571,2.1567534357394407,-1.1965980775531253,1.714259892872008,2.022193501600399,-1.5146265312777694,-1.170946173692879,-3.11232328727204,-1.496240923266501,0.8487814925343249,-3.6751725684073584,-1.8866991238332063,1.728022509443646,1.291095097537339,1.2423131871427429,0.9218408974001973,-0.9687990502506303,-3.2001715450243755,0.33971457844872655,3.274996677249119,1.9583469248910237,5.770501345536404,2.722180538721724
0.06926049290569658,1.4805863104804757,1.1515461921304717,0.47419953260727987,1.777058425094014,1.8916087626407772,-0.6831176233314292,-0.44697231823997063,2.492141948662837,1.3321570122108872,2.1063527002006284,1.7401354392581578,-0.17232308977585908,-1.3490241697597387,0.5905106337662707,-1.33801890779221,0.7462931474990386,-0.9943422657632053,-2.2044387239758985,-0.6214090502160154,-0.5891675414728039,0.7453664485291804,0.931374517255418,2.0541761463436314,0.6317069360447589,-0.7707139763143667,0.09861158119602864,0.9272685099940956,-1.0174638906071514,1.0873388805075916,-0.5745876041027725,3.4783699556028678,0.1543939762435922,-0.14837070890437887,3.610575832425747,1.5923417856832183,-0.38212531853774834,1.4997999113406173,0.2488965822810545,2.3108740404810124,-0.26158967939297106,1.1550072223572605,1.5370516342572573,-0.7112376260801734,2.5118863024186266,-0.5334752501532984
1.0645633805518682,1.4883974646066545,1.172781840267819,1.1423608534409555,0.14701803034533084,1.2742813872936063,-0.9662438684346482,-1.0732776303943419,1.7149703102657032,1.0130483832170285,1.1103309525713645,1.8418813918094408,-1.2120710014800908,-0.29146922572114686,1.1987690898209256,-0.9860969470418997,1.503694811965774,-1.9263253543512429,-1.2855314091590808,-0.8575557397853166,-1.8132831135599712,0.8406625893392101,1.0707058572106742,0.7077819788009982,1.0388263623943048,-1.4197125200551868,0.6872441942811206,0.9613455718689532,-0.6289896088167479,-0.25910165304740074,-0.48189159017244987,1.4526168969651507,0.6158975757781362,-0.5650424366700109,1.3476639941294273,2.239168154322905,0.07072639081888599,1.0487914143480532,0.5721109705997589,1.1363108979137229,-2.8382875205530285,0.5808615178526835,3.2916152264911487,-1.0281157937415089,3.30360909606119,0.5543698402824093
2.149206371820468,1.6297474602288653,1.5209777248197613,2.9220484744187,-0.7959184717496028,1.7573464354621273,-2.0700725679011702,-0.5119448566237482,1.810900749953591,0.11223212421783157,3.0860327728558783,2.688697232112983,-1.6947049852298468,-2.0787095798726103,2.7713307049803424,-0.37094669439068473,-0.9093458729791477,-0.1654051989062979,-0.6120709039642556,-0.5274887135702049,-2.89070337477804,4.971958041178102,1.9112020645864285,1.4232349708615306,0.8802537746265875,-2.244316310259237,1.7799458281952285,3.8671789607308873,-3.1634309992411787,0.22682866100354548,-3.5804199675382424,0.7504549388933017,2.337830536954941,-3.7344108167152474,-0.3486073853117111,1.990498194766876,1.6606258077898906,2.9846229394475507,2.4119152351732303,1.929093044844821,-2.829485896688448,2.0338598884168277,0.643851647435514,1.1313916679807552,3.905531129542386,1.413944803591433
0.2757699968905011,1.2392830077773649,1.1748423547777067,0.9774160341068934,-0.5310503163073816,1.9077914668562956,-1.1318791256740177,0.08907334715881299,1.430590681432506,0.3908714090732561,1.6993465923090167,1.942513526118583,-1.86349987273154,-1.1234301408124407,0.9025185211736474,-0.3687712258702158,0.015616585209850653,-0.31310952738109066,-0.983738016395702,-0.27079142671146994,-0.8825834703371966,1.8745683422971804,1.3552876242415937,0.9107445394974679,0.6748765234206813,-2.283579432898187,0.4340016742604105,1.7954625917159812,-1.8219308930219056,-1.1903420184789113,-1.879174300672473,2.3439451016075097,1.0212540461604849,-1.5347925961391853,2.011555066399578,1.7932649308376376,0.45249407880959125,1.4759102024257846,1.1605007958537825,3.273156716695185,0.6973116068744292,1.2613882759849593,1.9958479887091451,-0.6695484556192923,3.0792710158068566,0.18776599492599888
2.3853042837878307,1.7672179582209644,1.509075108781139,0.940992129848581,-1.5788685471725814,1.1874610841050772,-1.0689472403139164,-1.387200141949295,1.665046969775787,1.5307983566488548,2.4799543713045193,-1.673912098913881,-2.942462205256419,-0.7954318269653959,1.0850842716483136,-0.858658027786048,1.4789769083731614,-1.7945968142831819,-1.5984834868391502,-2.253436063317309,-2.70255938445736,3.812957746466071,2.8129692239791035,2.027662839506477,1.6667712885893913,-3.469223490666021,0.2573599695726614,3.340219519973866,-1.9446170008256856,0.3749396710620789,-3.647739273475808,0.8642243265708545,0.8760610131876545,-3.758604371015543,0.19374652163769412,2.5215061684911557,-0.3475475111190772,2.2565093895935937,0.4428017313355338,1.6925128444780442,-1.1768550906000206,0.074175643758851,0.8230917833521979,0.8755427657912827,3.8645236206493965,0.9684244245851619
2.256314997317507,2.53454245700369,1.0599533446511882,1.8601849317643708,1.0205724568806267,2.180435000342272,-1.2530169311784134,0.03204908628793213,1.7486741816438245,0.1771111109206931,3.775144065053612,0.21964077553330408,0.6533635968113998,-1.8994807865221877,1.6811019958395217,-0.5741742418958544,0.4417766252965074,0.30335997110779545,1.2727689683893681,-1.9213584006930033,-1.9010249120079958,3.960935825154179,-0.2965801846589473,1.198927235189529,0.623630578584192,0.14422694530865532,1.2221354815536996,3.185863837406644,-2.9958690935843393,-1.477699719101343,-3.735644768465476,0.7410345904120943,2.673262642675644,-3.4677252595676302,-0.37674934691270434,3.6374826995166853,3.1475809511215336,2.741519876939746,2.558069697244459,1.1162959434389679,-0.9443927640289999,2.028526973153813,0.824167227792938,3.2982148245118266,4.47412545163852,3.190586229412807
1.1989792104598813,2.3781425967534022,0.5420352098036,0.15766445701445364,-1.2833331727088755,2.231867658260252,-1.5395897327453965,-0.208189531638995,0.9493529133789942,0.08544754716238523,1.3509798443794538,0.7552048587291884,-2.6672217931372106,-1.7834063322305433,2.285164829755213,-0.7210041892731718,-0.6451296157271058,-0.5015138213092256,-1.162599570008707,-1.37242136786363,-0.6430885254872121,2.5355852347883916,0.8460182438518541,-0.7646927624146767,-0.08910233982609439,-3.4712206544144086,1.9996367289027797,2.370218083179439,-0.8217000460301989,-1.4793508346648845,-1.5139214726597843,3.3832445203989794,0.668585431328907,-1.7561332917167236,2.5135544338321765,2.0711332452726863,0.6180126200766831,1.2022656909144647,1.045819740237276,3.3745225167796242,-0.5737994675547993,1.5306280781681738,2.182932995864191,1.1427199448962575,4.021275023108277,1.4721875645535698
0.8107659547015313,2.263112029073625,1.1644447829544533,0.3743678750432271,1.2771059202455333,0.4747124482035614,-0.7661352939769664,-1.4661988143723728,3.1835667275992576,1.1029690630599196,0.17246581482547008,-1.7338366326679393,-1.4996082980360472,-0.6709294409812377,1.0761776663050542,-1.5184444351264559,0.9093186023702826,-1.1208638431418425,-2.1971283360364664,-0.6455700440075949,-1.3188405272424502,1.315514868037666,2.3148168184917646,0.3921160687885672,1.3969772116914339,-2.5643807123681137,1.4558625018124356,1.3146654903787374,0.29289236261773044,0.1254206721588973,-0.3412975424821545,1.5754288742222886,-0.3102382752135069,-0.020970870148420584,0.7248294003244933,-0.761908899375837,-0.13116475767711988,0.7121560969161889,-1.2539862566790194,1.996267922479794,-0.2204628833370743,-0.4352574895983934,2.551319858424741,-0.7824541857851786,2.9118280382595323,-0.040014441268756196
2.29957777818095,1.951426458095351,2.8590679682155438,1.5148479213313966,-2.7550564952836876,2.4560897766945455,-0.9351934022622695,-3.658878979878784,1.2834329699680294,2.459304381964172,1.7930331686431196,1.1348841433690127,-4.137373960320501,-0.34893204434059677,0.6183546409191012,-2.9702930490200443,2.7453189395212685,-3.0326371579574136,-2.6479284509163525,-2.899567618774406,-2.724106860891312,3.716468866499714,2.629832590787477,4.332943581854029,1.7604369146699534,-5.03280627121865,0.30050376327069106,3.957417974157111,-4.038334018126565,0.7548082353778198,-2.168759426893535,-0.7789529252183243,3.904981228278745,-1.784828955126746,-0.9886400187089748,5.293256234050775,3.956487128485281,3.6354545252277486,4.44291596043778,-0.39232575391637003,-2.78644339437065,3.2284455699937396,1.2915207834350135,2.915668188690227,3.333818189689983,3.26617117740417
0.9817751804375082,3.7664598686535555,2.1096008435978337,2.052783946818128,-0.10311653755662342,3.22127595503108,-2.9472167851865905,-1.6911689948370592,2.078118655351738,1.9484511691476178,2.523902693789336,0.14327082946106207,-0.5969999362099201,-3.1733375975237257,4.192369855037575,-1.9940625114192172,1.290875183936918,-1.7716631217658343,-1.013988731469799,-1.7593618230996904,-1.3785191314124645,0.016649515273250426,0.9174506348772807,2.530314835547512,2.273627609771876,-1.0547855937127575,2.0413925083150417,0.24631610452923502,-0.7672056093429653,-0.8665710127530653,-0.3800958041174798,0.28432195580663455,0.23491740767578329,-0.4589746353208961,0.15879242722679854,0.41203868027722446,0.5893153265212773,0.6571709035939596,-0.3592314951250961,-0.3313315308904159,-1.8057064681220945,-0.16221671755084888,1.559875683304731,0.7882640259735386,6.335262562700608,1.1675178786339049
0.390342846807336,2.7365835069422384,1.9585661270062813,0.1776746361929462,0.3105223762248555,2.7646068770882914,-1.7012183122703441,-1.347360898695704,0.7737233460056636,2.358380117477701,2.085714379007742,0.43681441928227027,-0.3387165044315541,-2.341849912043323,2.9800126725702376,-2.0427412839852206,0.6541928401014688,-0.9747018160572188,-0.8575051003444367,-1.0432912625449031,-1.1457369704903768,-1.0344851973791669,2.5156488565490585,1.329067921581264,1.8888468310516204,-0.6573111970418097,2.329085391881296,-0.7843581746164581,1.0742299498817276,-2.3956915054396566,0.20128740273936807,2.8347798727235287,-1.7673146065909782,0.5202790915956914,3.079614127650564,-2.324448622611713,-2.0693369430394832,-0.9086817912805654,-1.8724408693282248,3.0790060328773494,-1.2741507242507712,-0.8135822454697463,1.4498309421605575,-1.395524811575469,5.60716293578548,-0.39473089397975114
1.684716588053968,1.8413285380936077,2.3979258933922596,1.1615141720462732,-0.9376126182846644,2.765987590767012,-1.0039131235382288,-4.572672822922691,4.367833484041945,2.014550666989882,2.404822975034508,2.1427889572583823,-1.8050627439894271,-0.999706237925637,1.0197355482447605,-2.5488093242984027,4.048090396894651,-2.9081575166248412,-3.6813685674123757,-4.018770411550702,-2.0335108610646824,1.1491421235294847,1.602914892749793,2.9808455609398945,2.0613056058150576,-2.2477518691600076,0.8211240485714769,1.4465315186340049,-1.5632949309575885,-1.095995005928855,-1.063160245164089,1.3068764902904768,0.9993764965816044,-1.1035855347241226,1.0289449670548314,0.8272075588357397,0.7035607473371792,1.5989209405955316,1.7468843384600925,1.5693615113979456,-1.538590250124031,1.8594239131815766,2.3161784872245836,0.9570750649531654,4.452489631812531,1.6321035394670669
2.117096899449142,4.401482437807591,1.0229279501687976,1.733061653609908,1.763928191244696,4.2178501610816825,-2.165802078628478,-2.1869196281551657,2.592225394132691,1.4158588281462736,1.0955213697322994,3.2779529850485307,0.2754803659628009,-2.540560041116717,2.665797843624647,-1.5199752374627356,1.5346563275116258,-1.8247946795034888,-2.600952460663242,-1.5230789961667577,-2.833577251414703,4.326292633389223,1.1175635214991484,1.3233226123285005,1.7252939865542691,-0.604768115668002,1.7191675816274037,3.2828347479832405,-4.023024992398988,-1.5242033636259313,-2.4239161838185583,2.9996736384059735,2.4221835496990494,-2.0886672530403962,1.9305366972397389,2.962544983711926,1.8202624100051503,2.353908657912786,2.8749985988343445,3.05792949595825,-0.6165964094408201,2.4521494794668546,2.0762344631734955,1.2064971655242074,8.162957194688822,2.0588038716741925
1.0179023593113623,1.2725913118254986,0.9092814205801248,1.4170006198177671,-0.3434001706088634,1.6002473479986048,-1.142951625529016,-1.9809760028428796,1.55112510574163,0.4548532579812962,1.5305730276554073,1.4329216464405399,-1.907297113722433,-1.1169007796607007,1.6720374002024458,-3.9112111682887,0.7756927407045624,-1.8149346554368757,-0.9665668586623453,-1.9252736457085944,-1.8296193151955331,1.3157814571236734,2.1530282800611236,1.6053044889425738,0.46370830805031105,-2.43806950894761,1.3520759002212466,1.9273242974543068,-1.577663417726271,-0.31966162941112786,-0.3244505525078809,-0.689977587108414,1.1306576918666476,-0.4133845364423725,-1.4965458045661177,2.173165584369032,1.1076982608640038,0.98821118198202,1.419559174635567,-0.37686398476457694,-2.421340813478314,0.7214931331419807,2.525481896962308,2.098870548004391,3.714108154635012,2.8701356780075855
2.042034897324561,2.130402180013091,-0.3536229789063876,1.2064815305456795,2.2713104701777236,1.291351779932116,-1.5424016658032367,0.5497234307561201,3.4996274108824217,-1.23104433613907,2.4777899148015554,0.525759961129436,1.356300179112814,-1.4909707358342672,1.595600420458493,-1.371227293058359,-0.4931475774108054,0.34033424173363813,-0.31490904966855826,-0.8653179265561962,-1.6936383461859057,4.661535761078994,-0.7232283770454693,-1.7128983052612325,-0.8825540269562386,0.6879297765325529,1.768961418024174,4.420524519111927,-3.5302059301589086,-1.044036070637127,-2.8613154091254627,4.144120699264515,2.630278512291686,-2.4221382410826866,2.485106469459538,2.734114383603721,2.1078524417248663,2.9727211318041227,3.366890086961437,4.4011216475556925,0.31897758195600145,2.2321983893326482,1.5937637766844044,0.41516356970962054,3.181059255583989,1.0755554366946969
2.553296402998522,1.6254144900729308,1.1712940815574036,2.4363094175724376,1.474987612506728,0.9787155187963961,-1.1460071099715234,-1.3986548947949426,2.7593873387055288,0.5061709766551297,3.477353918952102,0.29780301049557356,-0.42075174621279565,-2.006855680360493,0.4637559045655857,-1.8365287300428281,1.293515926601711,-0.7968488217376759,-1.871663858693128,-1.4170345827197928,-2.751588903687768,3.2248383665181994,1.9357240455249274,0.7500417240187207,0.950773475811061,-0.9257569406494488,0.37795515636290855,2.1824247156290317,-2.399319956861897,-0.9328267758546042,-3.0671960105487894,1.9927667892992629,2.0989868977178943,-2.8406612407414946,1.481085471999691,2.792760721977535,2.615203632267597,2.021217452383406,2.2111574392558158,3.1030521923115546,-0.3579475274057289,2.154053118029044,2.50681154723089,1.5757522105490276,4.224875899162342,2.267735818330194
2.224300673979992,1.04589785753921,1.2072319533276137,2.0649350198021104,2.180168654150218,0.9122330966922918,-0.22269069584106393,0.22885989850753008,3.3937747606863216,0.8052657029633619,1.4936776772434455,0.3936439074215836,0.8970357196329162,-0.8480879878878017,1.2426286826397457,-0.6791155223750622,1.4447450939813407,-0.3778730126896488,0.8178617413653113,-2.045408521704336,-2.4522026534283063,5.34155056977494,-0.27192629915908695,0.788519467098826,0.13520758662439603,1.1951222274571522,1.0478051836049869,4.4385647479326344,-4.950128168301744,-0.01967041900046884,-3.8281268702156783,1.6445247966325678,4.419489281096475,-3.917887864647,1.1904874628694073,6.424607055251471,3.456008225506795,3.5700394728609455,5.363218877724541,2.8024138284263724,-1.847928642136855,4.244623580463752,2.567701260491025,1.8968720425911578,3.275047994882727,2.5207846371046956
2.3386802312445907,1.1903091814791464,2.9595041520942296,3.842786961797457,-0.6607799273994236,1.6733906390265987,-1.377682317623831,-2.9833442734960545,3.5845280258136607,1.7489662590496233,3.6274793647688988,1.6375876068309718,-1.4624612258580298,-0.7754383919635754,1.4272171741787532,-2.4399675426735032,2.0027910011777803,-0.7667343501500385,-3.473706840732901,-2.0760295316530364,-2.7941941190623765,2.775043946411117,3.2255879318890663,3.370217049448718,1.8463674074966383,-2.2927768618053714,1.8878752904639617,2.9925811137151523,-4.330920783394913,-1.8678832415481592,-1.83392335918347,2.889891513795691,3.584915291646509,-1.4495598234179687,3.238656874392242,4.714808485624541,4.3242815394095295,3.26912080022932,3.9841842251141966,3.121428846171146,-1.7493813416988537,3.0938335159076624,0.6769360271938294,5.085130471990733,3.093336648311812,5.619164334142993
2.4638862724856305,2.4972601397605043,0.6810965658209721,2.6266019656897788,1.1616551053379296,2.697823041034075,-1.1747151120493287,-1.3408382869906055,1.8084900696439403,-0.5647026829032378,3.8426387029051488,0.7272829609484308,-1.0602642397541044,-1.308446715291332,1.5865318402473594,-1.8910165987999603,0.01688602045603682,-2.188619959962437,0.13939807017239558,-1.69442717254226,-2.504318789164737,5.401544688982279,1.9532714581521984,-0.5360963036572517,0.6605604767750227,-2.286443531028037,1.4134081208575422,5.083275168255752,-4.731680878927634,-0.37552267019186414,-3.179743117521773,4.603177365211936,3.9160792278747842,-3.2792832980586675,3.2541623487731597,5.677737508775286,4.083033582544062,3.3386730675237715,4.443167194508632,5.8015213318640955,-0.6304212690858436,3.116861701746825,4.125618091491322,3.2806930492408535,4.624907587686506,3.4464245969579546
1.2065165352288036,2.228480253712522,2.3995668765792857,0.6869293398259742,-0.5041109532045871,1.2041946614123191,-1.815400770068857,-2.7992363383435235,2.716486071908618,2.3440963242564203,1.614532428689409,2.155771900639689,-1.5459446616279635,-2.273144357964307,2.452884994109516,-2.36168630345594,1.6805010688376916,-2.1024399380002876,-1.633520660253926,-2.2882083125156445,-1.5860853346465464,0.8304474335051495,1.5997722698645818,3.927593608463206,2.837688781349662,-2.065654071246297,2.184308097841339,1.2339885190953925,-0.49435595644079733,-1.6825588803165372,0.25816842474214163,-1.3606691971894291,-0.07231077822097043,0.6411671867742035,-1.109554703604472,0.9081835335028077,-0.2907074262832944,1.0797013467276753,0.15459271595231328,-1.7843700837482166,-1.642873012323028,0.5356109975429678,1.0796427347066033,-0.36357570758906155,3.38924151886207,0.6066393299297885
0.5665536511084571,0.9151666119737181,1.3021226388493812,1.3143697260173761,-0.9382698180413048,0.9484030909839652,-0.2557864389125062,-0.4052466172915369,2.2588720242139217,1.0223072324915998,2.1162627608345512,-0.3918903762782262,-2.023205310510055,-0.3247145537066949,-0.767954344286035,-1.8734663508612996,0.2664022842455994,-0.3939889018090854,-0.913985436712778,-1.4561182100685588,-1.3072967278578915,0.2092013786101552,1.4155768666911581,-0.018893873674497463,1.859948320484352,-2.7883830086210186,0.08700644763693544,0.42935309681361056,0.7703200539451676,0.5462111337970224,-1.6023620765995439,-0.9273299800435384,-1.079509001740647,-1.345510509427826,-0.6736815479264129,-0.14822837636010977,-1.0922651348864734,-0.4836795202002624,-1.5231512887076477,0.03745637828667214,-3.2501487918619087,-1.144271274790646,1.4194040483635046,-2.131736484718594,1.8631629673264707,-1.0267547161911126
0.9691229120759215,-0.19709455225952777,2.083854603821063,0.023784725689251607,-0.06662727734176974,0.11859639288717627,0.10960816471024759,-1.2360683960489494,1.1610913474899482,2.0106217732495537,1.1548446696787371,-0.1467035651469486,-1.4643644898168613,0.1360368616318408,0.13346539442164707,-2.505606455014341,1.0312501514588996,-0.41272824181069867,-1.5019807210623761,-1.7273987161545887,-0.7640016309654672,2.0222831090583977,2.305781169320154,3.9634278486986005,2.701658627831709,-1.4527525628339182,-0.09702150939018783,1.7654847412596075,-1.1445956555202939,0.2715679919199392,-1.5879525817190607,1.8430982908032645,0.9277050221693413,-1.572447818580805,2.6340875847755174,2.130187716701248,0.9389794701062502,1.5111446875541377,1.2119047917803132,1.384156794679043,-0.8795273025971494,0.6927418178088176,1.2841317312309866,0.8609353130137103,-0.9796785375376489,1.0768182551340015
1.7963615879690673,2.325000722269563,1.6512467423946116,2.4337453334656667,0.5734393113886969,1.4303392053518325,-2.671520439632361,-1.8034900514668726,1.560979260435013,1.113045150490793,4.654947692361993,3.824418267123839,-1.067995560325376,-2.3295498452324,2.8275397013959367,-2.488428511876444,-0.45073259083738026,-2.5827899388152185,-1.177497025387428,-1.1974211901832355,-2.1294859249314326,1.872052047592373,1.6983640873047157,2.198674579011641,1.2922153631831013,-1.9131604856122004,2.963595763480641,1.96799230116898,-0.42952366606947057,-1.3276383127392137,-1.8206914091271962,3.328859390124686,-0.8891862868010318,-1.8531533463107928,3.451022988972313,-0.05595179365461922,-1.6756555809051341,-0.15456115273768445,-1.7959850623111382,3.401685633789812,-2.101999677441069,-1.610104001880249,1.770695309582783,-1.579786170055859,4.293233714884241,-0.6607004132133323
1.262398049370167,2.4209803279034725,0.80380766891212,-0.7128869487298868,-0.5575801051473391,1.9894535331250098,-1.2188673710546771,0.017286262856179624,0.02788425150118501,0.7929369421919832,2.219746294867002,4.61755920137083,-2.107646448571434,-1.6927642667334128,1.1725365799608478,-1.3798327020453303,0.2128096662247696,-1.0511441794894605,-0.3854532896366478,-0.4192123575572997,-0.9658918229324551,2.449534117031011,0.24000478819262017,1.2427406437371415,1.5077315035130323,-2.6902068690357797,0.925336654283708,2.22536255475043,-0.9132658219650096,-0.8497836938526638,-0.9399959952993381,-0.4862062166368599,0.033682911116210024,-1.1230181846807845,-1.3435607648082948,1.4794744334826,-0.23814739133291363,0.8149587049083734,0.09397052014365292,0.27931441397551326,-2.2494782974826792,0.6753110969274183,1.9263580702772818,-0.2589762693124722,4.023275242194339,1.3625301789627515
0.5264081593402752,0.934988246271611,0.7126568887140258,0.983784238256006,0.2565981958136757,1.222787276932761,0.498131195844117,-0.13028472487942278,0.1725723199622058,-0.6092474435425312,2.954117723502748,2.1711921326577546,-2.0305860299629694,0.3808875745985263,-0.7561522195512931,-0.2451664443697663,-0.35910103512652114,-0.1521516420375828,-1.1623149296712723,-0.6549067560053002,-0.8573116563980254,2.0288509603458915,0.31259269624403385,1.290742220145721,0.2363950695118091,-3.3812091053783524,-0.4595319858407201,2.4386250052926384,-1.6094332294501579,-0.6752505026852877,-1.0322100717010625,0.6447559671021165,1.246572389834761,-1.190658408358299,0.24859025956004244,1.9643924061524733,0.530779027024237,2.0721171297898873,0.23958431392716462,1.141871662849602,-3.3201700665495952,0.60841649657073,1.3509927599145217,0.8469963143544069,3.0175735196275655,1.507173977217411
1.063619222877212,0.4066669917065615,0.9477528358957981,-1.3042220145704846,1.0047149819555488,0.4761242724821477,-1.0262428854160026,-0.8640583442237377,0.8971754303785477,1.5902117931748339,0.9696785175999216,0.8931390590098437,-0.5890522019168545,-0.5247664079415341,0.993145614142865,-1.3850481951732094,0.9469070258072954,-0.7672279768587423,-1.57373150139448,-1.4435905460843321,-0.4994900976850858,2.7494871645075003,0.8483134198265585,0.8383148734953128,0.7708289569060969,-1.0158358970516115,0.5985385433867058,2.575300632913912,-2.7379124942534343,-1.0006273893966555,-2.224617211041623,2.311510211653502,2.749017665810468,-2.5235228010954405,2.1043579086159814,3.5760981003033905,3.1393765136359564,3.2279294707521524,3.5342426756173957,2.7012339575966515,-1.1386023172656274,2.6557362246736256,1.6524411208223275,1.8791598174482003,1.070015135167686,1.6465394157834707
2.2689049781760713,0.6861781729929082,2.1541615172956523,0.8538507690134636,-2.2666749504124484,0.8470947084672635,-0.23661786075462277,-1.8556649184066125,0.963224417677591,2.34507339425745,2.423184222288987,0.7558689929168202,-3.877459164958026,-0.622290698511428,-0.011806957824130881,-2.2403789590474577,2.0513405297339804,-1.209276353970366,-2.9976598015930795,-2.2736010352904814,-1.5353529707096736,2.994439387150658,1.1294515747062839,1.7428022290351932,1.4742442516550938,-5.278405412196346,0.2470974037562308,2.4688731012005203,-3.239460085729316,-0.5815324801304027,-1.523391650469092,2.4243518411625624,3.764264844098745,-1.5469914090375942,2.7588091088557007,6.218782335552742,3.6836372574858434,3.4358106676621576,5.570280379350553,1.3062373414298567,-0.7292132073066852,4.772984242563564,3.0122642564003543,3.1056489895710846,1.8670461776577865,3.732480496564253
2.0861808229346366,1.8749976620417197,0.7361919737154315,3.097914698332608,-0.2357863638007222,2.139273847964083,-1.466235164625298,-0.7293782465865004,3.25776417016682,-0.3866139572872147,2.6395590802687017,2.9152727840141295,-0.9568300752629836,-1.294060104371344,1.3821998540689489,-0.8072879028389846,2.202554998660576,0.06667170508030518,-2.3435157456557216,-0.8943874259729476,-2.7083598480957116,3.1679128536097334,0.26961624212962554,-0.015257604663273083,1.2641020290394407,-1.6232170245169038,1.4762901628809315,2.7972269872278157,-1.656359439014527,-1.1753708057402015,-2.4043195919216584,1.7093821831237517,0.26580411213003696,-2.339174229334992,1.2565287922489652,1.6408302341249472,0.8851157256548503,0.8758769535749511,-0.3602975738351717,1.7369250790819621,-1.8070051487156151,0.34946302741180335,1.9341317964443185,-0.07452706439912138,3.306484498259879,0.31849397057251516
1.4825836163465356,2.2201735807313154,1.0141071131339876,1.9572907277960272,0.619307647813518,2.1413375282909395,-1.1558789959059597,-0.387860921396462,1.7758800665777412,0.35668795227516037,2.7714991686801524,0.16794922363302578,-0.2974673021231803,-1.6029613284977315,1.0077418135567913,-2.646630412764564,1.0778605631407132,-0.8850832844390271,-2.8417537365268606,-1.503927733044382,-1.7696542136603863,2.6039066475132824,-0.5543594324440446,1.1950311121726713,1.6300191510506434,-1.126849156833108,0.7034527068524878,2.3593460066850316,-2.6808232266978775,0.029478068524395273,-2.1624896389529416,0.8271900615003179,2.1322049200315156,-2.537231677787455,0.202608580216893,3.3742263444702347,1.6163416388338128,2.5821599024510773,1.5031943785007682,0.7110143334813539,-3.5217049404749607,1.5953510090485874,1.7769330400814596,2.4666987645292306,4.198692976535358,3.0735169588472955
-0.022307697756808853,2.2832579939607793,0.16794815455348133,0.422088153716935,-0.7313199895334411,2.0655023569182496,-1.36665017930564,-0.5192898348676943,0.9535579742798346,-1.133934082198989,0.538960542363045,-1.1473873049959,-2.5575390302731202,-2.237652842772625,1.6981360004970802,-1.141341180111068,0.15190515920837555,-1.022586653645876,-0.15612406048507244,-2.0340646748543283,-0.33734902212397566,0.49769903252403047,1.324269926038654,0.30821738916729347,0.45208155144182205,-3.3799589278215847,1.7732021409399517,0.902288593621871,0.14060936052777362,-0.7267122224211789,-0.9493150538351124,-0.3840833603079481,-0.6983206865816807,-0.6580141531174463,-1.3045721660574674,-0.06330947866656889,-0.3240696342869577,-0.009031523918692441,-0.41765868881571655,0.787483751741042,-1.1654577579999725,-0.987474906498202,3.5317141576659585,0.3719818083204384,4.812771889484643,0.769246201806222
0.17593750489468296,3.0463794349677285,0.9038615931270886,1.5002880210935015,0.27479241787690056,2.904954204535108,-2.01662644414889,-2.4551887846913267,2.1494636496538155,0.464056086877,2.52218129731901,3.8641490741493216,-0.16295201654771096,-1.3804779325816954,2.9866366967484788,-2.3196885670012675,2.9604840046242966,-2.4362908092284017,-1.7838589773241473,-2.160585642092662,-0.9107447185766001,-1.3588807268179033,2.009875552688287,0.19349037523127954,1.0331468176856835,-1.169104678427456,1.6542477542449936,-1.1046164364733946,-0.4233234927968479,-1.138006644430548,0.1237975085975207,0.05291254259090894,-0.23909540033492438,0.23869259038046153,0.49771140153526405,0.029022346916819597,-1.139614436974072,0.4653909299771548,-0.6206710656756613,-0.10119869281818739,-3.35323136379618,-0.6013876317877853,2.4728370752397355,-0.7512037563852318,4.885749770117561,0.07724432536093961
1.4843697836051652,2.854977155189269,0.1756073963708742,2.7878130055565435,1.4212122984544555,1.8572021515826143,-1.9818929320937713,-0.470973159450771,2.7990916292139993,-0.7969971911490124,3.142359408470873,0.8777078167854468,0.02634220435717638,-2.1344619959882207,2.9300759259890543,-0.52196567125868,-0.4536619389635175,-1.0986863735111643,0.002055290176844915,-0.7113875879037238,-1.5436597304652802,3.095642249493456,0.6501151646836701,-0.1002504780552207,0.36517344607320046,-1.2634059490008105,2.63272705182156,2.8486831400159045,-3.1829287466040252,-1.418652035533814,-2.8306553349006496,1.5128467757928457,2.025230782893285,-3.089318229380243,0.28340232655202213,3.3796580028539336,1.1377114025901602,2.4370124023456494,1.0860200991005269,1.4913862206140927,-0.8221872697699305,1.8270655009314827,1.0895844546844216,0.5138403999424237,4.908787616585311,1.9234718040953704
1.0645637301980917,1.8768071182771215,1.5254773036498395,1.4337249455610814,0.10530760106129114,1.358943045132841,-1.5680224054001102,-1.2237802953515315,2.7376958191342897,1.1211704891413667,3.1404843884072995,0.22736106782062948,-1.7072629167596962,-2.437647572179841,1.7763134801822595,-2.3495098033944313,0.5444717195775437,-1.2726913775348578,-1.226347849373198,-1.0782296169579593,-1.3473343505146034,1.460249314014499,1.6287627757906995,2.0197851403825995,1.9550896411869663,-2.8527455987066594,0.9693551275198726,1.6610438449330733,-1.2600349507554125,-1.4196935446394008,-1.2541109314147598,-1.3226467888381548,0.6065345534808503,-0.612093529284835,-1.7532235714265199,1.626543862730103,0.3110951179401399,1.1023606774366708,0.7597525132201837,-2.564291700115408,-2.3204532361368138,1.3962898160985373,1.0370738615834014,0.7704398660588881,1.966152098214346,1.5077289424336922
0.1005278027322154,2.939326214956014,1.275802590170883,1.2273873951340977,0.3869446486084953,2.0982052245407576,-2.8508159164286715,-1.8387350891602479,3.211456440360208,1.1025133348820317,1.7133828863949407,3.540500436251076,-0.5502119356921684,-2.5740100406125475,2.8784977106294916,-2.601295653329945,1.3331252642559852,-1.164652276394691,-2.076317301588273,-2.3885977484670793,-0.4786859035138371,-0.8519058915509916,1.1961842621622694,2.764839059342373,0.7423338529012291,-1.0673201166295718,3.4499590390667167,-0.5870570942295152,-1.3759072495616138,-2.9161157354014904,-0.7922703164572663,0.09175349409499511,0.08842578171025517,-0.40566471036750085,-0.5303721077961081,0.5444307483824697,-0.07747923358060527,0.45335092404445443,-0.2862359167775195,-0.014506153844649594,-2.329527018464251,0.005714582881453101,0.7814495951097327,-0.3479719621474249,5.128779224353775,0.06063486792798223
1.2606930336061004,2.025698082354791,2.178921262024207,1.9514380417138755,-1.2658019244586485,2.7441032536218057,-1.0975390980153685,-2.3927695804977906,1.3621150725711682,1.1460184168104512,2.5575302293245796,0.6633079013114952,-2.0064920254084737,-1.0296451537409692,1.365905915308324,-2.2029747462643874,2.021984608248326,-1.6612673869779546,-0.3438488545261198,-2.980477787680359,-1.8885654771810612,1.3387388252340484,1.1868753388771807,2.6180942432388514,1.0773831525846536,-2.5042833641941855,0.7141011647686575,1.531184102961538,-1.0526272142876913,-0.497256704714252,-1.5771973711691654,2.1848111409772413,0.13669394564510828,-1.4434167185455695,2.0967557729678266,2.1180435113803946,0.1624011479106372,0.3747496657705174,0.021052072494110785,2.1227569611592028,-0.7733933290880336,0.9078193995113103,3.0020768017909845,0.22430171984921599,3.7606152037847793,0.3925806634732891
0.7421452865520783,0.37841397598665205,2.0456998461496947,1.7799576213388155,-2.844041901603903,1.2564974313420314,0.274114737471588,-2.524597608788736,1.1635275843427366,2.476407666331182,3.0184629460752244,4.448441468856451,-4.832877592862676,0.027274910966605947,-1.2702934487184214,-2.2465443679945896,1.2102524042726779,-2.0271537574758534,-2.0565064333953904,-2.378213113911626,-1.5182463594196622,0.005034900645623175,1.9685975184430884,3.265916764686656,2.3203860089399324,-5.9885202111160964,-0.5081227709338749,0.25822960287932806,-1.0762392384658168,0.8564933302039337,-0.24970933661232153,-0.49507230091975885,1.1614553237170684,-0.2585069422025854,-0.4463472340084682,2.053061532204969,1.0870054906746063,0.8101377120611083,1.6319405451995979,0.02480548356411294,-1.7691496138782261,0.8513317707461254,2.529190237915769,1.3992112112838524,1.0716789171956371,1.9565754374342825
1.7058467980575982,1.1635443141412707,2.6362553029168367,1.115620793360081,1.7494993929535188,1.215951566485296,-1.2861567898270914,-2.1979364588301937,0.6980340645400995,2.4341280184725056,0.6519505647825103,1.3268397508664815,1.8387645752061963,-1.351686934619436,1.3032349200594846,-2.1489121824952466,1.2834066756875795,-2.7258301845759414,-1.4452051482860255,-1.5294878085038468,-1.8668250769015853,2.203333111941713,0.95804974970732,2.99627131078949,2.127262819180783,1.8334719010275045,0.6552825448032339,1.4623288403869559,-2.68263595479697,-0.18843830333446432,-1.541696525523173,2.107384565303835,1.7867752528663896,-1.116972440330412,2.4370199393554373,3.5851170681017783,2.3606076669202904,2.4119614408443537,1.4433987451688395,1.2117302173993973,-2.1421848501183356,1.0632217946408826,3.17021706090138,2.0794475571568656,1.5225073086032244,2.8366576413350533
2.5936856943449316,1.488247737176121,2.680092529598334,0.5262511499178522,-0.3428641645759003,1.2403137947535838,-1.0021042393969621,-3.7358240404527017,0.8000466541540994,2.06837486438437,2.0114709248055886,2.80323741231969,-1.3309292238658652,-1.0379152408568824,0.4845717711564801,-3.5677504378094715,2.176052406908406,-2.6180493573003494,-2.3429922650362127,-2.908742774251068,-2.6302334083645693,4.094745331708181,3.508265210513104,4.007878300673432,1.9829960455301265,-2.24261443101934,0.8895188912093576,3.493956483063196,-5.122892924632937,0.038397912190465844,-2.587186841878931,1.9609419071990555,4.193139860089465,-2.521677212680907,2.1611346192047316,5.545793500388903,3.954090700881859,4.260801378138545,5.091645183005916,0.9786575757024474,-2.763553241320637,4.094281011728928,2.830491847442567,3.1740981810389473,2.2305997425305026,3.7250485078619193
0.7762368977072204,1.7709998459355916,1.3550205588010993,1.2513819506434956,2.168293985162074,1.2699259566720036,-1.7044302666853999,-0.5119022508841335,1.5483655339552114,0.7963908703067479,1.4363555891787665,0.8518892331894643,0.33429251702977325,-2.7129747340751136,1.1436765666084798,-2.4423090771733307,0.6906779105112547,-0.1922400458688993,-0.40522564368393077,-1.5468115238444988,-1.3734218301521375,1.5978874629387148,1.1108010269701731,1.966727482383041,0.5971296354117966,-0.5064602812764272,1.008347661041815,1.1456787218009348,-1.7711117491808066,-0.4492484406601886,-1.6790205891531735,-0.08268515258892561,1.1830768112580654,-1.5954909521389204,-0.7962938278007781,1.8435569368617668,1.207923657297263,2.1244859322780845,2.1244336198314047,0.19760097785214614,-0.7053517068864402,1.7530823667734121,1.476759280998468,0.5988879712542725,4.791985316239369,1.020949958456895
1.3370624274751444,1.4878861446958083,0.5920601729335838,2.2823312399361875,1.3905622133950701,1.906678254940503,-0.8034574233986249,-1.115830583002193,2.0084365258990595,-0.0688074133452079,2.068911020108149,0.41395517047026686,-0.30004636776950133,-0.9402508065180494,0.8053919870661173,-2.456795335504187,0.9422812340268343,-0.2880635798550346,-1.4393471083645741,-0.920469149770859,-1.820939265661468,1.9157402157029817,-0.0007916665847584881,1.0477456205975302,0.34055684920023777,-1.8067756982157386,0.9664348345073628,2.396599186183289,-1.4381143936030525,-0.23729667509859376,-1.0668862399249994,3.2536955538861845,1.2211384366244207,-0.7334970644668021,2.718148948934302,2.651797706131994,0.7402342679659067,1.465872182894589,0.11121230237916202,2.981426069651909,-1.6719023945592877,0.2064897657278284,2.0121595845740288,0.9520357967897761,1.8581729809581333,1.7194257897952923
0.6462462427820148,3.0494944944598235,1.9089033065925292,0.12099977785735616,0.5717112157580124,2.2588154591272502,-2.084195791835776,-0.850545470473067,0.737462916702307,1.7525965222468307,2.3295231273753947,-0.28508509580549424,-1.1953496424051302,-2.3194452996922825,2.6460584093071464,-0.6132522467147155,-0.1675157284437505,-1.2592690981327839,-1.879705233512778,-2.517072204456288,-0.9831793670998208,0.47003056906339635,0.4285829069483893,2.1451860993385923,1.489177178137124,-2.49236568905425,1.8792125907293413,0.5286343311635966,0.05165844633847816,-2.448244756999874,-0.44215058400796714,-0.6409171874788899,-0.4917920688119173,-0.11693954701844267,-1.3744346827868295,0.3364824098433179,-0.7804983270116684,0.09500775142395113,-0.8021816612087866,1.1324867166009227,-2.560734543691904,-1.1804681960736434,1.2868328137208827,-0.7386982977816792,6.615352934667188,0.5965255390197421
1.0961498019326983,3.182287552862368,0.932719154558461,1.4288897442210116,1.3068254370595485,3.5073210990427035,-2.6420029209555675,-0.5035083868805659,1.4211858173207532,0.40587211109549287,1.9719766820254716,-0.9754085033808872,-0.8996381994756196,-3.2470983948020233,3.6024739609072762,-0.10618505464314376,2.106521401091883,-0.005407767087674431,-2.709753730003764,-0.9075822879502071,-1.195160410319763,2.798622678662433,-0.07629540863139006,1.4847690411616443,0.5428833271146666,-1.798857562194677,2.4286223339202433,2.874447855955078,-2.8682944514014563,-2.5576109564768306,-2.568017621684569,1.080260853774944,2.2929053399870902,-3.039134652714151,0.072075654564286,3.683639579037351,2.590261083364916,2.207752347480839,3.183822884928385,2.495312534808016,-3.1522894500124647,1.8523768255537272,0.945545355038595,2.4202901127361676,7.752873292698291,2.32756270765654
0.6794903442934078,1.5554719414708293,1.5381458064671922,2.7581476217126406,-2.602034671841099,1.6742757726441633,-0.6781962842230762,-1.2365493497451814,3.672870656938146,1.2351215310830508,4.28487724368796,1.802743052393581,-3.1094920084181177,0.46554531261341947,1.188195321611757,-1.7353941778504274,1.4940620106976246,-2.273734111037062,-2.513351234154662,-0.15415647014835843,-1.030373216155559,1.546602614754681,2.407233709770063,2.3270927776710244,1.1176306701352419,-3.335997077270862,-0.11627140020281646,2.015773290724802,-1.598536364003825,0.4431668184669597,-1.1461937218399683,3.1622160778839263,0.5992598931361611,-0.9024510329793353,2.554819663243835,1.9488554219417011,1.3182201595477028,1.0366653151839276,0.8158821980844098,3.3541989241984327,-2.5284315408801015,0.8257404226245421,3.810064121437652,0.7117024778235025,3.7586113795894707,0.638088513205606
0.7756257328724465,1.963085289729615,1.2358062487566843,4.168280579430261,2.5808903276420807,2.5164126242612515,-1.7840762465925257,-0.7653668395435557,2.6259798397461793,-0.09941000693739044,3.913015032638648,0.05102318968131203,0.7187781687697279,-1.7009605720620948,1.8088810449248307,-1.530322506356137,1.2549232678378945,-1.7062085355876206,-2.0199007596601617,-1.1624259002349533,-1.9923043633733628,1.565148346162443,-0.26849479463552184,0.29209779273666014,0.9334016517953442,-0.055504744784643734,1.9080903767413566,1.7319182871168417,-0.12154276910855266,-0.35345984813462084,-0.5666427993863122,4.637944426971585,-0.5250678327795986,-0.5271246052818813,4.434703999096297,0.6276123078206763,-0.22265992287804914,0.7886248246231345,-2.169788810137103,5.252050736279158,-0.4570157328161286,-1.5940511739238175,2.6983047948882053,0.22587476815743235,1.9757080096474267,1.2359643165336665
0.19005113236876725,2.911225903084907,1.7621009718969383,0.9172079849285351,-0.4669612887416139,2.7274046222299053,-2.4260494229995255,-2.5375366720570764,1.2413063393141255,1.097757024150824,2.6533455712773653,2.0877441011861246,-1.8325830970255654,-2.6911737433232767,3.2101067946214465,-3.3521345870573622,1.147254199038031,-2.744849159060466,-1.8272266973459985,-2.3668224261674737,-0.4954799404897603,-1.0442181224679041,0.8567689393527519,3.1212465710382755,1.3455330155451863,-3.3766926919670888,2.3491614431195598,-0.10287724657335695,-0.5183892015283329,-2.9063077104353763,1.0833171191778492,0.7631710030762874,-0.020506003682437823,1.4276131530885916,0.7552722873595216,1.013181823134391,-0.20651707352709903,0.05423614658444875,-0.170947305873135,0.6103232802672123,-2.760988545765196,0.10600016187651085,0.37038961540731163,0.013138420656966354,3.9524040696984635,0.6671300911092712
1.4109755534826887,1.6045109757990579,1.0313666218948874,0.5311296606078105,3.248752861960943,1.5351167430528685,-1.1525936117481652,-1.4777449960424942,1.271753617988613,1.182402943072904,1.7096365742955668,2.6543316658749196,1.1347484371153094,-1.5793483581164276,1.0429177459154308,-1.4638976229768046,1.9415393471633426,-1.8195469397473798,-3.304981625806737,-2.089109456779814,-1.692795671746477,2.061768943081811,2.1097214082977587,1.4518531628225444,1.4145827037287797,0.18302663701328492,1.149230001337787,2.1719296525414897,-1.5107396058767582,-0.6191504853744056,-1.893182613443531,0.2995695577542019,1.0062882549495775,-1.8479016506497006,-0.4744665770092238,2.6982862766134925,0.27493822798919487,1.1629878035865593,0.9391361435647776,-0.030576504198842613,-2.808869557172926,0.650690218743105,2.4524360723052405,0.2980167893282686,2.418864533162938,0.8475171960184689
0.8168960174669319,1.652736801582392,1.2455988029347187,2.2090451257607735,1.7997519446294397,1.1582400953591463,-1.578448380612091,-2.231642039603296,1.4226348381015603,0.07221230413570623,1.3847461434375323,3.2718432321304505,0.903181125741231,-1.209050066860104,2.1849212888402842,-2.144463291277676,2.235592793359527,-1.819474325853359,0.5366750600752035,-2.117337206735993,-1.4135094254756877,0.825682896284311,3.0509171225076397,1.2239951907245987,0.6232138697555525,0.5267019909151731,1.9298318635129683,1.3011411405646172,-1.5577040193786083,-1.9246849253565181,-0.11590794659505765,2.9274515093184874,0.5816862641094824,-0.47738152176066384,2.9373717816780527,1.2883068020760726,0.27661133008011607,0.9697718408217723,0.7283979754930816,2.74469365996283,-0.24194360703408635,0.8325036386164418,2.016479878010009,0.3968782666382455,3.0371160470192677,1.3824938406444365
1.2162107535300115,2.465208916118559,2.266002311395381,0.910843463261288,0.0330459907921232,2.1354752851102923,-1.744477636747134,-2.1968609229458806,2.621713961406747,2.2123324860035423,2.276752194795908,3.1277141416216367,-1.9750247248733601,-2.3328641647559403,1.821922840264534,-1.7702270980289991,1.5759481723919726,-1.993361556574237,-1.4494763416084915,-2.0207700062487093,-1.7922247329207865,1.13104272346101,1.5899342105105232,2.1597200910945062,2.3913942652382776,-2.9912686087034928,1.0805257665452277,1.3002648896772964,-0.5262131068011624,0.07051313397889303,-0.7763083188262752,1.3200892073667867,-0.2883677049118618,-0.5248255490851004,1.0900660358814969,0.845282821279215,-0.8142417397969605,0.4802747848491846,-0.6329205930342223,1.7612760961979308,-1.0162551620493845,-0.3544875477240441,1.240223460569471,-1.4242894699978264,6.571369455825044,-0.2997178804393792
2.3630051061467054,3.5199292664638926,1.3387127193633672,1.338841988128235,0.960166613109325,3.769409793230242,-2.6453343227472046,-1.738273501919926,1.9725830386369194,1.908060889134182,1.8118298598536322,2.5705086868151636,-0.29145652234266484,-2.7952666116937674,2.670832973357399,-2.2628719283493073,2.370282369564726,-2.672806751007009,-1.3248231873922112,-2.6215777735486596,-2.679523537531037,3.6459493514200423,-0.039517969301312794,1.0600095463255874,1.5879621474894425,-0.6004954143551764,3.223716916069118,3.275274416499261,-2.1983299480499445,-2.0402965779943374,-2.285425312543932,-0.8573932934523769,1.4006633490292235,-2.0627583898547877,-1.933750840544868,2.800256680806937,1.0407475726303064,1.2453252869715719,1.7087946210095928,-0.47174170143471916,-3.790451276297441,1.533655163079959,3.730951550649343,0.7732236657638839,5.990932449972565,2.4958339086372714
2.9574495323934027,0.7229059347943261,1.1614633545250879,2.595153364250913,-0.18973131658569453,1.1776323569466647,-0.2536240535283927,-0.7519021574148077,3.2886970858244227,0.4839814365303294,3.0543770100031384,3.47254327919069,-0.9948353838820212,-0.9592582715460116,0.6943235110291994,-1.6864535509678762,-0.36988445756964605,-1.7695897395138953,-1.430833602048415,-1.453591553816396,-3.114739911703521,5.2757470499332255,-0.32288628564089006,0.19715531309517487,1.156971998904584,-1.709571447695616,-0.43681037320713023,4.686061315530584,-3.8925928545147537,0.4639765749709439,-2.7988845571728813,2.2970866877739513,3.2949869464858526,-2.7897783344017766,1.4748428547154202,5.644060222330016,3.190012702328753,3.416293842865854,3.785598940282191,2.244841353959405,-2.701049033333344,2.975746056548069,3.000937048166816,2.360910120066034,1.4049547959633664,3.038211563538696
2.308534918502752,1.5146832915331232,0.4709648894595191,1.6582113690151643,1.4106944894662132,1.5566699124042904,-0.31660030938842976,-0.8070937597245151,2.175825364086177,0.4226521493478047,3.314791240269891,0.7218967299896737,0.17828343167869098,-0.4907178001877863,0.5898295424261435,-2.4442383648196913,1.2755950589479805,-1.1015673293216834,-0.9146555832100002,-1.9607467798103744,-2.078245949900205,5.643173195353154,1.1535005080289147,0.5387538079431816,-0.11558510048531256,0.017499605146155783,0.9962104677496246,5.050391050068564,-4.94620558377743,-1.3870345317333719,-4.891424912383938,0.9091981077056787,4.397470515532453,-5.2874907365895165,0.44671758340656664,4.319192276780391,3.650964889493766,4.0263435106091885,6.370001484992514,0.8788190067798629,-0.8234723385319882,4.824005500821068,2.0088500623376038,3.1931717872984016,1.6774196834620432,4.069356705983775
1.5109617153743815,2.0240026262139,2.0593030594515755,0.863177028886773,-1.8656521725152238,2.5298990074474577,-1.527557569674908,-1.4736321631763856,0.833957109212645,2.1046067850088344,1.9680324980683082,1.5989769907317741,-3.2655531373069433,-1.20714475399913,1.7368121347700116,-3.251089493028263,0.5862644713252504,-0.5854789887492029,-1.0471856987896926,-1.241918131290952,-1.852418667991135,3.097198920413617,1.6194006379174657,3.469860883983303,1.4256741938825468,-4.279537143421227,0.6616985082875181,2.8725420627348504,-2.269194057141262,0.05471577527736837,-2.96807864960313,1.9453827463659978,1.2789960317985205,-3.5263895433866046,1.6669903707698421,1.769467224952108,0.9970031099504889,2.1823389522083323,1.393678977401791,1.658068104334897,-2.364185239430605,1.757451482862481,1.8048486269711879,0.7835343515832391,3.0504858084512048,1.399492907688687
0.3047614240544251,2.5384031183680844,1.738791073320927,1.001530853900789,-0.47714418566546013,2.9390935617409637,-1.7447895264539177,-1.4269703947979022,1.9297122712831014,1.783916451592054,2.475963767623612,2.186771791126427,-1.3270409140880868,-1.3722223721124207,2.4986994021797533,-2.101494629871821,0.6099653415620915,-2.645030833974539,-0.9749068119027291,-1.9713000118240243,-0.6957749006200659,-0.13237594167331235,0.5198153996226552,1.512141074046476,2.0090847835306933,-2.038391355819862,1.6844435142998595,0.28966423412804554,0.5175346943210852,-0.6705454747588322,-2.045519021284879,2.1650604451595843,-1.812530866636195,-2.055442801690484,2.078119765970184,-0.5749271389894379,-1.8904689696880776,0.028126488999306698,-1.5159620384930121,2.1144504088483336,-2.2000682472942654,-1.0573132189600365,3.654185278941683,-1.9541846358319228,3.63818217973602,-0.7591711312371037
0.7970191591322179,2.1098808221402456,-0.058663648771971166,1.2683703972141875,1.1961471420286887,2.7898343210607384,-0.8258716001729125,0.14720617728029528,1.3334466931591082,-0.5735541892551006,1.245224496916585,3.02526486099495,-0.47033044587340656,-0.7269082348850262,1.4246242260510762,-0.0164495871142194,-0.9769063630270876,-0.616759297288779,-0.21855856803714135,-0.7720587066648089,-1.1817163562637996,1.4875985233709148,-0.3993829211060642,-0.025077382160778594,0.34243595234902,-2.0346738414393144,1.1240316318609096,1.7159297544449141,-0.9142178614806055,-0.2863137668879866,-1.8440868266925496,0.9338165264458833,0.4609039907437076,-1.9681813305370675,0.20143690116123925,1.9662241597214378,-0.19487487909687162,0.640155240158638,-0.280973397254614,1.9087687150324293,-1.5907343344021656,0.10874373393422276,1.6482293540988384,-0.7451502127003633,2.9728654902738985,-0.24550922541881626
-0.5938122925062947,1.7012924231533175,1.4450920104901206,0.22082041519521978,-0.04137323955055952,2.5676767671614966,-1.5738792585451198,-0.9855768044969277,1.356847109517664,1.4272712273833639,0.09738314327092157,-0.7151194220856565,-1.9652903155429136,-2.1535597779312328,0.9219463667050086,-2.1482151735659474,1.785202667761007,-0.19189368163961062,-1.3346641690582053,-0.0677942788385848,-0.3608616689918762,-1.3273557945125396,0.7967111637122193,2.0806449551529935,1.436009063353998,-2.985510274683526,1.5939334831188294,-0.2648067627966084,0.15708068541459963,-1.055504373225112,1.256287017572452,-0.7107751320145026,-0.6822038363615581,1.6903302224067192,-0.8571945737087803,-0.4577963951014836,-1.166669183305765,0.46670095804870315,-1.101717879845417,-1.4555734818535229,-2.2865892759992823,-0.45106870466980964,3.566352716680905,-0.3549642927563341,0.9300961018278637,0.9623402438359374
1.195231834538098,3.0104991399322008,2.4876797127433923,1.911979904701542,0.6118835276259775,2.7475046565558747,-1.9148065566292256,-4.291553897421241,1.415022550190855,1.553685719418469,2.706731266912999,0.9832959492835033,-0.4822743814432091,-1.3611538475775617,2.3917683902678717,-3.110050602048024,3.4328529532170475,-4.475265231940909,-3.157131083866063,-2.890926960784096,-2.722984901541321,-0.31170753996399503,2.9169001515313457,3.1222989077785686,1.835642584380735,-1.0885041286194128,1.738879224058449,0.248695984832062,-1.7388036541227845,-0.9735839536495318,0.9642324460848883,-0.36406950594398246,0.4163768836434488,1.459724404285061,-0.6848689890532444,1.7537142350771278,0.7656361355773378,1.0232887504621062,0.5137128734581862,0.5711523539651551,-2.8061307582248394,0.5915760007894182,2.7663479971163683,1.7769926920583463,5.3834997596331755,1.5109060695550742
0.7317907679812534,2.5094338643658034,-0.04500973801870867,0.10339631541882999,0.1053652267492961,1.388487836982474,-1.6218518360404375,-0.2655927031655725,1.6115150123579804,-0.2939871521217543,1.6352955713756794,0.11198137479300829,-0.2383149404249405,-1.3228994493012156,1.5633256150450512,-0.4857823458421351,0.9406815098472416,0.3265323708464787,-1.5224199033330201,-0.48993174968341036,-0.9234101371952802,2.285127759856539,0.7852821951671345,-1.2056568797543499,0.048936591306848465,-0.48984519866130416,1.3644158542629305,2.64406357491813,-1.9886744663149563,-0.9879945929577684,-1.1576159886507043,2.2844575775100346,1.4883361071009618,-1.1020561422354105,1.2586007940790163,3.1437644257437056,1.281561824337929,1.5006774623483488,1.6435843578558536,3.782397443957837,-2.0802821252808528,1.4450260153755663,3.508168655365605,1.6989180756069118,5.706930675400436,1.8143621591716999
1.246987648804358,2.998836785138615,1.8820064711404498,0.7762400512013758,-0.9245722084949496,1.4873134061361977,-2.2003795913623936,-1.8093844049845333,2.3208821819319287,1.5646680823198942,2.3910837262137417,1.703121996964449,-1.8362068322543081,-1.57259538026989,2.9974718201737636,-1.5377326180301731,1.710620305263219,-2.237866009550374,-2.9476314804132673,-0.9529801748688643,-1.5777732755680094,0.616529529122722,1.427517095025428,2.877629322752146,2.5343095365081956,-2.6553158255132554,2.8002050822782367,0.6240498090151481,-1.4949571446469512,-2.67136805039267,-1.6298853773671604,5.21462940759718,0.5663569562684728,-1.7156836342911248,5.263600638069957,2.036887897528073,0.4949511708198973,0.6729340060313149,0.6100064460412593,5.0979853551192384,-0.0870048934876404,1.1480539270863455,1.6437347591801228,0.16828094811410144,4.860785785283741,0.3069327568408393
1.5701674584033702,1.666530019339918,0.44175916228425105,1.891829186813121,-0.09784705036277686,1.4799901285687644,-1.3994105908105128,-0.030252375251955677,1.7077784818615624,-0.5613402178743012,0.580022074379815,3.4485642931074425,0.11219873099487065,-1.4629242478045603,1.9889818636584857,-1.063427086683172,-0.7790222791343457,0.8310822008580496,-1.9527353483902057,-0.18428325415659708,-1.16266872548119,3.593156316180858,-0.2305823816443111,-0.6410537081262009,0.2034377203261052,0.043993759327570325,2.0043852837075873,2.8714796448167808,-2.682206380661645,-2.4688249609138087,-2.2108389162554696,-0.22209289095994156,1.5087868971046534,-2.65814926262993,-1.1533990705948487,2.448889494285184,1.0115762159857364,2.0767523825822867,1.2831163593226735,-0.5070072182041072,-2.0367420670828675,1.2598706024485604,0.06534876301579695,0.7211988525095906,3.5736511516789577,2.0090568248573946
0.7146207401750793,1.558959800071895,1.804444669019352,0.5438165011841926,-0.687574560269346,1.8930656029173039,-1.4768669550249842,-1.7183177135091867,1.5995915043548854,1.8180906675993715,2.401267630972568,1.8589764872226264,-1.4015896122348943,-1.6132070904096656,1.0105376498447107,-2.399623876669812,2.2022391068848934,-1.2709490703484245,0.05582859799990758,-2.555629442931913,-1.0188202516925873,2.1039724462558653,1.1296217623992988,2.6178808983796102,1.6286413056880666,-1.7150019734910043,1.5414976258404618,2.1088908762377074,-2.690475354455629,-1.2427815343965813,-2.5129779115052218,0.37726024327298546,1.4967162525069817,-2.6203938975625802,-0.11784367835828302,2.574430299077358,0.898854262020672,1.974061578095633,1.273608302941649,1.070915578477908,-1.7676340099247736,0.9804222010029773,0.2875021999139593,0.9457659395866783,3.342268602502184,1.7208523651591068
0.5064341272246631,0.46984495230921985,1.6321845126594534,0.21428472446166902,-0.3944668304617359,-0.005831066685506592,-1.2144986699361768,-1.142339550815647,1.5929983751750956,1.3226373153269078,1.0953693502133468,1.393406421589976,-1.7162939232692658,-1.100103283111167,0.48513356916370776,-1.896236290724505,1.9222435499690584,-1.218021665932808,-1.071510419028917,-0.8274976016101452,-1.2686202534869557,0.8446220596210305,1.2324376000461517,2.5682631833135687,2.0876206917465807,-2.8327974207281343,0.7348371399836044,1.749690941757482,-0.9139321163048751,-1.1535632325628349,-0.8760827681921912,2.1654824893364304,-0.3237564026891102,-0.7493155375226789,1.9416122702619685,0.567665347998559,-0.22500805702307403,1.3068586723101436,-0.9921987756502257,1.5274088594515878,0.190599284659686,-1.0115594508271029,1.2806970257719237,0.1722365310779126,0.9488545463008711,1.0157383783054517
0.7086776049418873,2.1003557676268403,1.2214281354424859,1.1772902170721216,0.23185186736668345,2.1388959189152437,-1.5191029181584732,-1.41368989298669,2.4884638674855086,0.3757755630185074,1.383559842577254,2.6896369052377778,-0.6293469650843118,-2.256524136896866,1.63841729924754,-1.4169444369544322,1.9271214521848197,-2.147432715657894,-1.5504376773530462,-1.918733113576149,-1.212814982113992,0.7922800738760494,-1.2699149911404306,2.4087673200978856,1.147602314409778,-0.5717111488200497,1.1231575883005414,1.2871820820433557,-0.814392088170697,-1.1245586034359993,-0.2321275141052348,1.0611596252388256,0.531679974732968,-0.0062394170540520655,0.9577994958523441,2.1302142027953463,0.148210631470856,1.2728186462931048,0.08342913437258348,1.0934282678701401,-1.7799583736653486,0.7439857101665341,1.0378909169049182,0.051184596355034695,4.533442429583331,0.7488630867802883
2.299760236790119,1.8865217834894314,-0.257424573059156,1.2719993831818739,0.09227428335836277,1.8163230778557335,-0.16956185784317257,-0.7992621874363716,2.2148153825038506,-0.8314436054190752,1.865317415374626,-0.473040953580959,-0.9536177339797471,-0.2818085349144295,0.07076722298349147,-2.133616458275822,0.537526641555835,-0.7997100580639726,-1.4953364159283442,-0.21296792591690794,-1.948874097210516,4.17340026212289,1.3749439996670245,-0.7884314127490828,0.7878849607098952,-1.7390429233106275,-0.35770121555550927,3.542486676643221,-2.4134858813512046,0.66348217249835,-3.516788481141483,1.4960275059327035,1.5713890866197242,-3.550187494342384,0.08473094487722876,2.6848807999435222,1.5279967778486863,1.107694612224482,2.0028185384216264,2.326283459687674,-0.7475851847272007,1.4795590386465909,1.5378730297250958,0.7020872424307515,3.110675006529507,1.1027801895418188
2.0052833573867863,3.5208467151983704,1.894758644268678,1.2569054253277794,1.328968947135135,3.711356096165309,-2.4357620138259555,-1.4985473257343158,1.5546502926243693,1.1165932265942224,2.86257110772529,3.3655649247672494,-0.6891604842582334,-2.9038074988803473,3.6501971153184174,-2.1884565509151903,2.509401060096511,-1.822210487528336,-1.058245215209674,-1.1967071876855047,-1.8773122845470251,3.0406450193334114,3.0005353923131834,3.290415021116353,1.1888680264779803,-1.8026885885581019,2.6126748315073134,2.889695808315353,-1.9513405020607832,-1.6131836175080252,-2.128087077433209,2.5285824607757657,0.5643555580188921,-2.1870206948751667,2.0103800378316095,1.8513498183790487,-0.07370037671051899,1.3483976977964287,0.6420420365697934,2.2350082975835246,-2.2086755352136342,0.6053998477660881,2.5589834023290576,-0.09163101546398811,4.087013448996172,0.776739486999474
0.8754226214074434,2.0728609293375153,0.9051400724482712,2.604118543918501,0.19441874698903344,1.2111036890039424,-1.6879946098200038,-1.4387553000041189,1.1423035003215047,-0.04262846284263111,4.236517702880402,0.23681229446094854,-0.8904573050909919,-2.104034817082398,1.3875532892488565,-1.335033448902572,1.6496153886419398,-1.390750673423256,-1.9125656664363127,-0.6564024095344622,-1.931037330765618,0.710242564990945,1.221525342860227,0.773682655342232,1.4393752927193766,-1.038402467058054,1.418854025166687,0.7418539450284012,-0.3362675008301561,-1.5208324097208905,0.8585089542024791,-0.8724446350491715,-0.3905973590555538,1.199919922455527,-1.3492020182149937,0.567535506464381,-0.839640934662668,-0.16796023484806022,-1.4884766274159282,-0.14277528824127494,-2.786853672547463,-1.1905688253407476,0.87038450148945,-0.5452101443897006,5.435488158519105,-0.04466298343269948
-0.17486651318065038,1.505872126833211,1.1567873102475834,2.3634146555555526,-1.4067114579476283,1.6671042215513259,-1.5411164378831133,-0.6684728283388078,3.923992861690711,-0.003412446087288523,1.9965368454098888,-1.7405866223288473,-2.4482205989097645,-1.6738693065955634,2.253084636006535,-1.1288540879795503,0.024507971929415007,-1.1217228510606745,-2.00728120016159,-1.2499203209172813,-0.9094229912694266,0.5620310274149691,1.7577039610884135,2.009990167642866,0.33433115850853434,-2.9380124326951442,0.662963246511324,1.0738412964213695,-0.7440851721299551,-1.2212845244483597,-0.09908450829516147,0.07863884215592876,0.817608986774004,0.12273253829109487,0.06710817039468986,1.9172052010595546,0.5096774960067635,1.3011279268902332,1.1310996653870142,-0.032718761785949235,-2.5342152019739808,0.8389739409621146,0.4565432731607504,1.0307222718705409,2.833039361051325,1.7674139185467157
1.6558202869565695,3.4673018646786486,1.1808966328618762,1.880509324216375,1.2543169023462615,2.852141584224059,-2.2593070132135296,-0.916105700517279,2.4991985432395136,0.18913984853833676,3.2453061888539363,1.8696944416959957,0.29364337836339627,-2.020727621758219,3.3620712874062657,-2.7915773495766705,0.5113331209843418,-1.236137425540407,-1.8886501340562132,-1.530054471930993,-1.686816076022105,4.213394029472285,2.0586336437698036,1.699229104560258,0.15830942343625798,0.36482563978024896,2.4167097022406905,3.2784719833973863,-3.0105957529867506,-1.5271575065819385,-3.121097690105981,3.7427902444401244,1.6512740209347356,-3.0364202793023916,2.829824335560506,2.971216755303278,1.689688231898353,2.33798074066713,1.343120882075231,5.7211850315151676,-1.7477817219678924,0.5002094326280243,1.7411896682724906,0.4148537398527875,6.5557986786823115,0.7739693095570893
0.10372045757939663,2.1825553880072426,1.1828069092106996,1.580533033834955,0.6399290693720193,2.664645902246742,-0.9225052749699868,-0.9920339537255325,1.9418029044037284,0.3487927392367734,1.639348074353733,0.9441470433361698,-1.2728630534668801,-0.9490739922659358,1.017299132337056,-1.1499746602186707,0.6776840607992026,-1.1547728553829584,-1.377237674641274,-2.1911415782929393,-1.1609959057351855,-0.13307451980095486,1.0380038841038526,1.0939999618805347,0.2532964727360315,-2.474189802594109,0.9286068338925257,0.19271680714741035,-0.7071763687297528,-0.2677307915313205,0.8807241501197434,1.3014928305351232,0.18772375921255313,1.0814543482278847,1.0083198408078886,1.0416470184509614,0.2827339818900868,0.9262635120290064,-0.6140190574980813,2.3011628799727686,-2.8579259972621878,-0.558027373095781,4.139538649280714,-0.11558279856725195,4.744273279186107,-0.2852607711023223
1.6350119421849894,1.277258949391306,1.9019644675488823,0.7709881620226527,-1.3186626215022947,1.688190486277427,-1.0659532892260228,-2.5222664820462883,1.880672518963532,1.785468863608795,1.904906937825972,1.7903374362997813,-1.707807798296157,-0.2837958584653506,1.1070482729815372,-2.5008715161377677,2.3550940373728757,-1.3921428159389653,-2.288362992475345,-2.4011606202770253,-1.6035908069467562,2.5165100582727025,2.4616888509722408,2.334324218851596,2.2907258897497194,-1.4340273409266158,1.1578116261385993,1.8148422015660362,-3.0118815830732433,-1.0332901133325354,-1.963572758058727,3.889125227961374,2.2610044947240704,-2.2156622362549023,4.078331431138848,2.844729169637332,1.8730005762258637,1.831124621524519,2.458399576988999,2.9251590971372092,-0.35172320701523896,2.176422384121307,2.693374815485951,1.2465030749982053,2.4988707132228054,1.6869827196891218
1.5412081501267865,2.9518995334957925,2.2306255428011914,1.071932997249032,2.6780797182267904,3.123119348674517,-1.8922167496234321,-3.1266500363048024,1.589018442472196,2.272443467822546,3.4160731863409595,2.077823393589394,-0.2176689135435662,-1.6453355563123455,1.5948424678144364,-2.3113662624263296,2.587755358182587,-2.7245970891855666,-2.171882625314769,-3.0460472558001306,-1.8876157061246754,0.7829393074728386,3.1920511462943697,4.409690490321997,2.3962768435976978,-1.5187277242738588,1.7737098381088525,0.8266080456185367,-1.0314291523115167,-1.4497728308518316,-0.10917098247134094,0.30415454601886016,-0.12505663884395912,-0.07276845661606979,-0.008608784336256337,1.2458769338644906,-0.7558309234040891,0.5991996039577534,-0.0799985175624014,-0.1295242211622254,-2.27922313636761,0.543559207488139,1.709008728831657,-1.0627560150373456,4.302033924224409,-0.6011975960780238
-0.11329159917458131,1.7882420800868828,1.0550054668921216,0.051941158458597814,0.6577979157589803,1.0151012891759534,-1.3115284893973873,-1.4180865118425046,-0.4531242903894759,0.7755334900233903,1.9009660471432726,1.5857096904558285,-0.08244735181687857,-1.2928003242199426,1.0363331215666238,-1.7263501031763535,1.9445879909091126,-0.9613838172092556,-2.7696390263579005,-1.147767639095873,-0.8729750149517961,-0.9721216674318955,1.1006787605610004,1.0597253402347422,1.098794308138422,-0.40121283414510134,1.119960648180863,-0.36470832965987676,0.2659326467074197,-0.23679732472245318,-0.6172840006862498,2.081454409968547,-0.7556604585995295,-0.4472435511590389,2.2987039458064658,0.47066458728978655,-2.2783315674304987,0.2709977115986453,-0.9591125509602609,1.5517697450028929,-1.6982946034284594,-0.5517782287296831,1.195735189548994,-3.833034765641605,1.7181541330009213,-2.529659911808326
0.08455359547726515,0.8716911010935802,0.81981290068325,-0.4050994736249742,-0.14968069478964735,0.22439272776105912,-0.10456655959048566,-3.669066147456356,2.5080553144462745,1.390520780303706,0.5782052166617802,2.918356870804423,-1.8566842320820305,-0.6373076435056492,0.6492413733235514,-2.6837825363059493,3.0587530309876567,-2.926633469231624,-2.476968764005256,-2.8884839402790172,-0.6865146433792881,-2.1691709707848923,3.1517878840466165,0.774655812218474,1.583341496924205,-2.6446440913899876,-0.025127832825959207,-1.518014609294499,0.41836672754183524,0.8251992808127182,0.5266912404004616,1.311619392679772,-0.21624486655081476,0.7877817102996607,1.7602651062537111,2.0960864515817015,-0.29538266028760607,0.40473525358909024,0.29111906231556206,1.1312394198836633,0.3502227556732527,0.016174458224449184,1.5769270903622647,0.10025796449793423,1.9661820557928376,0.8051811517202726
1.2892070169794907,1.1471602906712914,0.34356360461910007,1.3918074387037753,1.7976996493515096,1.3778790480942127,-1.8096245981134278,-1.148544936443221,1.3653970184535607,-0.19463624867926654,4.034326775680142,0.8154068119641729,-0.1908193558395106,-2.2223052731524615,1.6245493402799887,-0.6184632659954044,0.2973618220038171,-0.34773502943953605,-2.417867029139569,-0.24176516100487588,-1.6428558500473218,2.3191417113765294,0.515758087109707,-1.1955846886330874,0.8985250764857917,-0.7298287632813466,1.7770681580747747,2.4768790009588786,-3.5497248078288672,-1.4008383176564472,-0.4506995621264145,2.4146828781372953,2.7852627500861145,-0.5282504122983782,1.8085086225365097,3.53715053415356,2.9250524128515596,2.533213339981822,2.258915071555074,2.8417763660376405,-1.7089738429364878,0.9277241885078742,-0.4413290000512855,1.8418522213420263,3.2613030113362456,2.213943345247583
2.039239406609589,1.39671169165462,1.1343096364597578,2.3988086265481012,-0.5830886352483903,1.4027186369205489,-1.4691634399995053,-1.9245887470877823,2.1198040746191626,0.2208048651884995,2.751425936204607,0.5152457358514175,-1.8467702508418133,-1.36548148175333,1.160355230909465,-2.0473781061360925,1.3598305090397003,-1.9253691931778198,-2.1855187197932047,-1.7197663013262252,-2.28429137345368,2.289215655640119,2.3010657997945962,0.2739151507841755,0.8976926453507368,-3.2472564354805105,1.5097821278467354,1.6922005200579755,-2.8175279592352003,0.06543662741772105,-2.333282936904387,-0.7208225217218549,1.7406404913622864,-2.022093943098759,-1.017532678634814,2.5515638054951144,1.1280336036712622,1.491166448088215,1.4691100060776152,0.45512382061864387,-3.4115863363630456,0.8132895234370048,0.5763636757190402,-0.4838966660809543,4.684591181409344,0.4157726299447867
0.4194238548914412,2.4520303159629644,0.7291749797900131,1.599362926758427,-0.7317021655213658,1.7952703019664964,-1.1430992779797278,-0.8062548477533453,1.9683939753830069,0.3728363729773474,2.6316437145269207,0.1522535353019756,-2.3064272722194223,-1.033504055319529,1.1805850861541707,-0.9658331348450961,-0.3435880563226974,-1.2905691216730373,-0.7640070614977185,-0.21979140661360153,-1.0866071410980322,-0.27447531109308887,0.3580438535481394,0.9491318406283096,1.5460668896438798,-3.472214264495796,1.2100140159749477,0.1447611105368527,-0.0012249038293858927,-1.4604488760441117,0.9892649438421255,3.2624906667635907,-0.7634386836683484,1.4130614496150593,2.735655712407895,0.1750684066539543,-1.4313635624367471,0.04043683470191772,-1.2916841579222267,3.791697665095599,0.21811084308668316,-0.6763876189132776,2.709133556302326,-1.6429550734778893,4.895768892750656,-0.14808185409363794
2.056570773420454,2.6868320492150546,0.6727353001293112,4.4854442671140085,-0.08310362942249583,2.3301581046699167,-1.7086762077792443,-1.2991776385550495,4.749150463741005,-0.7227121497435107,3.5844011670235587,0.7615828571395916,-1.265112869827074,-1.5544506657246955,2.172582381079216,-1.9014639288022055,0.7595136427749172,-1.1559150528029378,-1.1423028410019365,-1.0520200125500163,-2.8933619396141337,4.434911163486079,1.1404106635890556,1.182416552591291,0.21140001055258573,-1.980153407490171,2.462326990247681,3.8895822439598007,-2.675918338558157,-1.261942142152887,-2.8025640339081823,-0.0966009127838845,2.456219737278749,-2.5543891353860184,-0.5851126536265474,4.6147465075606675,2.5852915543190464,2.962681762366622,1.3956917094686108,0.060415745832953505,-3.0141045030989106,1.2517620705163643,0.9830669160495649,1.9976464625671588,5.298451221605251,2.648922219398015
0.7846038257776078,1.3377614337092716,0.2502297085553902,1.7074955640631786,1.0570205396011327,1.2144560119328411,-0.765977235674708,-1.1646654483993544,2.08550294067144,-0.42809219120552044,2.7663604121031695,1.8946896243652886,-0.3212419759102366,-0.48636125752401105,0.6056769318515147,-1.2791376056650647,0.875719471867121,-0.48830957394084484,-2.3576530468133656,-0.8993054761797385,-1.0414760450129381,1.2134174129615718,0.32952858652204053,0.1373272358209574,-0.18538178331287924,-0.9505269561678367,1.1925991765492807,1.4488124152137063,-1.181249404355953,0.3154891425658335,0.02582405903134788,-0.8569910607715354,1.0433057645401642,-0.17621441102844293,-1.3748797016343064,2.3754447681860187,0.47376193895082097,1.2030998196079574,0.3945266284408735,1.3404091362788662,-3.3528644243972687,0.5515558899547708,1.330267507157105,-0.4865777742270627,4.244331177928635,0.3280670212364487
1.234038593201518,3.3859675859618705,2.1108208621453066,1.4231640665294865,-1.1083288299469771,3.179553442298368,-2.7275038129735596,-2.6424961215991805,1.3134436001870564,1.107407260832142,0.23077664021885624,-0.13975807367419524,-3.2283122360595096,-3.1342965605627144,2.8716817441935296,-2.3979332191142175,2.066380845092999,-2.9322621255203734,-2.4135108939077012,-2.6882771312323164,-1.4466956612945447,1.1699237404644514,1.2732671082829627,2.8873223247563904,1.9733498043300999,-3.8914693916398364,2.8868448867381296,1.5267394769945537,-0.8522619352362981,-2.147991315158115,-0.3512173013767905,-0.9470268660382584,-0.6310356621530522,-0.32440836727463673,-1.4583423772535002,0.4349742135654293,-1.1393973089423137,0.19720922860445445,0.052258456615056126,-1.1843364211843614,-2.6241679880729656,0.5203634986789958,3.2457798935822577,-2.054543301013259,6.2037016903421005,-0.8569846614517269
2.7545515080256284,3.331680018409197,0.9546651517703573,3.9969180484053175,-1.2663825543480574,3.0118313871626614,-2.2763191313245494,-0.9440628371680571,4.120264815444247,-0.7680378404242543,4.11022581940275,1.1294956437352257,-2.5661992656339994,-2.7831762579906023,2.5440029757543754,-1.1173762823542326,1.8271233082579714,-1.2338515394088738,-2.349638809259617,-0.8509699288989777,-3.263319801390449,5.687703277309253,0.8059147624773023,2.2710317344897364,0.7084970168504865,-3.0924115490840816,2.3509164731837435,4.347881504757784,-5.095606200449223,-1.990079719474977,-4.252004889430069,1.3709053546845984,4.4580922344674905,-4.473029157882278,-0.006791533763344404,4.774474447470597,3.9989775127134224,4.2431434349930575,3.6823308021788916,1.9615574301429728,-2.5454475308523588,3.31478934460365,0.5266817586282282,2.648594841103441,5.449380361961203,2.9677509562050934
0.5495037459827211,1.98622745334433,1.0303958167660938,1.2316364828503443,-0.3378274153527074,1.168470379013086,-1.2046823099519,-0.09787525619137338,1.6203547774383584,-0.1539490121458028,2.3208472090390857,4.347777135991366,-2.0842458499685477,-1.7789959859000568,1.4878480792916646,-1.7836099308739202,-0.07508200872202409,-0.3017717428875508,-2.0795015950777946,-0.3209775560864001,-1.2599522782856558,0.7037715018043067,0.7762733153977709,0.7977032138333399,0.1615700836061814,-2.9333182700963256,1.4021768604368687,1.299303853116895,-0.2480196479657244,-1.6768549112431872,0.3552410161558526,1.6770822629619095,-0.48554313741328126,0.8551504436472586,1.4984484648150038,-0.9582958092227574,-0.425017751861157,0.5403455359693282,-0.7432696093061542,2.6326023741180395,-3.020509362628445,-0.7757301223141699,1.7167486050857308,-0.4695465587587808,3.8082483886872556,0.16544366251704679
1.0433883923575693,2.1539910547692958,2.27138002113257,2.1586349977194073,2.275584369972855,1.1998305563657683,-0.7324269335173494,-3.8840293728422823,3.2939339983336025,1.6182567907328198,2.1639444209013856,1.113785856543447,0.754936451039081,-0.8906206059658457,1.5392496545488759,-3.210247150212254,2.8792994125072227,-3.1832799368368554,-3.281078771819427,-3.295116162071653,-1.7013006612637942,-0.4679399304000609,3.6602210222119225,2.8912354538525005,1.8928033357995,0.31727649994459073,1.059976112226178,0.3133280386446091,-0.9886212628191117,-0.21794748557045762,0.7985767055040667,3.065041163803783,0.22584274834180618,1.2354758658278797,3.861124262920602,0.9570976858716715,0.7075980662323151,0.3214127525190491,-0.4405151505734919,2.7313746893379784,-2.9687470501272566,-0.0713997802417754,2.2848129764090603,0.37961971872855566,3.1059370537865405,0.9324355686234231
1.7202263540795317,3.0873670421684,2.5718060940543084,1.3541032696470503,-0.9637946321412553,2.2645837508429367,-1.4805172025773712,-2.9665050966087643,1.70327802825317,2.551850145220492,1.6064425090458831,1.4085211792278984,-2.8167224024864543,-1.9406413558847837,2.317787985655845,-3.568335194193207,2.0787212479315236,-2.564495329451165,-0.6961761608520277,-2.2481765950526986,-1.64036584343092,1.3663751025794264,2.263260224306428,4.450900915967007,2.335958295096555,-3.7217957715966126,1.798531455696084,0.9409387371355078,-2.034078467745943,-1.0969982652484842,-2.626819086715752,-0.08983736649454843,1.975195835490402,-2.444752614878611,-0.2262972686216329,3.0443056013745746,3.19338117989243,1.961297120583364,2.1301884351752314,0.5756343288662302,-1.3919974640900752,2.248744395954719,3.729663132991739,2.594778794258514,6.370880071034032,2.9766397142463354
1.295696794773721,4.576227535136369,2.3480319666617584,2.717248922290292,1.0967452505754323,3.489926578013191,-3.298586449354595,-2.6418104619564025,1.6011948812737233,1.5072840266658125,4.277500141588826,0.6495255339264989,-0.7424612667289799,-2.8080391873969104,4.44138819376628,-2.474098964058029,1.5213046305879478,-2.421947856068038,-2.6823085813642065,-1.9421404851807105,-2.1468805498465535,0.8341913188296926,1.9715762616724586,3.2669560959077115,2.365816779580187,-1.7244251886692734,3.151521668273313,1.017880852329126,-1.1829877847076524,-1.913746016759925,-0.08649517521483174,0.2285750714947774,-0.24622961713499958,-0.6180111128799943,-0.10866662985814335,1.1037630352257384,0.04033036307667659,0.5158063354688779,-1.0508716717628819,0.04346283397858697,-1.8190240392790373,-0.7861608486354645,2.5914546789618775,-0.20024172350982894,7.400436345880839,0.30875502080768014
1.592133926794344,1.385827299027822,0.7887362907471196,1.9591479208658469,0.3722078969846858,0.7482883546937547,-1.103862996278552,-2.0078450165619346,4.156102710874589,0.5013639281091211,2.9534966173174233,2.090935703352151,-1.1493747413454551,-1.0337902293845005,1.589745470857963,-1.5915546266212355,2.7478244082008088,-0.9319122537293041,-1.9673019264605882,-1.5809144175427172,-1.6099472334062412,1.9226015715769114,1.8457310991176716,1.3954081196150592,0.9623458989217404,-1.7301534351436814,1.0833418184385095,2.2177753399163174,-1.8382731004489457,-0.8214576399161015,-1.2699440171701726,0.19475313016676932,1.7041410038170386,-1.4477265398293546,-0.5112278709978733,2.5065722084006263,2.321683898151647,2.106817378967734,2.229127896983475,1.131852756539494,-2.91736574106051,2.0142195502502824,2.1545841640396066,1.856815792203283,3.999825572847849,2.4531572708739717
1.9847038037525193,3.5514148075557657,1.0465163501590795,1.9021352053665965,0.2509153139077077,2.49587767288467,-2.7312097493591327,-0.1877624391214321,3.403240163892574,0.23733349392061942,2.8565242565121722,-0.11419105021178977,-0.5069410231463772,-3.5046317129735884,3.3231251237822055,-1.099509338897633,-0.5419387482253681,-0.9733932341048391,-1.4670094960733862,0.22733069330603728,-2.286733034801397,3.8289533990741758,-0.7905304954061676,0.8308573088088709,0.3062365869067184,-0.904396567069109,2.9990622244149616,3.8823873191099536,-3.817105866503294,-1.0783246146214376,-1.3861501487997367,1.7778884224175093,2.347932148442955,-1.1565483549605162,0.7763686326293999,3.0073193864178247,2.2978232994114545,2.5400979783066395,2.297169025598201,2.663189160094894,-0.7135019980195597,1.4543278370408512,-0.12902940059717105,2.618246681426709,6.911211213026777,2.7637065401095784
1.1101784193672275,2.5074287553853427,0.9269895017509362,2.537685969623806,1.3528678005825272,2.0115581394125495,-2.0468060751252386,-1.483312442186431,1.60961347800732,-0.7319212507482256,3.1102365066277526,0.4720894651202807,0.57601388079804,-1.971684189680779,3.091981717299111,-1.92818251098571,1.0004733730992936,-1.8163701867184914,-2.6506140885853613,-2.0325797020350347,-1.6474615802932937,1.670380437445687,1.8802308298288488,1.1268225217833132,0.4622169494452789,-0.02302396841925125,1.4281833200735952,1.980529055047666,-1.2632436501294704,-0.028658461449610706,-0.35667750378107144,2.9637468877803586,0.4529140690126875,-0.6628637311619384,2.510993241715397,1.3930913729854935,-0.4668639327645673,0.6643385463249628,0.7023686136991384,1.6788135473586923,-2.008264140984638,1.0014371752392202,0.5056620313614884,-0.6295966933922217,4.797797409183139,0.15363391295499373
1.2944914115126251,2.666895637561101,-1.1970836264095057,2.6258113652186266,1.530560499319067,1.3940942725278365,-1.914432199002917,0.82564783340267,2.616069741260108,-2.7381340624467745,2.864419641172958,1.9345432699059426,-0.5360567859550454,-2.189986101872575,1.970157912602264,-0.5002050729856404,-0.022422454144574333,0.04078055932415392,-1.6804978826937749,-0.217533756115458,-2.070151221118775,3.665825769410235,-0.07450472275911246,-2.627360746061515,-1.2238334250740082,-1.4013075600160803,1.0442484031808137,3.2346155050415613,-3.219521210496105,-0.8339119675441866,-2.8804393729529645,1.1212561763355249,2.272045751693419,-3.3027006035501913,-0.4152053599693035,3.1616729316404317,1.4926117760734603,2.5317765957814036,2.4701843638046412,0.8971772714057057,-1.688612848161128,2.532973738184887,1.9763583428888927,1.1091582554203268,3.6539591339828874,1.386057523513375
1.222978563860567,2.0148076504317025,1.5061352298135797,1.4093216734103369,1.442297588410414,2.173386387847747,-2.291007956400639,-1.216766756013811,1.2947410533918564,1.2658339180750406,2.7141277152991674,1.2715852436326078,0.19669405152610664,-2.509680272077412,2.613242026317243,-2.89819029632842,1.5358290796735556,-2.1292111645497087,-1.0990169322408079,-2.2588999774114,-1.626937355879858,1.8267789686897826,0.3469949296164163,2.2330060534271556,0.9755036477733872,0.016726802910073557,2.672587042194637,1.8551026679144407,-2.0511657934853624,-2.2526728725099163,-1.0906144572629244,2.6745458899930625,1.0360604499356707,-0.6624347896405929,2.297399087198597,1.5738446884889417,-0.025890717159500864,1.6459593278795681,0.8819169582572473,2.9859894692021562,-2.4851960009277807,1.0686396988068303,1.378232081047748,-0.5890782280112414,3.7404334331563547,0.014975453424682428
0.12991598133277238,0.3840908203353679,2.713653649471836,-1.4340696905819996,-1.23039608625897,-0.32213693729523674,-0.2909898943715141,-3.6770665190668814,0.12413654906342275,3.654014768055701,1.5654903018931658,1.3373931966230819,-1.9566020661807955,-0.6403295444215095,0.846172292301872,-3.5660857772610104,2.9312871389262463,-2.135771710676355,-1.5999602295932962,-3.0574035987065553,-0.47246110858054946,-1.1081021574713783,3.0874406822733143,3.361687952432053,3.5027094378702133,-2.5247209658517846,-0.025724510474868012,-0.20851607662331628,-0.5719417531506137,0.2484006892622872,0.28121273491183274,-2.55275456502571,0.11088948581526115,0.991147946753991,-1.8357048874662396,0.27018674125502495,-0.178832776983057,0.6242310268681384,0.9253234189119646,-1.982443164695513,-3.8208386657587567,0.03306766705540787,0.5416326645252101,1.4315857865073855,0.9448223803045379,1.683166058732299
2.049455955892221,3.2390126877898977,0.9618858935491511,1.9057064067164367,0.9938947011168475,2.524848473357756,-1.5562706570400884,-1.751666588601922,3.5282847391023955,0.1437082962992694,2.8122852767711213,-0.3089946423987564,-0.5762534880339985,-2.4093042943450818,1.2061113195163533,-1.2768948454772688,2.098545578639228,-1.3337902622820532,0.48345347879894884,-2.065357272208819,-1.8436791645630122,2.74117428867662,1.5558025622151523,0.4521334890491244,0.2959597929233012,-1.397846990555895,1.3073202347515631,2.5320311100028636,-3.6835015231858566,-0.5280021201129395,-2.3769615049832282,-0.13116066012742045,2.533228588112233,-2.4360463285018037,-0.9999202452235953,3.4544377759945366,2.5010124024445965,2.4361292852050473,2.3891860739265987,-0.053415646308430986,-4.198253825502928,0.9899669248634787,-0.1139002865561316,2.4438082307783358,4.659549028158784,2.5269776697512665
1.9293156118391102,2.626808367153424,0.5492684826894187,4.274416019182212,0.6312821300220919,3.149661548984537,-2.493685642956207,0.3507400058835175,2.7853802399904892,-0.8359951270163355,3.0206264117761785,2.6551444015919485,0.20703326644324593,-2.9871351012996676,3.81489386323109,-0.514719222477448,-0.3816530949494559,0.298915257462683,-1.6341714389570714,-0.15503090489468718,-2.5640622483505053,3.60299084435407,0.5800617064896539,0.43273743506073714,-0.10742608379471608,-0.22180998403522456,2.436887093788072,3.4181276939699154,-3.5977729606256292,-1.4821428019751708,-1.6544082770258133,1.4144436445438922,2.050418595759852,-1.8571344595392296,0.2657761305965741,3.746827514909766,2.5809544303188363,1.647329767966953,2.229361262961535,3.1165242884363495,-1.513518905710195,1.5968735011376078,2.172296063898309,1.5366593657927616,4.179351263268194,2.2413161556966603
0.8237861621551126,3.6384038615577587,0.9284040515273224,0.33140243583850393,2.701994612819127,2.828660981783802,-3.014449951906379,-1.2046247537686925,0.7515383502462019,1.131480202351991,1.8296105720896465,-0.5897584272842209,0.939706590516542,-3.3644923338944457,3.396846013071081,-1.5087493601607198,1.0777604801548943,-1.5534469644741895,-0.1089514285227069,-0.9818392611960589,-1.401498363944384,1.6272553076881309,1.718829648515079,1.6844273934285687,0.7222614390727714,0.72545669859044,2.6889424659433185,1.8530150861514687,-2.5033299286976978,-0.5592437188106516,-1.940550082195053,-0.8972427128341589,0.49065074661800434,-1.9921940217207843,-1.9356666327060472,1.7833373930437229,1.6904584605050386,1.231418657555958,2.1972470125564265,-0.5396869578173564,-3.041059143739428,1.0172714656313624,1.6937909982102564,2.2305551875543976,4.082320376605038,2.6002150325921827
2.1078722671381955,1.6972806382671548,1.5200863870898147,1.3710803439613535,-0.7747085192123148,1.5679550492955228,-1.2490226419523593,-2.261369874584037,3.4453739485233084,1.1039808393160413,1.9635035641203888,2.7107864051780863,-2.494184475395622,-1.5472364553065097,0.5174410814582269,-1.9882086454015968,1.916494340636485,-2.505256959160526,-1.4096085390040483,-2.59798127068517,-2.067074381957233,3.645089257503847,1.5538730567880419,2.2866692166482787,1.0821775854942735,-3.5949777133073573,0.7479376343609795,3.4180764045540117,-2.4945661941915476,0.3799903041341117,-2.174593932717518,2.848785719886181,2.459136431294428,-1.8884700783324457,2.6224285249600037,3.9919801319444086,2.1245793335528966,3.0916446346298034,2.7636093938993036,3.5902708008706368,-1.3548591239826842,1.7618703509578688,2.9103120837926912,2.8944338471890334,3.549869234037396,3.100313305721671
1.8043191396121157,1.2612219613487303,0.8081124753323348,2.3868904770549513,0.16689191837853462,2.2295978580779425,-0.7461911721870134,0.3124022927047263,2.822774898924316,0.5070894508961131,1.838008064611223,3.1192063132539594,-1.8462898749123915,-0.8963976403330101,0.7768458069664698,-0.6504775760112482,-1.0600754684349356,-1.9741351369917255,-0.7369110256111508,-0.2688556564475264,-2.1028264952710103,2.7995513679228807,0.6220759953263453,1.026039379088917,0.45600128338749535,-3.373111642145848,0.9909067135575221,2.766872754805397,-1.524104946764914,-0.42551134379032074,-2.0429904896455833,1.3017606848160912,1.0868112354912862,-1.9270765698132335,1.1444624222765225,0.6922086962885745,0.7834573705487358,1.39981995381895,0.8057656230834112,2.1708235679482595,-0.33575727344272543,0.6076098026664369,4.083710850455753,-0.2949719927098964,2.6879682504420144,0.36892506523352075
0.0175041545308674,0.9418522594357532,0.8058055172712406,0.923491208781749,0.47748046089103996,0.17161251836345093,0.20805687233110937,0.17891155793725466,0.8194523280370372,0.8202441053956168,2.4557726329865375,1.0555172076855133,-1.7806553187394054,0.16826314168861867,0.6107554953166943,-1.0139710627191265,0.21050106026639726,-0.23730087291541424,-0.4724621952192808,-1.4965503828780153,-0.513594788603148,0.7704132918851241,-0.15898041557093712,1.0234582937623264,0.6235608457802244,-2.598933649439482,0.38758609568774305,0.357344296278332,-1.6806203752765032,0.13580533394851657,-0.6437727369110594,0.22399599000481207,2.151347089754565,-0.6486308437406526,-0.4125121926295199,3.044496846366577,2.857252365349873,2.5295410225242643,3.5185333789905098,-0.13905915622541132,-2.0789795816150356,2.807750338129803,1.0768280734356868,2.7083828929177036,2.5168011865731454,3.090957827822124
0.9776370299417477,1.516835293545307,1.7413549869853504,0.4219939770213075,0.9632326963243338,1.0449698112043238,-1.0332925099216617,-1.9281331109406872,0.7619818266947289,1.8763070332713092,1.8627216587699718,0.7633189528280369,0.6015835641786471,-1.681291288808427,1.470057162629204,-2.6916952305179214,2.957640253211629,-2.3344711865873142,-1.7409053233437777,-1.885190241884136,-1.5794244217890798,0.7498604055845217,0.8636313708216845,2.1111975404402465,2.2460819855397496,0.21278501753564205,0.7107892602738459,0.7669513921660736,0.0014465574663520275,0.08055356396749702,-1.0476824675193055,4.848129945572467,-0.8478861609545141,-1.0685770394923801,5.076094195977686,0.6711240540171739,-1.7188972474886257,0.5284881255113331,-1.5488211985199964,4.975650148829779,0.16993149923566908,-0.8402681446533316,3.2369244080961863,-1.8287937819947246,2.2539994892541744,-0.936268662419844
2.550910026194083,3.468773767414839,2.148665672546417,4.035206110628419,1.022946667799799,3.1495365445352483,-2.1208509498485153,-3.8552952587225597,2.943007750838218,0.999675421240666,4.237149277590682,-0.11124332277423998,0.22906418132208795,-2.1201657053321874,2.916704734045167,-3.378918405051402,3.892403686917431,-3.319970315507377,-2.0355235302134034,-2.5733222006540473,-2.95597860590583,2.2768684076318775,2.07957712007237,3.6725240171131777,1.9772816407218108,-0.3397762232212149,1.7859976000240547,2.614841835437188,-2.9076464839040996,-1.5486245917214614,-1.135649399248758,-0.6778369318855122,2.622243972633853,-0.7656296682087408,-2.2665207657412028,4.029169842920883,1.495017718193369,3.5362525539642977,1.6691292233997488,0.8200898311571984,-1.8114012272533377,1.1166801071214818,1.74035611411386,1.5622091860009797,6.094487345827473,2.1863037253654958
0.9137115349508127,3.1895214631686906,1.1423073156423946,1.454869148944084,-0.8283026757051655,3.308748529574954,-1.6096196070732185,-2.1885337099603666,0.6595080954038695,1.2903144022356807,2.4934008500403193,1.3312678119761787,-1.8135264853924575,-1.6149403351068783,0.975871917969603,-3.0179645009600984,2.5841358370545873,-1.0660220641767089,-1.598429403332758,-2.0163612739738883,-1.586807633399614,1.0585751213906365,2.3197655178086487,2.4566977066011555,1.886725071680606,-2.611126776580484,0.9423104286736457,1.6184913836375678,-3.324431717889997,-0.5710694674445118,-0.09795059181798682,-3.0153864936164005,2.315639613266817,0.14923887083214704,-3.472244161593048,4.313506924943356,2.592175421849707,2.252940223738057,3.085289457103552,-2.775250209251733,-2.2640565411941806,1.8728477881817076,1.846236121607586,2.8924366431885455,5.77880135298977,3.37308735061503
0.3998017908372803,2.61268370028152,1.021462513732773,3.2730600768155638,1.0467905757713805,2.7355125901225232,-2.0761288980670005,-1.2548902877621493,3.6038063371268363,0.4914140448093864,4.376720475562682,1.1554575970264875,-0.013332135652928123,-2.0841607501750916,2.8203840376287896,-1.9218526690463225,1.3069171363916545,-0.4213106649432332,-0.5655312219623648,-2.666629484248433,-1.3073462562271596,0.6348103175993953,0.722350300434494,1.1341293235660044,0.7114873755153325,-0.8069528115886121,1.9975301243075285,1.330339874132836,-0.7870804443954011,-1.2955163691797587,0.1417289191462856,3.34506124245155,-0.5916511389783627,0.27641186411658825,2.6600894122905503,0.35758483549480724,-1.329751051382821,-0.0702196533291104,-1.5474265946842791,3.747007667881838,-0.19378987816216364,-0.7258751904019252,2.3208032212052148,-1.716428599290631,3.7479021133570165,-1.2988217136596618
-0.12125473841310974,3.1320041098345754,0.08430204389943596,-0.3449180030160355,-0.24710798932694367,1.6969291710996133,-2.797007341952285,0.9764296099080663,1.9819443985522034,0.2276236522379368,1.0973621363858357,1.9057732062783632,-1.4928515870042298,-2.682243530542744,3.7708502823854744,-0.39925960414693074,-2.189784054069881,0.7590221964410944,-1.371912192472188,0.12422702339079139,-0.22553811245281064,0.9081986775413928,-0.9936303780225755,-1.267743074483903,0.10964856099917086,-1.84205713317979,2.324292410888665,0.8878857593232001,-1.6192004963811317,-1.6994863405401495,-1.1541131911384677,1.546412702918368,0.6954256856855974,-0.7485634347169984,0.557916425123426,2.421096712866369,0.46231151954446703,0.9195940653824178,1.1008605806432865,1.7351533524367933,-3.19295181226062,0.8995171376577282,1.119992241575594,0.6634279793363129,5.257234698644487,2.176262273074032
1.6185760673211056,0.49675392793917816,-0.06786178095938356,3.3866440582007162,-0.8311301995710648,0.5140621097960656,-1.2179973522650451,-0.4734936578672395,3.0025176776355336,-1.5383883759911632,4.04677103450893,2.780010700529564,-1.5363409460376554,-1.437854863850917,1.2079451732568027,-0.7521159050368071,-0.5577788787334963,-1.4163191091466343,-1.900802382740338,-1.393396558307761,-2.4391852545337165,3.5976764338831266,0.615869460643052,-2.055839554453536,0.45921051178508154,-2.1159951959258403,0.8858710789905606,3.9596668312785295,-2.7551599555904938,-1.0063384535328679,-2.823622138133357,-2.9150411187315477,1.5889726436247336,-2.349933498021912,-3.4509970124416354,2.22519679599396,2.245684421576859,1.3602509580426292,0.683737353163026,-1.8886744438773413,-5.195976128176854,1.0674600979018003,2.6651180453974557,1.8614208587888903,1.9046664697476163,2.6368224466573533
-0.4528122023761627,2.655847252796743,2.2362044001036607,0.9416257037750992,-0.4185135610075712,2.9408110445831976,-1.4446878629310342,-3.0919792095256264,1.3758629483575469,2.136528295945662,2.0202311209443224,1.4075666540635343,-2.0918906976047675,-1.6147585920584744,1.6367759756713438,-3.8605135017388448,3.5492414585505623,-1.3183812916162188,-2.0456100945732967,-1.8824471245614267,-0.1914700048808029,-2.370571349655456,2.236643279636466,2.502948844517543,2.223391482617301,-3.3106447290563943,1.2311447795492882,-1.1900023468373477,0.3910297031298333,-1.08560571950344,1.1246274870988782,1.497664281639112,-1.189368739331878,1.3929569214171837,1.8724140186154972,-0.03960703933871912,-2.435920728551941,-0.10049550991987832,-2.0697883442617595,1.2574038031411021,-0.9967692071746311,-0.5851587158937575,2.6001812671404236,-2.2352984842880246,5.555690032372343,-1.3217855012016355
1.003449561943667,3.335633767523018,1.9030117473881085,0.38654076696053163,-0.9086429176586334,3.3582201685312985,-0.6693044308382402,-1.7199187750026785,1.5291123221990053,1.4068610269812472,1.9483056918059627,1.9102217465488502,-2.200775765339257,-1.3640099393167622,1.8718507823796895,-2.208916681184268,1.7083381206880854,-1.9437768045200279,-1.4539002347031647,-2.347288085757563,-1.814909376634735,0.7914745895936448,1.0361498711334363,1.9029494340375175,1.6710354862298638,-3.0907755160654515,1.2237744425985446,1.2751148570862791,-1.361303543949871,0.9728369916574753,-0.29477976372710235,3.8777186336273974,0.47779326173124326,0.48830482309151746,3.966490166600722,0.9377433131841397,-0.0836226124647127,1.2053969887065583,0.9390656071172779,4.246498163468338,-0.9844310304247538,1.0630806685702723,0.2412191015089531,0.12041194196850269,5.410443588353518,1.0079521429558962
1.0993820036320159,2.1722087269940693,1.5072761461897477,1.9716608849367405,2.513974122535802,2.1344160763570112,-0.9107801937846204,-0.8433166591394522,2.477366177056833,0.19606169656499095,2.690972873374857,2.91887620671233,0.6290467463660545,-1.0545414469995853,1.547633736677522,-0.31377701921719714,0.0836124409300587,-1.0973721135018046,-1.1866246798563576,-0.7710672628675079,-1.696594788053048,1.8759728883743338,1.0648500344313214,1.8991389453779473,0.5979068095834077,-0.6579040129636702,0.5222739177314633,2.076987900132153,-1.5625351206209066,0.3718248204096699,-1.1483987086536733,2.9296765117668677,0.9245508031657955,-1.2959886493535933,2.712125133127132,2.836248811692484,0.5954435302873591,0.9776446858127379,0.2728752685792515,3.547487512891684,-2.097197892702903,0.522566164790214,0.7308163497995046,-0.6422967398880419,4.012541860843867,-0.3261502972251018
1.6031435747620724,2.141802869981436,2.3142208016347112,1.6739411697289444,1.2761438571495125,1.868783687314573,-1.0308615911749928,-2.19428636721085,2.6685874348612164,2.271488132913729,1.9474690248769444,1.5610269923678903,-0.48302990907079313,-1.3138630441054095,1.3836757031469018,-1.3766300885807028,1.905532225336211,-1.78974514661291,-2.17385155953245,-2.1388507083944805,-2.36856046172056,3.281348873702009,2.607385783879892,3.5568336720663947,2.2272863424165825,-1.2648362065510679,1.9691536928140043,2.677009790983197,-2.6170155893774645,-1.3391363349999335,-2.452283676361234,3.0015513059453447,1.4588235674185213,-1.906421372450603,3.213565898446473,2.6767975636070194,1.5283253828026329,2.0192822608622425,0.7807012754314779,2.204206927423606,0.5437646815803079,0.23242985977443265,1.769987941021373,1.0181648474005982,3.432255719601783,1.0811968810673898
2.113236503095833,2.1977632186343405,1.3648688585090762,2.5374366332761222,1.7006385688363985,1.492286268527905,-1.8995251474204873,-1.6421046664216097,3.165719210325519,1.3502548086003858,3.6593542629118296,0.9479808255205777,0.5970135983467606,-2.0520749853954925,2.4321486954076996,-1.5552195985662751,1.8523239843958081,-1.7801025916599047,-1.1844825512208565,-1.4485264126708595,-2.128691459312856,2.865785554754676,1.350758788121947,2.0066525198482674,1.4053444701788975,0.06017707131961059,1.6623141804888655,2.5701043213559953,-3.095800393497077,-1.1091888552426974,-1.9639693535192524,0.7427987455372695,1.0974479350346407,-2.0134837368505982,0.2596811523931516,1.8247229619930492,1.3590249786935338,1.9558856563796794,1.6920691241367123,0.8085291964490096,-1.6726853130438168,1.0485901546117589,0.895477696002375,0.48531506471196106,4.143853311837813,1.0001399434997262
0.9691853680866537,1.038189804110778,0.6657352503818895,2.319184872399939,0.4188893636555138,1.6576835178284215,-0.41720781244750405,0.49159509982562555,3.8297066636070167,0.040138902235960616,2.9827914310004973,1.4385852306084694,0.7041339993561124,-0.42007630733627477,0.7612761644282078,-0.6270321378826738,-0.6966759276262542,-0.2297924250558776,-0.27152430084978585,-0.2362441533067734,-1.475302450867736,2.612371381654782,-1.0347467161666901,0.45819003125684565,0.010583618738476686,0.7228629917821987,1.1138723561702364,2.7021931874355065,-1.586508379295634,-1.5876500415492352,-1.266672921802689,1.461200045728987,0.6921869005865532,-1.3513259540575093,1.1470854112184945,1.7974600346018623,0.43323536653123307,1.7187989364981056,0.8505410828582091,0.6585834979351588,-2.868569708133287,1.0789789356458728,1.1862388481134656,-0.39903146040818926,2.3362452288168996,0.22488738323856028
0.5640195631997637,3.4901755728508888,0.38818396573299707,2.460512392016628,0.7390697468350644,3.377374488135819,-2.8759887655387284,0.9928782595036818,3.258060751115436,-0.5933891575713299,3.253239398856151,3.005264888101408,-1.5508686520921386,-2.843389110590665,4.845688805619807,-0.6089679103666181,-1.6228701834846704,1.1221878727429915,-0.15050326677000103,-0.2749751523772741,-1.2502752902532213,2.464773687394172,0.10735362887824462,-0.9975278785614872,-0.6060873965369469,-2.5303898400772407,3.388551621424713,2.0371004656905027,-0.9085147568835265,-2.6376957281791515,-2.3575808337880257,1.6263415166341746,-0.1198239001118544,-2.247172479331995,0.7512003960627744,1.1004110927637296,0.37794245996522513,0.3346406555409187,-1.6556060338522578,2.9114849811428396,-0.3425802113663319,-1.077969403234245,2.326904093690855,-0.5439528234499822,5.925545831478285,0.43031152223887636
1.2988655740330302,1.882614123763397,1.9952344051426638,2.49655551758881,2.394499451899156,2.4041461407441926,-0.6913243936602543,-2.4170026660998754,2.2223640314804243,0.9035003305057038,3.241391147326599,0.33298303475364355,0.516504037848408,-0.30400370787841813,1.5928600231056151,-0.979007932058738,3.8433061521577514,-2.841548087497697,-1.134638397356504,-2.0561888518119122,-2.0738572260967345,1.2399577680583764,3.543918237327509,2.4362794448386973,1.7433321588306274,0.029412497290111084,0.6040148724268086,0.9065938091149848,-2.2256881629613394,0.3437838102247448,-0.39684870696102537,0.9435561828978469,1.4103558560200664,0.34315110878907884,0.8948618449566907,1.8949340262471146,1.7403129919049596,2.492124753289689,1.4374479905091893,1.0624806344438449,-0.934259896309036,1.1423300285570377,2.3391032218490433,2.519237566158993,4.060407061792494,3.0595519751842453
0.10421500035478615,2.1349013647180417,2.1375801623502007,0.055325862768904166,1.3362508726937334,2.646623115386651,-0.29466931857952794,-3.3479672536942684,1.4157892740038664,2.020540790989308,2.8528204988586516,0.9307494432590819,0.3817915040366242,-0.5301288733470012,0.7969778537143833,-2.6740980342508633,4.118927400457343,-2.6346806721230798,-1.9854027291976057,-2.2778407250449293,-0.7353170484898933,-0.9374267308114281,2.652296323413071,3.4654178166924487,2.8241524935493305,-0.014698746323521306,0.5994794375160363,-0.5652243490439253,-0.46130072050720816,-1.2608242755030337,0.24942187624494316,2.120324655901209,-0.36229601505509934,0.9054801603817633,2.5554026182894116,1.416361462583486,-0.7908467286616548,0.15666187881886073,-1.1586882227441608,2.3417532135953305,0.021343615397711124,0.11506558276704404,0.7345780147205443,-1.1442529359824267,4.327643620133925,-0.09577712926646709
2.127753873311381,2.2701162273717057,0.6770294217006867,4.4064164044082474,-1.0064074101206608,1.9861460220864626,-1.5901378567097453,0.12787632008167016,2.049660561166085,-0.3436585753671628,2.5261669791422534,5.610046264890608,-1.9860091800153683,-1.608491555632529,0.3228533555834714,-0.30575906835778266,-0.23525696781836336,0.2659235932771129,-2.284302382393715,0.17144501112254673,-2.4293711131784397,5.193838223647488,0.11068405679154769,1.0224171900484278,0.4817765770367738,-2.165932825612643,0.759517112202736,5.085152815018487,-3.5686627498305628,-0.5866312665061821,-3.3615261388213113,-0.1831356766246517,3.0460717319005637,-3.785917717734249,-1.665944729200057,4.118628481348107,3.353773645750842,2.990537509077046,2.749855177017916,0.2271797710450809,-3.4874443634896357,2.247933579677044,-0.4394705013291016,2.646082000123754,3.8828646476785367,3.3204987372903103
0.5766059555380854,2.198671766549624,0.6959830749509865,0.8279391830134597,-0.8722021987465808,2.1685723386281426,-1.3657852135776563,0.6654686068084064,1.361107994036158,0.2356811756267122,2.5223289357827543,3.5305574042792536,-2.55028401448516,-1.2392456109093615,1.0955734989750443,-1.0318495262541045,0.6399196611655467,-0.27443414438877545,-1.1338892790236919,0.00019280402306565136,-0.9649563572414338,2.769122123563516,-0.9177375859420378,0.4062878461312285,0.6212554196053119,-3.853849488667177,0.8246530800219746,2.503772294224915,-2.8724938466649568,-0.04621819983016062,-2.655241455849036,0.26561134625280447,2.1659064761539004,-2.6725356368771496,0.09523509005155284,2.4715406149553276,1.7630797252740207,2.885447441511471,2.249300747024958,1.151602623491434,-2.265066642417958,1.3083725703389564,2.7224750267823046,1.3607716957954008,3.1066908679038594,2.180592192211928
2.6129598703230417,2.6916141902845294,2.258655003977499,2.4860128099236825,0.028200376627795676,2.2222952594846683,-1.7271196614461244,-0.8973523979180742,3.4019183277264577,1.0685116946143207,3.5709854753216326,1.0275526545489457,-1.073125023901428,-1.8422118842963342,2.8524147300087606,-1.3891527232341263,0.8159144081507932,-1.234539171638063,-0.5761895467470904,-0.47014576751276316,-2.5635168844639598,4.173980850249288,0.9251135209417081,2.6446211898430585,1.8225670061250283,-1.6546504781755287,2.0964756161963276,3.5322394181170873,-2.97650845492911,-1.7286553885914704,-3.2165302185833897,2.3086772517205034,2.4617040538871042,-2.6247102510821794,1.875425600500936,3.6138264866987715,2.1658736566074395,2.452002097412328,1.9550753723252343,1.9215585630858325,-1.217037421065352,1.7915738150114868,1.824360230623632,3.014125760732776,3.496427793230558,3.5406113058955926
0.7707790071578607,0.2841955845726376,0.7951959580024808,1.3634583098641102,0.9696156204970189,0.3118267922529876,0.11320056793923405,0.18333027359523268,2.0033332916349544,0.6108066386155495,3.162251100569802,1.256654436158869,-0.07420096741603954,-0.5499800725139353,0.00297738376117751,-0.736947002969083,-0.31074186419215666,0.29214761927637745,0.41385123939932766,-1.8050435438279722,-1.3630658211608027,2.0921583001939235,-0.8827250165810403,0.2816220270151699,0.3496833616767503,-0.4761238556267138,0.08366681971675982,2.4515638095784444,-1.3363491794257403,-0.013596685595476998,-1.610754305550592,2.5909327676244267,1.1612095007733725,-1.8077973503936862,2.2722907658376004,3.2934184117123104,0.21905706410092196,2.069417024201088,1.7076673856869413,3.5956977322994486,-1.132479039285927,1.5468716586018507,1.3419500893281722,0.0355373454037472,1.989022477484495,0.11248584505380554
2.1745108070256016,1.860160603798561,2.1586970484376864,3.543485286136015,0.8197766029426778,2.2383270037695095,-1.0299508369349073,-1.8533609434398164,1.830633014312212,1.0402615446684849,3.350815013227247,1.850013663300179,-0.5473405437023809,-1.1598436429478958,1.290711184349938,-2.8204400199633906,1.486400089238197,-1.7684964142543478,-0.899920051380752,-1.2663465445039437,-2.4440999205564977,3.7904468169620156,2.3626097464966165,2.435468722938537,0.8125220359437014,-1.0645185438229654,1.6385897160981533,3.2939360219223124,-2.244342029464823,-2.4753718806181464,-2.433650271737644,3.5464586774327866,1.5153967756649853,-2.19533549796845,3.186787629253323,2.7656605775612233,-0.11739672273376034,1.7249411862430786,0.10863683103944322,3.2617927384646674,0.1317163425299135,0.8639351470459162,0.4124275084137483,-0.19574166652582115,2.0033326767354893,0.38273635947432383
-0.08420012399382637,3.6944881909142024,2.579377129496523,-1.3554530148075652,1.4483340077987106,3.540465952566451,-2.417079353605087,-2.7542492043847426,0.9576456860322882,3.1995895325843895,-0.33560330590885457,1.456702810595102,0.834811845061086,-2.202125187771976,3.895138519371815,-2.618493570402525,2.3502777854905057,-1.0812434024890587,-1.2825515607243663,-2.7782305083739582,-1.0592933073727973,-1.8888090403052842,1.8799353197191806,4.2580276534549135,2.436246246464126,0.5927164403430929,2.5554864556332832,-1.5147611093050697,1.1668023164108214,-1.1953576147777811,0.3947572920266793,-0.8788145494081869,-2.1737608624336127,0.27070836515574914,-0.3473726303820992,-1.127505333133917,-3.3363345966015236,-0.7466054530966864,-2.1154601428692246,-2.3134131150041846,-1.7925425104212334,-1.784410999359737,0.8584131307850893,-3.227549605101543,5.7039861108482395,-1.9207884304370046
1.5724569400980846,1.4499407834942077,1.2408468168327744,1.9184864399781842,0.8766237153932385,1.7615443600709566,-2.2426654467103293,-3.0039384728279543,2.083863671459073,0.5767149787861053,1.5668632276516061,1.6918721455428076,-0.5777323831513255,-2.5920468447399148,2.962331937020835,-3.37268011531187,3.5650146795005377,-2.827252050296473,-3.4192171957110093,-2.3832636236906417,-2.2058628359146004,1.3343407799525608,2.1745907673892835,2.4355041502522403,2.1392584548611584,-1.3115257809656895,2.711612347967626,1.3081500515023907,-0.7103680664470389,-2.0546049991158077,-0.5779056406745057,0.379040196279691,-1.2010484094471545,-0.5645325421830125,-0.08234315633986156,-0.452284999776392,-0.9808113373743385,-0.9122301351336322,-1.5367604944168238,0.9136680090694735,-1.3308407015210384,-0.6658963943986087,1.6304109217291067,-0.8209078281909981,3.178846052340781,-0.23832534127885996
1.6265456371147877,3.348397206669976,1.1036663006184029,2.107652597514244,1.7361336146013993,2.494841680311779,-3.197504796132205,-1.3566088145916666,1.2865679552220073,0.9187266384330606,1.8229740186848424,4.194222377351777,0.24810718360504946,-2.6215786886415406,3.681611731447214,-1.515879833901258,1.3754256901596618,-1.789309250570444,-3.233220194719684,-0.655862569902234,-2.0636678312700925,2.175951589236543,1.0875924769946312,1.2898817852604896,1.4450551563836158,0.5494648307443413,3.2139020545399912,1.8137638061678134,-1.7486305274595915,-2.7438245828424295,-1.999257249154679,-0.1846231143438135,-0.17567542369892952,-2.574557488592407,-1.2430374855454882,0.601354497400179,-1.2276423776119296,0.6954508339545258,-1.0713176037350485,-0.014591777861889588,-2.54226519746787,-0.83873065178299,0.2890684816679412,-1.5178181806315107,6.519394289039482,-0.9717640136523737
0.2667306937646885,2.373685793332182,1.2349132777618774,1.6228586739741249,-0.9401296837650138,1.854115499379421,-2.244007836907027,-0.5925454132087026,0.0350847510322998,0.8401085158236066,3.937301037028984,1.9152641454709547,-2.2990934915768615,-1.9466768840342081,3.2444077984509008,-2.7423876723456315,0.08513752376120443,-1.7056023667378342,-0.7489906097311746,-1.3640735171451455,-0.9899681272200662,0.6346816930655084,0.7006684955942895,1.8159351843912743,1.1282573821343154,-3.206488478631266,1.9050876859020267,0.39999215898665685,-0.8489925886877132,-0.3803887873032418,-0.7994266870199626,0.6298514033435302,0.1933932367662028,-0.7131922559226362,-0.10730711763991385,0.47798570692822784,0.24968944117571812,0.4319190904911292,0.3593799858125445,0.6300598805736419,-2.916423232686416,0.6084891762505751,-0.8332138950749897,1.2262831088555182,3.7971963619697204,2.4489760540761187
0.007051942514539666,1.2457166706419813,0.7561176082003142,0.25309784812121516,-0.11454157733450326,1.7959703252754626,-0.5988899109552108,-0.7727208571047155,-0.40722118775704175,0.45073532014589396,1.448807444579645,3.7900823880588206,-1.011336742411194,-0.967227173225987,0.7632750850931933,-0.5250841399977415,0.44019530715688926,-0.7896196380212044,-1.948969462435075,0.13593896788151016,-0.32268977615552075,0.06568512541643479,0.8727459699667852,0.5396803346937735,1.2693006186231819,-1.8154516329730745,0.22992448060502668,0.43130634210808605,-1.0094273760924932,0.5556665229232605,-0.19715496273398525,-0.6021746989087615,1.0343401254211697,0.21940337718331615,-0.8122551555951454,2.512853029131857,0.9386178279626077,1.2027840423376395,1.5384190193014518,0.6761214937940601,-2.0181515994604355,1.3100732246582474,1.2851139286938398,1.0627069101964575,3.0429222869000263,1.57763436876375
1.3914356010861515,0.7272717292705206,0.7249562862584834,1.2159814768708745,-0.7832750616589074,1.066985268227976,-0.34529026787469896,-0.05208318670613865,1.7978823813829732,-0.16978278231736177,1.5099278166394652,0.35685858930918046,-2.872197235819257,-0.06978748334874507,0.7514885223770205,-0.7773792252165773,0.1849779615924838,-1.2214730318745504,-1.068728240047175,-0.7268102770503058,-1.45640336403285,2.834046362706612,0.29306057755380976,1.3865930437320584,0.32356954235207236,-3.1347095209849165,0.2889506807449205,2.6854864491382724,-1.9967109849477531,0.14429056125050632,-1.9884217485039688,3.8380946289324234,1.0068126757415239,-2.0365023021266846,3.5690656685619206,2.826358922579806,0.5754617994664553,1.8174871460787172,1.1315460570245819,3.5893913869860716,0.03781950552336566,1.6883181123762534,2.69184427512016,0.5991600609390899,1.1979546190562123,2.1579427370698108
0.6408662541258978,0.8162815846138589,2.092526970225879,0.7228895444908421,1.8980283662019382,0.7302902538346563,-0.4919553660013021,-2.8917878943770923,1.5956603829337963,1.3667204300207956,0.8974613797177107,1.9776326621915197,0.7454939472049684,-1.0907449109316378,0.26089646838737157,-1.9765049020815695,2.4944543142399755,-2.6920633014687425,-2.610922888707752,-2.287831398366385,-1.489286499152675,0.9895425249673915,0.6079907395495414,3.435192792163899,2.016868123986902,-0.009926524200596587,0.8472056710097414,1.0049595713668555,-1.0513007031096666,-1.420971719052199,-1.7533312874660196,2.1376546169307296,0.5038504951274504,-1.5909621434565948,2.555010132585556,0.28722557646083,0.48153673339258685,1.1573409260236713,0.9633672243207434,0.9535561455509309,-1.7913103542837399,0.6135202094626486,-0.7421055170192588,0.022085565075350866,-0.4859912778246489,0.6236880515291854
0.9693063796513988,2.458579422953073,0.4508186797431135,1.0247318711378455,-0.6176844793851065,1.960036867804031,-1.3578449792642533,1.2261640029984653,0.5407677705590548,0.20848229260245976,2.271912713638978,3.3992448929276513,-1.5092884590183309,-0.2933706095658335,1.7002885706698834,0.4581478704597406,0.7619415443400984,-0.7298933696647876,-0.9069470609756024,0.9838083039440189,-0.8341442922494086,3.89862132119611,0.3592423161860516,0.8224015001574774,0.3325157190517599,-2.2560159614787763,1.0109067699076966,3.7248402406351238,-2.9081258488276718,-0.3014631024736173,-2.351131611911745,1.6055565286237061,2.4014144090318448,-2.1915124415526623,-0.009523654238105195,3.609175601835223,3.2532186001985477,1.9869785022840918,1.780629363890246,2.3436435070610764,-0.49598899685062614,1.8142913001198142,2.0357700454299925,3.3418215971719527,3.837606864687126,4.11799721814141
1.210220709790496,1.022644196497186,1.5762407198146449,0.6693041193661954,-0.21261180837542182,-0.14330059018483232,-0.6306383788809586,-2.211671449711721,1.8482982466709492,1.6386925917844275,3.0375465542297198,1.8465103974510226,-1.658334968200355,-1.0536887355211126,0.8968771271030641,-1.351978210818125,1.1771600839986474,-2.2054947978721167,-0.8282891593784357,-2.3859426329730744,-1.5731014805281205,0.5829749820331753,1.8790070377721897,2.002627832260448,1.8690034110281126,-1.4497707183336497,0.5317169605923134,0.8423001595242525,-1.2397209151457365,0.18249861951161828,0.2957230525503467,3.465182670226115,0.928778212616415,0.013651987790128217,3.6348551407794663,2.2096278902121202,1.053218733422204,1.447486589485112,1.0315630207412498,3.2043267626840337,-0.05739104572799958,1.1074747995724326,0.6085353456449851,0.9910674581437924,1.420271017958627,1.8173623839417683
0.7208753510778109,3.299133865540995,0.9073548178169577,-0.30939464139434647,1.4909566573103614,2.401420758308312,-1.4673481691561339,-1.531402510968129,1.8897100419334913,1.6464762310251289,1.3902477709312695,-1.3093676418439422,0.5901750985742884,-1.3327042359227206,1.9969628737016174,-0.952350743468253,2.155923935180314,-1.4611286211804488,-2.0666722032713323,-1.0040694817284614,-0.6690822360802694,1.5785613335158044,1.621737329978215,1.1111817823340826,1.2713560617812485,0.4175699180215928,1.2490248608966863,0.9023609541329924,-1.9211889733191059,-1.7140274985659254,-1.5557374489859699,3.8326930460220305,1.2586271648970968,-1.394707266415107,3.1791297325863708,2.380942313956352,1.8943998305527872,1.9511142385041103,1.6949356673388176,5.104117578504137,-1.6884007920620727,0.9079826088569493,1.453339867194875,1.5302394460012596,5.87264732185737,2.2884024126068065
2.1761289322493687,1.2355452251417147,0.5848917887754924,4.407486417878322,-0.8086871849765047,1.4021041360304392,-1.9045021937625355,-0.5228951428066803,4.180275736007397,-0.7779859975880912,3.491386427319811,0.4073132596154434,-2.101882816150182,-2.394482662666477,1.9638734419696673,0.01496285162503419,2.1281270447287994,-1.2387265402469678,-1.3643845882587526,-0.9920670492815439,-3.195160347738113,4.3006527276653,0.733571274175881,-0.09620125732577978,0.08452478765558169,-2.885809115990978,1.8211405622588444,3.9984336784620007,-2.6511713928221847,-1.2482123197873323,-2.86151158120971,1.9561675104265253,1.9932534247000473,-3.026583346127773,0.7715376278779483,2.755067048182365,1.9943282351680982,1.7029881192842877,1.0083683571453095,3.070153433054389,-0.6190107245305352,1.4025014040041468,1.212538620316536,1.6148625237243566,3.919435320434965,2.249638100898436
2.3277015662564615,3.5433076434427333,0.10353002656419719,1.6141779159900336,-0.8496319880091051,2.645177052409785,-2.3547253710035143,-0.4165098888629736,2.93201367403992,-0.33432716127396045,2.610670763634435,0.37065248869986367,-1.3552223600298128,-2.5281085000922476,3.0876029263034375,-0.9388575751965288,0.7832256609299864,-0.46172798047157393,-1.2587524094892533,0.6662695389863573,-1.8808009881230712,5.49644209496523,-0.49944616569801026,-0.9243865151552144,0.07254711750450737,-1.3380000298102441,2.026721157384272,4.877716629109224,-4.552356225369,-1.9011002112784388,-3.5425056911632455,1.8868813474595048,3.055191961930513,-3.316369906782752,0.5614230156477258,4.0054082931421435,3.3999155185622376,2.3231586790198087,3.9544903310251556,2.409192637076334,-0.5545072187702,3.608075632848317,1.503590307612809,3.041544534505273,5.863986703931207,3.998355418695496
1.1387029049387343,2.070475735655606,1.3455847492240236,1.0158944853783576,-1.0876881020181135,1.090403121003952,-1.7242456329362295,-0.6241310488627919,1.7966688057838365,0.63268070310973,1.760968193766841,-1.102245078719495,-1.9817341978813103,-1.7730982973605776,2.968904860755226,-0.4314408286839062,0.511507070277168,-1.6761522817002774,-0.7944556167467838,-1.1723135051883067,-1.9373744127492272,2.6844949923171937,0.66894486432211,1.600518085483347,0.0248105839170063,-2.3331601726630486,1.920197452360339,2.016466855388982,-3.386325925289235,-0.944073949401854,-2.1994462033329794,2.31181332138778,2.980590081059475,-2.2027083214929712,1.4997590178038653,4.536665046704693,2.795410355644008,2.47830621528921,3.37707363702667,3.1441206715272125,-1.1512773813015333,1.8511517738058412,2.623347678310325,2.1158619083403805,2.742215246587992,3.0518662550616575
1.3954109882055248,4.359657000803274,0.0969949422237899,3.0547338697331536,0.39103891258792334,3.670628555604038,-2.0206239423804906,-0.19636711111896243,4.176786984507988,-1.5119984780443143,2.6286040060408933,3.3877576295045633,-1.0441448145622754,-1.7532035050707049,3.5673097523427604,-0.65469501240383,-0.15740262626129575,-0.8040129687574296,-1.1814618434364341,-0.39386072208530276,-1.907646294860854,3.797611151362091,0.08841429777416532,0.24730771908547844,-0.48542307219651115,-1.940152254402975,2.11332203269148,3.412173011059025,-2.0383433404296567,-0.947313356407277,-2.70365657519801,2.47511051294859,0.9659951628398629,-2.4639772729664795,1.0098092839847306,1.8904555508981786,1.3217961761796069,1.0451515426399447,0.12297797213606376,2.2306526058588574,0.41077226408707124,0.17034608762914594,2.1823644579503645,1.78823676393136,6.827354649027036,2.0522243174266555
-0.08762907262048159,2.2674165858626285,0.9458536900597698,0.6511696818411282,-1.1034728190040641,2.2325614311633704,-1.7193292567419525,0.7174849551594025,1.5173683757806211,0.7404010656686254,0.13682886055442944,2.35266597250478,-1.5439994987242598,-1.8091331413928022,0.9607878728587329,-0.14360143699604722,-0.9567287195970202,0.3415743516648828,-0.7485118544289717,0.8254770276299401,-0.23178544820573288,1.6985214442515373,0.05688344892251851,0.6671732015571735,0.4834623253486413,-2.5200617692614706,0.895283905219574,1.1230217990410785,-1.343600680007441,-0.5329545844240984,-1.5871592090255409,0.8203874134518904,0.5911454989132766,-1.6907743245848506,0.16417952658285084,1.554196058605294,0.560357308116425,1.0945899030359383,1.330854770945497,1.309986428115988,-3.4878539793062426,1.0764182818571824,0.5532251661931775,0.3875013075652666,2.5518096166018585,1.2914492682805283
1.7379582384946144,2.377705045234008,0.940422462521445,1.2699820379233566,-1.3555717196771,2.7283198714174866,-0.9112759602436079,-2.3607189479806014,2.7406316776023183,0.9932137121360745,2.196813176888954,2.6005637667383494,-1.9302330925377649,-0.8089093163034003,0.800098488017794,-4.715718667876631,2.468422576329772,-2.870824398046799,-1.7733713569620813,-2.8043807990935226,-2.271738728674525,2.2873771339503848,1.6829793769398673,0.4357228491510705,1.1638562861778514,-2.1819791770174564,0.729758464313295,1.7413319018432283,-2.1434174108164212,-0.7553572306878453,-2.077449714228348,2.6411500921258,1.7882098615868371,-1.9443888810600338,1.9511514340517735,2.2155857868544953,1.7000437854496604,1.5512221538041742,1.1530913923682682,2.512754074011915,-1.4786328010061849,1.0279112907115575,0.24659048557101992,1.1132975392834785,3.035513402097908,1.5600350760237842
1.726199648814769,1.801733829942262,2.4178089766932525,0.6993123680244656,3.0800984182501696,1.9724480994258502,-0.6367869488554261,-3.1567660626978977,0.17905398786505078,2.328939503134908,1.1240323890284643,2.0012512590273595,2.25809252727452,-0.16433734586899518,-0.02770419348852804,-3.245786901415385,2.0132023871490317,-1.847286956463591,-2.345364665524539,-3.526955423149114,-2.127368822376778,1.3479254719916158,2.9171813935152637,3.1029389631611615,2.8208782838136113,2.3908917670231893,0.4154969377670462,1.6578845345026652,-2.849748477949663,-0.3951664522601074,-0.341168946170078,-0.36894306180704795,2.4375330692331065,0.15996243567626123,-0.3997220487754467,3.974036271503446,2.6476720094631903,2.5729480382121532,3.1891677766895254,1.0367966944847002,-1.6867111227580693,2.302785807789853,2.2960071341373265,1.1460114069408296,3.736018305696449,1.5405642438233096
2.2574676943733567,1.6735786377064037,1.3975521944667757,1.908652663281955,-0.7953986907889053,1.6082382043481576,-1.7400598908809952,-1.4764202960150303,2.850292665993465,0.05263225146768635,2.8481260679331886,1.7695453683317774,-1.4108410846659154,-1.917480430239177,2.559322119874252,-1.6543793221889584,1.179181726838765,-1.6853263770163647,-1.0418012535353374,-2.3135006965290352,-2.0009435178625226,4.370949811740012,1.635158575979847,3.1333877007416078,1.1244284954884038,-2.310751944899231,1.6112516146530222,3.630033152595322,-3.480566584646903,-0.9692003879668057,-4.0592976551049285,-1.1182648483411806,2.4614223821159635,-4.650425658605346,-1.6550555039887411,4.370556189458662,3.7676834553908067,2.2843869478355514,3.162362394739998,-1.4043404462240254,-2.6327321784382063,3.5314301315381424,0.08671095641453186,3.6269138658253537,2.852821334827911,4.180802422914178
3.060561485653233,2.36510318014593,2.684149851903073,4.207063063751155,-0.7083312214887317,2.492186203027087,-2.440976706278238,-2.263513532955364,3.4148408686361806,1.77409226445979,4.11184402654767,0.4098790259724836,-2.353438957972842,-2.1040513499080236,2.7401065844980392,-1.6208733829149624,1.28740516203922,-1.4091159696467548,-2.473624179313345,-1.8825520615456872,-3.542912990544299,4.333978418563552,3.1848749337021225,3.5313621494100316,1.2878889742557404,-3.16761140663367,2.2894856136983286,3.6374349440600318,-2.7691278083163016,-1.4219875779197892,-4.233583531776882,1.7619103832217833,1.6019550341125652,-4.509939385011119,1.5271886237321262,1.63781042510572,1.5620833084024932,1.4032271272862147,1.0562096227423465,0.8023662317454247,-1.6797575538419318,0.9534703120621938,1.039969844112321,1.4775893120939976,4.945949431967855,2.5362121134337476
2.3235305849028993,2.7497347801185232,1.1523405784921972,3.6768954531988416,1.2530568636548054,2.770264020714855,-2.3328649884853547,-1.1085750999409205,2.660109751050716,-0.2689631022387482,3.6128327883355933,1.1432825826188875,0.5219979077554504,-2.267411309062958,2.420794331425904,-1.4814908674917655,-0.04121659387486121,-1.4509809835711769,-0.8024483834347007,-1.602091435467157,-2.600717995334664,4.391902913901765,3.183892564019547,0.553706625941506,0.8888006654978292,-0.02136755122512457,2.4642876328549717,3.9562064522758282,-3.7394135869030753,-2.5638421618821488,-3.0170928103754333,1.7376469101561967,2.859268253371055,-3.3879894490097255,0.9985806002429105,4.773988169386234,2.414247622871917,2.7497825574225385,2.8200981183933855,1.8107257773038317,-1.3544202066285531,2.3078817035461663,1.8241111931112481,2.7668214358180743,4.470130304100945,3.1425522851373002
0.9690185807133112,3.5618723683131965,1.0725367562973616,1.1423773110408928,-0.13045531918671405,3.391266389728452,-1.8530993460575782,-2.0481005700841344,0.9089005990780146,0.5456686024895101,2.0073288889606173,2.1626111503055934,-0.4523762841819886,-2.043969102421217,2.2953459703777397,-1.4921022876869747,1.4157550759764717,-1.8979788371662818,-2.347375821720682,-0.6364617081155841,-1.6927816811959342,1.274227169716652,2.265861400603927,1.3084756935841475,0.848866915755951,-1.177446489265974,1.3316997653893132,1.0745694992179655,-1.4172827364415481,-1.09661408448708,-1.7619000786221193,-0.6075925594101992,1.36401636028195,-1.6783480932687023,-1.3986802014291342,2.507547221350123,1.16717164367766,1.562710302223161,1.9081266856886883,-0.3465198262657554,-2.8949448263153776,1.5202830675753312,-0.604626233544719,2.172630573988637,4.88061314792181,2.5716742570893674
1.4768441705763942,1.470965960396186,1.303290278734236,2.261978715339282,-0.7706289999963969,1.2573765193717104,-2.09221393464278,-1.5663328181743479,2.5026264717587594,0.7764278110942678,3.345224538860922,2.4749783012876154,-1.907410450993558,-1.3928579819032085,3.1247240397128997,-2.054702052193171,1.1716060146247436,-2.3214970898927243,-1.071936860038373,-2.0532456480821346,-1.2925622506669745,2.4615010007570524,1.286206532187822,1.7413839253452517,1.502788523711318,-2.589750820605385,1.7384804621595298,1.8304647459003853,-2.711248887258262,-0.08667949920493467,-1.9932492693733648,0.1652320199538979,1.7040907957135434,-2.0167011415612848,0.180786053033981,1.5525642865409561,1.506295353222482,2.408114769805571,1.7670135522604402,-0.0808878779808011,-3.2923689800216565,1.7932780890352022,2.0797567107966124,2.1868347069609606,0.7105860748070056,2.8892292426961443
1.1970442263439172,4.3202871517222885,1.4767693850074122,0.5734351824956225,0.6949227093759608,3.791328921925694,-2.8757470266293383,-1.618852790467125,0.2396328748280112,1.6606151224139438,1.7036896336449263,0.34488647287343177,-0.5274420748042823,-2.519571796568263,3.4113434636820257,-1.348632756363965,-0.1784320368482708,-1.3403788549818492,-3.5751433348653796,-1.1323092687775542,-1.3012999651806068,1.569543202234746,1.7888231790989375,1.482350657448952,1.2954685423852053,-1.057496190069627,2.2699390503496875,1.4492364154779664,-1.1640727473702082,-0.7481273053784573,-1.23316528766121,1.1581978730539741,-0.4134902726336014,-1.374290358887638,0.3463174031385985,-0.05765773874918878,-1.2957153095584055,0.02074042140566723,-0.7870742080301305,1.8521118716368614,-0.6060935217512868,-0.6849626856391136,2.414579500381092,-0.32233334482048015,7.466195439305908,0.17060666785884449
0.7747766548581809,0.2692416415130221,2.3102102351242793,0.9741536160417295,1.1597339764749752,1.204186169714041,0.5999940561502157,-2.7723508814012336,0.9769716767242926,2.44519796979285,2.837194252354726,3.3980425238793686,-0.8395746711817256,0.7323703185345825,-0.8079136640740365,-3.0489927815275815,2.3769203980869973,-2.228955650401128,-2.043847551200484,-3.19312725960505,-1.656913514305362,-0.5255297692038314,2.826545795845947,2.852517005568412,1.93018015777016,-1.7657766274773627,-1.0639405661375712,0.08113685970156026,1.0927972347002572,0.9661540903780377,0.411862367958129,-1.734398922115936,-0.6306933499044747,1.1395783647210864,-1.0850630680324145,0.47425503928400947,-2.367752764295453,0.19292627101419835,-0.8213088961383062,-0.5631138194362573,-2.5846496339041645,-0.12243025148604425,2.9973455295099076,-1.233416521759929,1.4153276269981747,-0.448265961242966
1.2940317781067432,2.3764034090286064,2.320932706918343,1.3141731581623166,1.5817361256443219,1.9655455560899813,-1.187917624650033,-3.4352323945526937,1.99367489265761,1.8219750320597141,2.580110327294525,1.1871325264605863,-0.014183291648800944,-1.2921612641026334,1.700493553563711,-2.7151184962496804,4.013219611497568,-3.586792408311959,-2.113146367358544,-4.51391440466597,-1.9952384156858614,1.0582807118965294,2.0036690303582425,3.3275903243299885,2.665030909052491,-0.9690262091326969,1.6487124504009356,1.3585400879507503,-1.5381859311725288,-1.4966502090599576,-0.6443350004954903,0.6994784437700633,0.6724117646158816,-0.821855184414919,0.9071746376711484,2.2475970383564214,0.5672752133152585,0.7033263711791401,1.6245915047760837,-0.539444501278455,0.38922718677199364,1.397585879582854,1.4107821586276135,0.5978051735124081,2.1825967593274544,1.2699294693920664
1.5874717081839087,3.3256172930581416,2.0893660839950376,-0.0048469975192722,1.1936307818273333,2.8221996860471297,-2.397759993166851,-0.9653478636262083,0.261464817901907,2.1953551353133944,1.5485604216273814,2.8345759583499888,0.4692756916177139,-2.993475002380422,2.2167326914910284,-1.727882682436761,0.636692436839061,-0.760832398771155,-0.23992720846723614,-1.3510512099597876,-1.4106513080494225,2.458696274014781,0.5245556863008872,4.737295746939345,1.4364495755059787,0.3216818741237013,2.3778873008156216,1.7866275924009185,-2.5861771154304014,-1.9193278771080229,-1.8122725452560835,1.072220882705539,1.2667348530526317,-2.1354880480093454,0.43406119567059387,2.927615579554482,1.2227849826278567,1.9036507419276,1.785602992417477,1.9271136379644918,-0.5302959915835361,1.4835059424573562,1.4809457432518456,2.421335647563992,6.568239607689082,3.431125691230182
1.004936800979174,1.6790297979893125,0.5451042891355897,1.7212314832375255,0.46678777033905655,1.9995642147391999,-1.685787043254445,-1.3272673963641453,1.0390605907542887,-0.371335079893504,1.4150834018381078,3.5125002912087115,-0.5890850575042179,-1.2695723742391292,2.7181143200743443,-1.5270077256433086,1.6329313246087598,0.034956785723784245,-1.555056380651195,-0.40203557957582237,-1.2010156794094509,1.052568644180709,2.051161353398469,0.7582473135443812,0.3192029840465519,-1.387099583309115,1.9951665403481114,1.3123142043676421,-2.208983499832651,-1.3568071054480078,-1.437199720273967,1.6225938920910234,1.8251461599739833,-1.1719338688190102,0.6890389845739482,2.744639466318725,2.303955960290206,2.2867880606230204,1.9968552363282015,2.215771799323864,-1.58107247560604,1.8117910200382803,1.990286844926607,1.9223471252377295,4.093311564995266,3.0299695820573573
1.8690098894851626,2.6361432723223532,1.8399355854643071,2.5437998145747693,0.09657266232760722,2.32308573498055,-1.064427964648815,-2.6968393797562964,1.7367284600729604,1.5370932888387574,3.3296581818192217,0.48374840830260024,-1.3632490181303258,-0.807435911477835,1.5794243035055113,-2.5864448499027386,1.3581210324789175,-2.583961885011413,-2.4111787038123005,-2.1311510951644883,-2.081560162212312,2.107538487055442,3.2954547194993964,1.4117199708828891,1.4019770265795992,-2.165304625119416,0.7019145788424656,1.810230751129113,-2.281902706334361,-0.36203101457477127,-1.5584410712558014,1.0576475228751891,1.3012104010437178,-1.7968685681966063,0.4626028077231298,3.111153697250801,2.246377735577651,2.216010803982203,1.4811807493526736,1.1495762836416787,0.040063956034610104,0.9589679904026124,-0.5447184839308099,2.7686293766878802,5.545399780938983,2.434017611938568
1.3783133551668039,1.099580345329054,1.0972362337573092,-0.3421305007945872,-1.512976048025159,1.5323865468037405,-0.1548334550426831,-1.8232600655590618,2.000499060010562,0.9693203127264345,0.7399614692771144,0.4924319697635756,-1.8123099820862842,0.20780250732104166,0.42957055490187046,-1.9734858730218965,0.5036022047524582,-0.851825732352181,-2.967141887635553,-2.9649215288099224,-1.4507565174959847,1.652209819318468,2.398811589503046,1.4956861983666392,0.13492136773557972,-2.025610640465913,0.7934114132880521,1.600844608713727,-1.7587521290168382,-0.833044778033101,-1.3281556615333057,1.7618569830684223,2.1023980252216266,-1.185522190587547,2.0023146590938232,4.159507258275253,1.9506135840305299,2.2768053469328478,3.1105203876189034,2.530994705990432,-2.691309415748666,2.52963585652,1.2305559284611425,1.7940087224874688,3.725023755428778,2.265290395365586
1.190292859708511,2.6882309028826326,1.221792263444976,0.14503653780663694,-1.4239529092361898,2.28937558905337,-1.1656682158685512,-2.0570745231549035,1.3998457735650898,0.8037929714684449,2.216400235710382,1.5382007080480478,-2.7187217742418226,-1.5743480555038674,1.399829769239516,-2.5155441224836066,2.2683938038186398,-1.8290093650507413,-1.5824538255761291,-1.9388106802422767,-1.155969475222506,2.1961027738577914,3.342554570878103,1.1550412828015404,1.0010084210648802,-3.3843600987905536,0.41422510649391986,2.327231564942887,-2.77131099839903,0.5548495883329281,-1.4572212805641998,4.396747913481645,2.053867520918274,-1.2739420702579694,3.9188350912001573,2.3604570618330176,1.5589772795433818,2.4887332302557543,2.733360097088571,4.791150233154033,0.13310858424630734,2.129860135274149,2.820629730876541,1.1964830256783017,4.34626670450758,1.2194922090365736
1.401137820828447,4.425656308774306,0.5224360869893762,1.9951534090925531,0.8665175634078666,3.7277916615713123,-1.9672359043012226,-0.8513388638271557,3.1976980885191657,-0.5501204667076744,0.35276905093357125,0.3073193358298867,-0.09206917368293277,-1.7806702607237248,3.032132973716277,-1.4598150053467176,1.7039420881724858,-0.35482931482688085,-1.4758319516176246,-0.6970287305639042,-1.1677860111290412,1.9203278308723106,1.1009071437905886,0.7166866710238402,0.18304557262048937,-1.1434888968875871,1.9288679880103037,1.8688383532216728,-1.409447909759096,-1.6501960158091191,-1.6645882676023729,1.286583763228831,-0.06606586274101178,-1.7851936230882033,0.01766832978176902,0.3522917467486322,-1.1772531258055485,0.5666829407570305,-0.24329009222680997,3.0787707993542757,-2.8682767364550754,-0.600800783221221,2.1535753904371675,-0.3344750077831451,7.964496401038408,-0.009034636918647143
0.9413189771880424,-0.41229841428882263,1.0235838255305074,0.8663997977533963,0.025689217863143377,0.30565954832040876,-0.3150025063710342,-0.6922668674460627,0.7517803383224295,0.8952498619114952,2.4379149169840875,0.29386779553337017,-2.081854791360659,-0.46394709376284227,0.563030039618174,-0.9600860393631377,-0.054622998795766486,-0.711153931882221,-3.143482827067843,-1.7108198389186284,-1.1433805766283656,1.685103951845008,0.3258719025427095,2.5777378605374324,0.4723882332174344,-2.8006197908344608,0.16175516299481063,1.086750272911089,-1.192383117859896,0.21829690268656,-2.575550461088719,0.43063476283951796,0.47970806134348454,-2.84592628322152,0.24856538328543598,0.51996785759575,-0.3450656834472162,1.5962453975113644,0.3977234712889881,0.017233469905801435,-2.5934717660743876,0.8378742483891545,0.8954349099364205,0.6452630310742357,-0.40189401100287103,0.9778168087714778
1.2223642840376063,1.5851111177807204,0.7830525700537752,3.7060521179170025,2.7135786467892022,0.6212776420208319,-0.744276760277158,-0.02270097649148939,3.884652682458963,-0.3716936732985725,3.441712069480518,1.830841949617307,0.9058337723814982,-0.38828696410005215,2.029252428638791,-1.0679823313292351,-1.5168166933322165,-0.3923982291532807,-1.3858812082039642,-0.813965852488214,-1.9891804913419773,2.683408441652229,-1.6990609162198425,0.6197290759926366,0.9667349886683501,0.33198627435292405,0.9523088117185567,1.8443792346429988,-1.584793643744936,-0.19262341153591067,-2.549362837496384,0.8190890242225254,1.1728468636006042,-2.5552924117091464,0.29699543278227825,2.5363532129447997,1.542138881755311,1.524138082881729,0.08348863650130744,0.7445517272626954,-3.0285208226569296,0.3919886498388747,2.182698703195499,1.661393658215072,2.3409434573030206,1.880604685836314
1.1838633528327502,2.4653302495738973,0.46993898026343794,2.061245875962848,-1.1658542170714505,2.31749192401647,-1.57776789422454,-1.8867976585219965,0.6081659011918508,0.046407539293914724,2.9306750484250914,3.191255469609254,-2.0404121921718072,-1.427130284725256,1.7367377412053053,-2.67687913139666,0.23731062018354088,-1.967140684007195,0.04835021645879167,-1.7230352656613024,-1.692832079037302,2.3037758191409234,2.343219505728814,0.1923398875671236,0.3428660103088541,-2.5749491063678436,1.4774349896752297,1.9918026288438824,-1.4603923261278786,-1.2808478341823526,-2.303362900935212,0.5786572023757448,0.04526275165876115,-2.3850260790249616,-0.2485515974964818,1.8141708414211757,-0.30501630089084475,0.5067930974806286,-0.5501833389690278,2.108054210744276,-2.4494682307252793,0.02508981059619786,1.9174418460308869,1.0413802532146714,5.867333509501316,1.072639979389226
1.9134492497802111,2.738287529446232,1.1992314440266256,2.5334492516474616,1.997351979622712,2.6005308110090253,-1.2772776755516422,-1.7416029334578003,1.9157104537397873,-0.1321807355514476,1.7051489635531918,0.18546252650393025,0.7356302859248587,-1.0619084157189032,1.180197964952301,-2.6144550176998456,2.5162139622388406,-0.9309181060652121,-0.09271772324983973,-2.805893653493567,-2.182986635155761,4.556941697915089,2.001602516921375,1.6036959280085965,0.919064186037824,0.10901711365328604,1.3672668379880089,4.303254278627017,-4.461635296663494,-1.1907383356829522,-3.53844801950116,4.45379976344927,3.578965308252307,-3.202880004490402,3.675363881111294,4.585612465316448,4.062378700951452,4.271575104001478,3.342991035974433,4.967389608379844,-1.0447676493872766,2.840007056887536,2.164087730432785,3.704702880111165,4.407151238235065,3.5676581809700223
1.8500854398432294,0.7046914651957614,2.0355281059438335,2.6558322063359627,0.5507667641718462,1.2527459549182072,-1.3490686371490825,-1.5712246586059027,4.526429928179789,1.3456580583085258,2.47595572672743,2.4766682534471527,-0.5027022711295599,-1.0757950001910939,1.977291789505436,-2.3841606163078097,0.42818052048268573,-1.572530863649332,-2.3861324593478814,-1.693951478508957,-2.3417656804048037,2.8470559547359304,1.4912159917675067,2.6584273681942587,2.1360357723755365,-0.8396143571603315,0.5237823091163025,2.5882068432938903,-2.62608844564111,-0.934378100765026,-2.2239093032757657,-2.177456620799454,1.8738483091911053,-2.5453663870165015,-2.0201469654399062,2.447797887619744,1.8509323337296673,2.145492001386153,1.5713863773268495,-1.944006837202635,-2.815250676120902,1.484700613025063,1.9790351775650283,1.9822383699163233,2.7683079591752042,1.8630738564011282
0.20046256588287226,1.1003197559969697,0.7597911243588564,2.2234065791012023,-0.30867823234129477,0.9082567409035683,-0.8773877137909399,1.3130728577580562,2.6892170264779547,-0.07013589508672913,2.3224510895070125,0.8769864134169304,-1.9471026474506294,-1.3120662005592454,1.9636293020531141,-1.0760032542861269,-0.24625392163586257,0.05863799717389062,-0.8531766650077041,2.115957394128883,-1.4662233986564506,0.7736417778468874,-0.8918683749275691,2.1371560951610604,0.716125242609687,-2.891047179468571,1.0970153602565782,1.1079495719089452,0.33874271564265857,0.8784382058893796,-0.7110234439940687,0.2197093904389127,-0.0610378598885033,-0.7826201280103869,0.19086915628539947,-0.40366923539325983,0.038930808716819865,-0.06211651141936292,-1.1264857611747214,0.18952262096360672,-2.0511663424349105,-0.21828800177723862,0.84489882684086,-0.4459684132173418,1.0477854597963034,0.34719131236914413
0.08142364225896737,4.301353858255001,1.883067249726818,0.016998182125560035,2.2830897765842755,4.030990569770835,-2.757207273114405,-2.559997341301735,1.5582062735772033,1.9274694508315213,-1.1412536187613944,3.175773395523297,0.551994590547586,-2.141798616263848,4.062293804213077,-2.9109764751946665,2.6005191429165118,-2.3398093641418978,-2.2561626199414957,-2.38458867579398,-0.6802276333959335,-0.4374463814520073,2.452476287857476,2.7866397417841187,1.6308809594261329,-0.723609021731404,2.676930611964771,-0.3185024197889208,-1.0918371761445962,-2.465903817715656,0.6380682621225973,1.9703810813055007,0.3679773706106857,0.9787817177085065,1.7821467598602352,0.6272123670540755,-0.2559417879656444,0.6441046203884238,0.6329728577142677,1.165186995960989,-0.7219370262233317,0.2135013732364881,2.9420383122061002,0.3995388076525847,7.1562663723211895,0.5989739696675874
1.0935675819910131,3.5388080107161617,1.8139860409360826,1.1792106627401162,-0.6638539804111432,3.6443645299329006,-3.449265035580118,-3.2122714171182096,1.6113865500139815,1.3880108445305321,1.4611924927891153,0.5044112992310154,-1.5014219627020446,-3.6565279262252544,3.3185360869115774,-3.085592032031209,1.8403537396118543,-2.119947210674094,-3.4578103193921312,-2.491119093108345,-1.8748409949808968,1.163238504415915,0.6933202850551136,2.4509809020885127,1.8975221432111555,-1.4927520430397532,3.3011986654770964,1.2944804504008696,-1.4719832700661817,-2.5174509372367027,-2.682805287735099,3.232297474923114,-0.21223212966622684,-2.357844561702707,2.7376310544403712,0.33799259161246376,0.8529035507784402,-0.14289423254414024,-0.9530227775026308,3.5427897560394643,-0.49087246270393536,-0.5973703794057874,2.037314808993495,1.283558286747572,4.644906873364288,1.3477401499240063
0.3039450774336312,1.5854734484083721,0.6389126926025358,-0.07257901068782924,-1.0542011774779159,1.1564621753350859,-2.4437600750208,-1.3687913066162345,0.42211334582757964,0.5901560863495776,0.07926200854674992,0.9751636554936841,-2.1288552430099763,-2.752585529548928,3.26794918705983,-2.335476577358386,1.9773160532596543,0.029850827375731415,-0.6586662692302194,-1.7112477926525202,-1.0633879943567186,-0.1365927911925171,0.8421304841926862,1.5432720114828298,0.5258947323051903,-2.3092425607488494,2.0117847343860884,0.3082141926967008,0.7655681914693109,-1.7140641955450162,0.38687129497403094,3.5469953437897574,-1.7838395789214125,0.4101287688408961,3.3403837109900545,-0.4741168029339238,-1.0298460968242584,-0.8246673015146884,-2.6054568348102833,2.9267806011440083,-1.3052363498362598,-1.6447285482285716,1.2622945574727438,-1.4655145107702765,3.0089611535538,-0.9971886035004367
2.246204870277935,2.302710400421949,2.59151871851415,2.28769135247438,0.4956402967280055,1.3770315011101406,-2.1997204691927905,-2.4144039799799635,1.5734255866311848,2.236152018212719,2.7847644248947665,1.3669433643279054,-0.3638168673034199,-2.2908027267832756,3.0441444002022555,-3.055383070352846,1.005435195466378,-2.970666536009825,-2.536361655234309,-3.062318802353425,-2.2866094114195086,2.81908261538643,2.5219402272171267,3.222406298992343,2.864196124796724,-0.5805404567995491,2.579588748754195,2.971787320226131,-2.0249680651081694,-1.8678512595256174,-1.9321066674740903,0.29523876709195007,0.8622519889146149,-1.7277347668983873,0.37226446599095053,0.8178411149671097,0.2603338042955591,0.9899107209357108,1.06286023693694,0.8590574044363224,-3.217638047124983,0.9744206339302435,0.9378313380184914,0.42274143114860946,4.415622091657299,0.4275971144932911
1.2360037751709034,4.220076855617057,0.043048110232379644,0.2306310800865119,1.366142121470399,3.5723144938660836,-2.8833383764961544,-1.77828568022002,2.6330838530725558,0.030384475188807714,0.7056064742183263,1.3881705556750135,0.4333635913160079,-2.784934037517885,4.387590652020189,-2.3069707432410036,1.6747601713393119,-2.301325017192659,-0.997601883482035,-1.8951665973297795,-1.256416175017226,2.5553042376280226,0.47899875250509183,-0.40628164779186227,0.026837940536186267,-0.019292358864963832,3.1699800856600495,2.146748158149064,-1.79701405833782,-1.5305438573358718,-2.463170988822828,2.4774631120004917,1.2479369190180192,-2.5846102147324475,1.0942478446075772,2.34152485415234,0.9046809321882295,1.1414486757387565,1.1522560515571367,3.008114673491737,-2.6686057593692105,0.9251378805095907,3.0691097627719364,0.9108764708586878,7.6778806645625455,1.42655236454917
1.492717718103482,4.184537540377322,1.3184045724504179,0.7042766831452928,0.3489368192930021,3.389018949478044,-2.6647623908688907,-0.7118350679540225,0.6500855383670963,1.0739445053163699,1.3780391221365234,1.2840740541206086,-1.234393687114323,-3.0816864811382207,4.000279936770464,-1.3656525891060165,1.2347136431767345,-1.8439478137857797,-0.8105556857425801,-0.4840627718272468,-1.8255769941557907,2.102583516531486,1.3214129135030626,1.2037551110167066,0.8540384194279864,-1.9784079336084965,3.1143963812030235,1.8640230341197288,-3.211374898794941,-2.532925317362153,-1.8268688939568036,-0.2280963082615468,1.5263459931875873,-1.6103044410295966,-1.0738557813679839,2.770510374338612,0.7739509812148643,1.7020415984290493,1.7585181206533818,0.9781640335356657,-1.1678783438238456,0.9945889794389505,2.742199059728039,1.2313236138499022,5.4729737974929895,1.8884485554205757
1.2629787601257363,3.548908746228693,1.4303415142476437,2.1699117397091627,0.48644228071606543,1.7318839072262464,-2.1403462104006272,-0.3585995377204101,1.546455346578831,1.0258964604947671,2.566555661864274,1.3243119711365963,-0.48142419898632516,-2.010025168532657,3.283378383840466,-1.6695417623097457,0.29713031933712264,-0.4452488882461526,-1.4295366541059713,-0.8799138199045814,-1.8475942176988802,2.971785295172867,0.7698940034440394,2.564398536298592,1.5161752859787294,-0.4011581735410086,2.7124563940789286,3.1013021896056374,-2.397150881240851,-1.6290064724895421,-2.2925974484633507,4.104240761688054,1.561906975517331,-2.658006177009245,3.6063176131042827,2.8789718202897405,1.5331688429853587,1.6311260985260447,1.712575340229821,2.7683160198010843,0.1590192715532206,1.014839742952039,1.5468038000770246,1.7333443219844016,5.717854953433942,2.530836555498576
0.20498603900386336,3.4300377263979778,2.186498862390775,0.3667327480856162,0.23675856457185987,2.7648710481787955,-2.644741711240529,-1.501958403703762,2.5227483470331498,2.587322733175173,1.7730110005208746,0.5411107598488586,-1.4094553540795145,-2.8403247701935035,2.8821430626890745,-3.330296155911734,1.5945368707371168,-1.225117913608897,-1.434747146245827,-1.1159153115865146,-0.32549385294795696,-0.27484502665523447,1.1479524719770167,3.089155987598542,1.599547317182049,-1.7643261559713512,2.7137223518485003,0.6107953021342007,1.1897099886489226,-1.200554733507102,-0.5153383223128325,1.3332262551083367,-2.2667547255478886,-0.6089431746745965,1.137087696744297,-3.3997331619134665,-2.9650996579627185,-2.0504174785252545,-2.6732135088947153,1.2189311171494388,-2.049464335147028,-1.910044481986096,3.412069788291724,-2.418775774640527,5.913049404374739,-1.2514030281265494
1.4032856969852159,3.104860888249405,2.505578152993732,1.4799541790840003,1.2470571043737304,2.582916970712704,-2.145969145088131,-4.018998698453219,-0.4352825215541172,1.8026024504616127,1.5637755371606967,4.092110074940872,-0.8222513686051782,-2.8108643074097728,2.1856835096100533,-3.1400047303822856,2.062706540102327,-3.067545306316335,-2.9986402587868355,-4.183657210197841,-1.860995546759876,1.2097269357609264,3.425595555888048,3.764536941658087,3.13404620373547,-1.9475764871625576,2.0269315165245505,0.9254827428386736,-1.482430150011365,-0.5626302383626421,-0.8403188947617812,0.9314684222411501,1.119339859734003,-0.781746582747703,1.2460992679512706,1.8360082615546554,1.38322198365651,1.8351545600965748,2.374135190720806,-0.8799227320366347,-3.4999685810947776,0.8618875445778384,3.0226692294574886,0.6268379451926372,4.234453775581355,1.4423717250302732
0.22664597228856564,3.927160302525975,0.10699825859004886,0.9743532889440275,2.5217155798395314,3.5975144679138484,-2.0013840219263708,0.92498690246852,1.5558555793282083,-0.5479676272971399,3.3492893961418773,-0.32924804565321364,0.482039350472099,-2.6201279872633942,3.4214661344348727,-0.149742191965055,-0.8224916415376633,-1.4315446719985663,-2.6967632683031852,-0.03596100677745917,-0.7597005816420678,1.0600509555805877,1.041113509929555,0.06603128586814178,0.42853507361742327,0.06854553215681136,2.829094207063074,0.8923686680289002,-1.0388034466173475,-2.0127413160189,-0.8349742276816502,2.5436269376566987,0.3956937265217797,-0.40905931503974235,1.6143469747076522,1.322183837116531,0.5786617606723511,0.47235686390190046,-0.20977571090036906,2.6041140476419566,-2.0321785700231763,-0.44223663395497215,0.351110661376306,0.1637956821771379,7.232988374863666,1.1630289201603647
3.3197385013511225,-0.040703280334195124,1.742427408902218,3.3617095157228136,-1.334783135217397,0.1543103138846238,-0.43237327388724855,-1.682687476808793,4.450548631725609,0.890443959770381,2.8490278212682547,3.000426105309147,-1.8012794611682612,-0.26950333968682005,0.23631245763378073,-2.1741598043942143,1.3484421402431124,-1.637819568094812,-1.2471483088757351,-2.556420530577552,-3.2467685412511784,6.092377036449992,2.2068230814924683,3.5885643176393343,1.8047801499539582,-2.388211741982558,0.8321652527260557,5.2118141153278215,-5.57491444293906,-0.5584306804016133,-3.4567410521905275,5.884490693527634,4.984057743863444,-3.657915650329949,5.625827876203726,7.130873615735181,5.699335075559346,4.614300441842641,6.289997187839474,6.33064042684605,0.523014310147276,5.216027202052972,2.5467098354545006,4.311350499343822,0.9740306914490628,4.741807607792657
1.132557399963007,2.1077328658158545,0.9644749385015589,3.0511917387433165,1.08534671659759,2.123793302279844,-1.6417469334110542,-1.4280448788704143,3.600520949470642,0.03959529334298495,4.257288423474663,2.7089806043379783,-0.1605250097045161,-1.1782733302428186,2.4059196909826803,-0.9595675610893176,1.3860124126167765,-0.29945501996494883,-1.427042344443783,-1.2855160544263213,-1.4828706623954626,2.2399086223961038,1.3659668941533838,1.099211193310463,0.2145900377265917,-0.6973301270742297,2.3661468160147203,1.5906000093072759,-2.4291914225239286,-1.4801989927078525,-1.58544592914487,2.12084682921126,2.126070481386929,-2.051007456126423,1.9405650734298474,3.6670215204643624,1.90678371203621,2.0212669095226827,1.5240098171070344,1.0430358272419014,-1.816086176083453,1.2827789365940643,2.6568208400452424,1.9260577127178042,2.9228067943032654,3.0857928168864706
0.7703343671547035,2.107049917349703,1.1398809951420594,0.8719972892193779,-1.9136651606611452,1.6761266916075082,-1.3501430005831516,-0.4592425890421077,1.6012442905644768,1.2125525677552271,3.3557721122653232,0.8020852147730465,-2.4856889527325965,-1.605005111416275,2.261647147843482,-1.7875640721838029,0.5829189550468213,-0.7629696546065406,-2.3660507147413385,-1.2165128050405887,-1.8468286743918063,0.7187829268177808,1.4204547082993855,2.235256469207635,0.7549755795202464,-2.353704903079207,0.897789910326792,0.892464590470492,-1.4297242789700677,-0.9879125747294726,-0.3783462006391116,-2.99449103286251,0.2108094541560679,-0.08414576214582414,-3.5679158263346826,0.18764502827299245,-0.2600841137905928,0.6349710599334343,0.06163789524161434,-2.632030613585629,-4.733808961519027,0.24472914644990607,0.7299204614624206,0.30974369793907186,4.349402254833205,1.0891544539358764
1.291943223695236,1.8225101251817624,3.2345475249155697,1.8150071164874455,1.1452046998869823,2.002106486038602,-0.4312493406012643,-4.246103966662274,2.9197848764090564,3.223333231659069,1.7028977383735167,1.5054433999990677,-0.2675492896044753,0.06207963335750932,-0.05460229156471197,-3.2175845861774874,2.672051522319495,-3.8583607213158295,-2.2880131943577795,-3.464616530454019,-2.1225125844837383,0.756570950933551,4.691721451524087,5.076184471965755,3.477466144708889,-0.9335643067303426,0.3688294289223759,0.9073688666509325,-1.0435879216161497,0.12090471521234325,-0.8819739614066314,1.1526211375458857,0.5378765934387721,-0.718103884774901,1.7245412665765465,1.8082847618740239,-0.17377538971160178,1.1615037907388437,0.42217305102352487,1.482298912923478,-0.5935430758802752,0.5622578834254819,1.3152527244912804,-0.28040734846338644,3.732821845739855,0.7448597170726463
0.6794845218920542,2.3548654190675298,-0.052507607122085354,-0.9533887588619052,1.126784677219037,2.452611155524885,-1.2052844681174868,-0.10130403809243904,0.20571952026189422,0.08691259464026069,0.8566921735828579,0.4255098111986624,0.04114929845549331,-0.9344116206961943,1.163277105974424,-1.3273254158415797,-0.125109968479989,-1.4993368766086275,-1.794905181698561,-0.473449871995943,-0.9442727689817563,2.4268519463188944,0.29630495783322086,-0.8773683019399832,-0.4436794005654465,-0.23280158757488567,1.3943902705648032,3.201131223798912,-0.7104869713821562,0.12826012483590965,-1.7175367736411247,0.7113444465472141,0.1320030556874725,-1.642563717569134,-0.8021792551736735,0.26022096126891947,-0.48379008746645036,0.5733630792404402,0.13430668443671656,1.513418436305217,-2.7293339943607258,-0.1797803835212599,4.650424736615659,-0.8169987012567672,4.173033377213789,0.2595761625073143
1.645184338617309,0.6303625669425803,2.2082703025704884,2.53989188823883,1.3155332032318432,1.5784788627064499,-0.16003452377917426,-1.416903319074858,2.7835326984360895,1.284322902957384,2.924289536867983,1.6683313482807196,-0.7460962494331708,0.15200978166812962,-0.7182188822824662,-2.2790136187247816,1.0481147524307133,-0.8149597564590719,-2.3253755638141853,-0.4345489322326399,-2.060636359009641,1.6161814251927653,0.7483574274527762,2.996535954690079,1.1470425123465968,-1.6649851798422577,0.32135085847542455,1.5436045364460158,-1.3287238024014907,-0.323025779141062,-0.5113317234883474,4.430894575429519,1.4459599966696661,-0.13676892275347696,4.929452532725402,2.2421333622852,1.2492698586024518,1.9556848817003816,1.141966052102616,4.240177192817827,1.1466865809669706,0.409356686595021,2.017523582528986,0.7928754726486917,1.7004776394313927,1.5845045963467588
1.356044455900037,0.09818019368454656,0.9350417442633179,1.3307428690394392,0.08583839501313303,0.7378617438781252,0.19540004989348136,-1.2182104206830147,1.9700086296903494,-0.21772357340109516,1.8760305392806522,1.5987985270622178,-0.7449105594103913,0.08142532347672393,0.29336220727515383,-0.9918354123910527,0.4621220243037968,-1.1454992463983806,-0.6533914219342061,-1.4749382195486378,-1.8600478840306032,2.773636602228531,0.9964947126992569,0.8692626586681012,0.04869477659859922,-1.3556039151008556,-0.18504924365781683,2.5951709408755033,-1.847287716812844,1.2271399013394146,-2.3078845246231294,1.6332127500207803,1.110784981087227,-2.5727552721359297,1.0255576095925742,2.0169170338759654,1.0530714382280948,1.422061559689934,1.0138651044280207,2.474588213794113,-1.3351061054369708,1.0778815690650687,1.3090315244436055,1.4085586903343175,0.5911288306970475,1.5707811637871625
-0.031455253476122325,2.683104087460362,0.8901939587147337,0.923067895893606,-1.3962437247806148,2.019291258552909,-1.6597561905614828,-1.8692391374556248,1.86291120656073,0.14279571403399816,1.8665507895693854,3.8690379435719224,-2.5601065046261255,-1.3467987189482333,2.6521175064884215,-2.0317467671848455,0.6990487309837755,-1.6662708292341986,-2.183590721359116,-0.9822283592751105,-1.1357402861642238,-1.28167140029574,0.436937345946392,1.5170554764351667,1.4638234485929884,-3.672502849146233,1.8498870997917134,-0.775436083914675,0.04273346148137569,-0.9911256341797835,0.9755913488573624,0.8993861800884065,-1.3300066551138459,1.1785814309899654,0.059132505590303364,-2.155209278471783,-1.4781232547458112,-1.4355556269889964,-1.8774149408617375,1.5039088808008754,-1.6587191261158545,-1.2949951906498303,1.1584278823420786,-1.6536853095494743,3.61266650605486,-0.8434619439751616
1.4925298898516166,3.052635810065145,1.611878646119183,3.099117476993268,-3.289810609772976,2.0176943984955362,-2.793906091696952,-2.6716539260331498,3.9471562629728405,0.41413058877029085,2.852592030884982,2.0558130072350433,-3.5135334878358546,-3.0832448446954883,2.7997717099052633,-1.6935259074360434,1.8013092293529578,-2.7395907406395663,-3.1227589487998415,-2.8819876194460594,-2.4513046474430404,2.2607644089000956,2.4089372170778756,2.3123883683035036,1.5455145026944628,-3.861112591046482,3.1720577869671023,2.2642115805893277,-2.367240905834972,-2.3865497440983505,-1.4140090521052966,2.5122465158170972,0.990697955986968,-1.2106986222098712,2.02460310308457,3.647219155131869,0.06470124986184789,1.7017818281904151,-0.015558224787919128,2.8065488400482863,-1.940621344386884,-0.10003399304858074,1.778357152129781,-0.578937339037993,6.2906028153369355,0.3660597635254397
1.2798122314117764,3.439976697323243,0.952660820382208,1.770786478349695,3.0501572425294943,2.8144998721627226,-2.505499258668231,-1.677644058789388,2.6706490125155,1.672654495115335,2.001343861431482,2.7230956612918353,2.489978112517416,-2.8414008497922847,2.2715336418927166,-1.385773013044121,1.402073462271478,-2.999112001926153,-1.479731334564257,-0.6793525485672578,-1.463336195310395,2.5976542220533925,2.6520990703247502,1.6945836736400581,0.8983717487078741,2.048343535311868,2.1772299179441363,2.4892926217192164,-2.9079017348988536,-1.2552687452435929,-2.077443620349786,2.5004978033649965,1.5943104945502524,-2.302060020150872,1.6629528200965482,1.8620725080106149,1.1944928442981757,2.1046557020910153,1.494330978658673,2.4576596666484454,0.19828777904246886,1.098458915298381,1.9101453785063343,0.6776774839282218,4.951349319188583,1.9043176329739355
2.438685445329077,2.4972951640367596,1.332446720179825,3.623800418758074,-0.8257195462650019,1.4714702012480383,-1.3930576813995958,-1.7582108000792764,2.9806777062375867,0.26259653000709393,2.319296596206204,1.6328739355998902,-2.0930410821725265,-1.2669112428032276,1.8420150409324925,-2.0984996053559297,2.291865266939043,-1.2561583486859709,-1.6098355098941002,-1.8230247846204168,-3.2970226097116146,3.6917459145831675,1.7435518886923833,1.8409453591051925,0.45505343125835807,-2.9395202653092305,0.7072298065277194,3.318235674279227,-3.6039868278003246,-0.40233770704773864,-2.468806426813378,3.1730606105916603,2.8294431974031946,-2.2672590332433114,2.585380648408333,3.4647012283806298,2.486077453324389,3.3243278467032127,2.8471459808557547,3.652363211876623,-0.7065232312560995,1.9619496419663705,1.6095950647400497,3.0395743711743046,5.470703419853116,3.5902989218716987
2.117505195117687,2.116549892860825,1.7299266678652792,2.9699785461174746,-0.8035761556721168,1.5437196635272394,-1.625391855538974,-2.2959830450348053,3.915091398844066,0.8625222708971314,4.626800712181261,2.0667331089187053,-1.833420271467657,-2.3721743528475185,1.7600792025757808,-1.7827868146846657,2.0774712219026608,-2.3793956218103265,-2.2133676010343013,-2.855293444860919,-2.420222187131515,3.9660261036115556,0.9984757558603652,2.7752479837616217,1.6805852805055168,-2.3304795261041504,1.2347563527488818,3.108558164424127,-2.767742995430916,-1.6998372209169634,-2.7089164167594073,2.001144350356793,2.0138600510046603,-2.9092034087702796,1.6528076921375303,3.1832356454351953,1.614891580436634,1.5367223736843703,1.6808877543742875,1.277098677278806,-1.2438298095957117,1.292914142686056,1.608890380018642,1.1543796746643868,4.141754812349817,1.6240851144343442
0.6550692531521948,2.444730588719549,1.6668938746623458,1.4872364931923834,-1.2788788729057412,2.0800203262217205,-0.9741382193056589,-2.4294334754466185,1.8357857908459807,1.3929578953104498,2.1757694622454498,2.4667631410334634,-2.299995638033459,-0.8287767255167994,1.6685313288331984,-2.0177371154369146,0.7033504383130451,-2.4587234646561753,-1.603873405756223,-2.6674023455180613,-1.598642407443996,1.2115256342584118,2.942688034978847,2.149182643663714,1.8849648787434297,-2.7396967576401905,1.1641151252549005,1.284648925146652,-1.1573721618127777,-0.33246255780636735,-1.4913678840399471,5.81401309989349,0.6558249539130837,-1.7006813194776522,5.697595450181588,2.5871763533927634,1.0231608097146538,0.8476342076300183,0.650483382663537,5.528473465060716,0.113167146794942,0.5834573665191138,1.9661195069223214,0.372257420118401,5.7784158134053465,1.2870058607320038
0.8724582797980623,2.025986606325408,-0.36977134442669546,1.1754901195473164,0.11181331355876402,2.4742216550163736,-1.2341969138434299,0.8440384391375924,1.8459766183777606,-0.611445113738071,2.420516242443285,2.029553152232885,-2.315104128984496,-0.9525043586785743,0.768444395234192,-0.5539445833231584,-0.26109103776356024,-0.20185773229301285,0.7435354339968077,1.0674738489006736,-1.0823721161378754,2.8888553041290503,0.7191960828023912,-1.1544893437953123,0.09293644137829826,-3.3370316384167173,0.7972154780258166,2.2404403630112353,-2.4937643652508665,-0.5467246954351708,-2.5987139663461543,1.5837354018068528,2.4640843621013686,-2.7545294350094576,0.5551643981883718,3.869428534426498,1.9118379234452756,2.7025471668022036,2.977655094251709,2.587183778398928,-1.3347764139800566,1.956670372754725,2.8778423494307086,1.437628012104903,5.263338016012767,2.758174401259172
1.8119576466565341,3.847192603794597,0.6676835943263448,2.1453998498758287,-0.6841798327676095,3.5778196051573907,-3.0147031140945897,-0.9063554177030366,1.536585048936411,0.1756061107132888,2.9264771439559962,3.588084848933689,-1.7205664423897482,-2.465143139553393,3.9313060277140233,-2.0950844379910105,0.4398707844325178,-0.7044557197595985,-1.2985703631578511,-0.9702985041771901,-2.0511300024552086,3.7579504009335682,3.1530711908531983,0.39377532412778926,0.5705612479455155,-1.6917277794413472,2.6267471054083007,3.6541887951086585,-2.520292645961142,-0.8351910797039823,-2.948240557289238,4.4094178529481525,1.9919093308992053,-3.15553528733524,3.4112989577292385,2.546285068513837,1.7961755422028096,2.4479301368310544,2.443243275868703,5.0876341244579955,0.18461040208793555,1.9611499099510996,1.0333820278067631,1.3904964658227783,8.311184250060176,1.8519889186176497
2.3101938000930486,1.548819196021574,1.416347685094509,1.5002187257519874,0.49535081271141856,2.1807022224968335,-1.7104888422582554,-2.023523917240063,1.3767617418624487,0.628128914577492,2.7959073199848197,3.0395876810596363,0.11842111901192887,-1.834728462308106,1.8999299094888122,-1.018314094781438,1.265904485738219,-2.321069680460549,-1.884255811726419,-2.3916166316367082,-2.6916984732704528,3.281486971964096,1.4484258364269633,3.2470488681627225,1.7332523601690877,-0.1843268153142532,1.2175086263112886,2.6791833399736045,-3.04895067996236,-1.214875314499493,-2.6663020234886217,3.5518962723254246,1.9324783941651154,-3.0235620746577467,2.948963082026247,3.153185373684665,2.3110370667157847,2.513856675835261,2.9794099373917637,3.8130904334115687,-1.1937459157449615,2.898232270500929,0.5264738833200262,0.6975363406586467,3.1675522838754113,1.4368448359934836
1.9011591976437088,2.953843995555986,2.2969930627055204,1.752009455934271,0.24417717277011386,3.0615333613642304,-2.563258309511081,-3.03033838116384,3.003920822512109,2.0757271326677555,2.3272991648848564,1.4342525148952392,-1.288540518179596,-2.2986808516345265,3.234820516875482,-2.822945645977514,2.389698172307342,-2.3933080063229553,-2.2174894547941584,-3.323395562089892,-2.2884018942827087,2.1314263810667033,3.6879143817221585,3.279468174919584,1.9864640716410773,-1.9990146259786896,2.148665231983382,2.16422536666841,-1.5588674529360171,-1.6944658436397972,-0.20532884832456566,2.257659662793804,0.6182760639372304,-0.019447065260129515,2.0038334651891487,2.3720702942192013,1.016248935310196,0.055268037131951164,-0.5004876026036229,2.1857711296258966,0.034832429100223106,-0.06120412662770591,3.0274864449184236,0.7121237978146058,5.195592898616704,0.9587878766660494
1.1484366286070478,1.8968100861232844,0.7679152783028517,1.3974900961843826,-1.9428160024162522,1.822579922917418,-1.5649826627610957,-1.4922438820948274,2.3929899713579594,-0.08602463392337567,3.68925783831244,0.11935213413236734,-2.9672212245701792,-1.2620250189187545,1.3807919081683118,-1.6209501034663492,0.45239973789008237,-1.978897461470991,-1.574099302735047,-0.9217959726550115,-1.477562758970221,1.5430172248096152,1.0847363962135435,1.2749110922942108,0.34693766806334914,-3.54322156169177,1.082097201917723,1.6120339762462248,-0.6521970219703657,-1.18499182931658,-1.897125691963777,4.453310079932101,0.6351273686149073,-1.5511977537591712,4.3576960195055605,1.7971483860041082,-0.09667245150268722,0.8591099441255908,-0.13101229117537727,4.857195916833833,0.7163147462013717,0.3159264825409749,3.787096978537298,-1.0168490192546482,4.524755444456439,0.08123906159473959
1.1234934808385306,3.1880538821461384,-0.3022989845003723,0.8173559079498575,0.6548979468728016,3.283237685297533,-1.3835504252455082,-0.2712948226860854,1.5212713589788804,-0.7900840296373857,0.0666045468435561,-0.6049226563442349,-0.30494699362298283,-1.3050478475397316,2.6890173550464627,-2.210601753153578,0.6701715935689839,-0.28784030297018837,-0.7167081008799401,-0.4111413944889968,-1.3572105385198268,1.1908038880091951,0.7299153374075794,-1.0001525833594063,-0.4050614915262303,-0.41026729978282317,1.976066299635986,1.2521595767396523,-1.5948424827535024,-2.2161025377874553,-0.6769425723926754,1.5722836071030297,0.503551480814823,-0.07255802615472762,0.7446738195516776,1.0951261884512056,-0.6781090416496615,1.1603293835075172,0.4837787815631365,3.3808857178380887,-1.1528535936692057,0.5556734531910367,3.337058182800903,-0.812593332478271,5.565717538288695,-0.07889679972068886
0.3428203935989056,2.3475767536530645,1.1407358025019645,-0.3273720307218424,1.479485625263242,1.4888144623385549,-1.6299675897015427,-1.6698288546420899,0.7342957422860377,1.0520295836176037,2.6059766577743773,3.0690630939670234,0.15070133555321097,-1.9043991169852592,2.327612819577512,-2.5093401729954716,1.3872102212607127,-2.4898822187637517,-0.6122475104572805,-1.8548625135451902,-0.8728885182032315,0.379352045553325,1.5559304315875206,1.01389245160024,1.4293805185187307,-0.3644874356655825,1.8818989053129949,0.5757732686565993,-1.065552982314873,-0.49483346574588766,-0.3032440259388385,-0.07720379429924118,-0.27271379648832483,-0.2034828153850674,-0.34408816864326597,0.7904131080464336,-1.7229553689181611,0.21142269234726618,-0.38353456499227234,-0.020158472493124524,-3.1476938363847284,-0.4998181280999039,1.2092284308375478,-1.5966930405968873,4.938397378722791,-0.4014972598153377
2.603933261964407,1.0075670046031955,0.7219440480787082,1.6603021996665748,-0.029724173375869467,1.6607892940227105,-1.7230679779732423,-0.19024589346683518,1.856814036525486,0.1890023494503732,2.1263243393072657,1.0922532309674926,-0.8915656602925908,-1.616493136081496,1.7056826893779558,-1.342059093321299,0.30244676775537527,-0.12168978781701267,-1.612728842057718,-0.6567924981994074,-2.1154062558845714,4.668664186515782,-0.043928734910671174,-0.44042763039959354,0.691284001837198,-1.8919756397189482,1.7937693919663573,4.381490132791942,-3.492480438318629,-1.0676329164696143,-2.8393560782499367,2.9680841635081685,2.9804877733722153,-2.979755718387182,2.20332321014648,3.900534610488295,3.6519859472763136,3.0627845122949147,3.7537726082478997,3.5558155903116075,-1.2840541549219164,2.54016006238893,-0.2454758299072448,2.235433428358574,3.192281817113942,3.2804420979158264
2.4737632934438745,2.4979220791631125,0.23974676870003941,0.328707147598696,-1.0562924862995926,1.9245250224630093,-0.6129386987966956,0.1271791964282003,1.4952281220937729,0.15625226060720798,1.3127001865982848,0.9259899913758579,-1.8418691855686795,-0.5469333558121484,1.3768151225722713,-1.2824090635372727,-1.155521800358048,-0.7420566994223134,-1.2476872129099141,-1.5978273511969523,-1.557584916094596,4.8191031631302685,-0.29715955215675227,0.4229564271110682,0.8790333605597888,-2.4440442803776357,0.6531500740123827,3.8695064955021934,-3.7811499764796137,0.2498191043621325,-3.3975932541358027,-0.6685473856198791,3.2838299999061786,-3.594595778737645,-1.7458680250274583,4.718916117570126,2.750944838356159,3.8090303921438187,3.926902954430992,-0.6837260387111346,-3.6357020578711117,3.2076829345154887,-0.8736584743278974,2.4851152325630625,3.361440880894259,2.8037144867098562
1.8180018131991973,2.119546524089176,1.6538144068873624,0.30158917990147094,-1.017892679828388,1.9284654015563683,-1.0825650300348013,-1.113201866364417,1.4103400142705413,1.9980845716625926,2.3940522291810367,3.1332840794656223,-1.8297152240411028,-0.514972959237264,1.2592976567616376,-1.512599166367691,0.7460973049810488,-1.7813213275179225,-0.6038135784775137,-1.0299087513802503,-1.2645625753771959,4.035902930631972,1.1923696103609753,2.40059897867937,1.4843260903008555,-2.0643691566977385,0.7330890825009302,3.763604782678504,-3.9374018097736965,-0.4356544161881079,-2.9370098843223227,2.4204772250874083,2.892445305772298,-3.008454319490645,1.3338980182893758,3.490975529545394,2.972740920262314,3.1430379934363035,4.279896850525774,2.8855169818004462,-1.0267443087453496,3.7079119904877205,2.856858016462952,2.237430131469031,5.140158287924178,2.6030927900468726
0.24960282866255357,1.3338697298416995,2.1226640562805,-0.26049615057400377,1.6884795652169462,1.4451854112010718,-1.390844689782576,-2.4932777369038615,2.1046240636814786,2.700102068101436,2.136190434988035,2.0091913285973133,0.10377080627087287,-1.2025724731089071,1.0497792647348678,-2.053678230979871,2.528275273996032,-2.2974807849623384,-3.455044306490962,-3.1099109368341957,-0.43983322931958546,-0.769180691827092,1.4160553512999905,2.7448175459575,2.105285039006465,-0.39378505447537937,0.9444906607901169,-0.6080626370051745,0.7254017954174794,0.22784671113419708,0.19371366088124353,-0.6815182758606084,-1.355799429458616,0.049814087481051095,-0.1622768493355411,-0.04883317617280891,-2.109162357767931,-0.7966598462502483,-1.4982392506836801,-1.2545039040682642,-1.0470759565476124,-0.9856505578334593,1.2618428096348548,-1.7175490057601532,3.3253532351682824,-0.48577823331793546
2.279784838602592,3.230993604201479,-0.0029534787849549993,2.705623305332713,1.1874981438807084,2.7328306356923497,-3.053694328514495,0.834903931532684,3.1970791413327158,-0.7459197022737691,3.8492523928713744,1.7376845120682534,0.24262194929510117,-3.1845592197439645,3.8623713044921297,0.2645201125631591,-0.5816862802575009,0.09303566512396566,0.4167572573845111,1.2834133538541004,-2.4391782230127546,4.495688523557144,-0.5511457857207243,-0.31682898324382314,-0.5300752561098454,-0.2358075104617694,3.581210890800124,3.8919716959195867,-3.277838538984593,-2.7904344548684072,-2.946309174807774,3.6461072671346226,2.438843311782896,-3.3069000269362747,2.2625808679542265,3.928075336935941,2.2946274752154134,2.4934082511215925,2.883468772131245,3.5711880069621147,-1.2979172262234675,2.303089902289541,1.3485025831851603,3.0630290551080184,3.8021128905189316,3.0492506925391694
1.792663688880519,2.4615250755248885,1.3807826530821348,2.439116848655886,1.7729076877296595,3.073033322256511,-1.6111822479136095,-1.6829134724620092,3.2154875171839725,1.2620745848501524,3.5739507096725927,2.696841645858331,1.3486240219399908,-1.8576256532157895,1.7002985495219831,-3.2716098602477603,0.9379193173376199,-1.4739708635667674,-0.2899195970524653,-2.286456504076453,-1.6674058899250412,2.194917240866995,1.821151824614173,1.294434646966741,1.2430082632376878,1.270270186008284,1.1354205336492997,1.7972277995609425,-2.6314571474983546,-0.1552355069643594,-0.7490358097365726,2.517656541717785,1.9560536823443493,-0.681163304255796,2.2335649183868784,2.312863958165566,2.114511697059238,1.8089322284008431,1.8876863547977754,3.1610981172733403,-2.001455795025968,1.633352580228495,1.4671673452751304,2.0523171372473064,5.106312947125898,1.7233168065967708
2.765475495966549,0.5290398792853048,0.6496856433504473,2.3961019357837605,-0.3447321840044283,0.9445695487460476,-0.4405765711195635,-1.1671590508224037,2.71632483376713,-0.5120312481559754,3.055115592067631,2.552554094363919,-0.9965306949801255,-0.9972615110206859,-0.09699665474879682,-1.4346387128280882,1.1405185959882236,-0.8482236275610918,-0.9568622605456997,-1.0214430857816401,-2.6851041701309666,5.1714740614573795,1.7307583369918413,0.9417512179020131,0.021420985207001753,-1.4934025816067515,0.28335976321907475,3.8821145813983877,-4.517935153455912,-0.5546963704010486,-3.4214647867035737,1.1017046904850867,4.006934553147526,-3.62684694098757,0.32680771423667376,4.157051299936438,4.727664608398501,4.004514834885049,4.247810904305547,0.7414172093406075,-1.8714358801092021,3.0817571938319976,2.4298184433236436,3.534240295147985,-0.083103707974435,4.0644899882292975
0.9932288875976147,1.6881218269641096,0.7471528702908022,1.9372842203863745,2.1869941964918453,1.7135702776367936,-1.4645651495011673,-0.0943812984463126,2.499337816979648,-0.11063457792165088,2.424193141903596,2.9566394677485555,1.4592043725559618,-2.104617271479708,1.0061516067420553,-1.04697352050585,2.22112805763114,0.15798089376726354,-1.9841543162525177,-0.14754355821247978,-1.3254885695207395,2.6602941051851348,0.8667578671831746,0.03685514747320395,0.8069105792809668,1.5894775369221037,1.6180644581426442,2.1963845466906577,-1.8217602998160316,-1.4552908120624175,-1.737632496889732,1.9701468695106785,0.40192456379202635,-1.869775180461888,1.286774009300826,2.0525396931828506,0.14872667848094723,0.8205952697747727,-0.09405900584168414,2.8646488417411984,-1.8841586696498702,0.1424540540157081,2.5874576627736525,-0.07347770622992134,3.354832416660977,0.2231339938714989
1.286901716167289,2.298136357068911,0.32653711386492246,2.9037673208902186,0.6330597008515744,2.6340359456029887,-0.9226685900932937,-0.5567908009661275,3.2083583375618554,-0.9454627827148625,2.0384419825136963,0.8773575048617075,-1.5686987541449304,-1.2971198916933049,0.9916253153100058,0.44650416595197395,0.3803572381010013,-0.6111671428137179,0.170784545157999,-0.07576785473407832,-2.3518902181000945,2.8867467060240823,1.0571635812849283,0.08201258588739324,1.0534123840484981,-2.7175856603535875,0.9549006390036981,2.6796612956980783,-1.9974456720079945,-1.2364200704961645,-1.8666369459282561,0.4418961575129221,1.5969741699781124,-1.8110651270739277,-0.5550170377029957,2.254215677029935,1.0991174585154417,2.0681323584502693,1.181919443796838,0.6091123619601684,-2.30766487001034,1.422786788009445,0.6940392429209878,-0.3359240297097055,2.835396848547253,0.7517620619044921
2.5908069521511634,1.3739089771296549,1.4777358740657847,2.115860007045699,-0.1963047859647865,0.5915568806217029,-2.2008863571437787,-1.6667223383307819,3.0947119308821196,0.3853137811647887,2.157985115639462,2.6884257184906746,-1.4575304282143207,-2.361175539150617,3.38865307884273,-1.3419570054042675,0.7886225530065205,-0.38477680009950455,-1.3508668491531701,-2.1491488421356357,-2.6442008233033043,3.9230989710770876,0.791502833664906,1.0914493625041568,0.9550128259207931,-2.209676395003866,1.5049963663097075,3.5083181809632014,-2.762075094582181,-1.0429446809864171,-3.42250345007722,1.356481861902528,1.4984448728022615,-3.1549217443598923,0.8184853709687024,2.0938015437578352,1.7694208422714301,1.4451859908389881,1.3810588286288445,1.570191712932321,-1.9803726423921222,1.2851587143638625,2.4776464174947352,1.2343302991114347,1.5841687502223603,1.7640000164076235
1.7529862688565556,3.5425754223200965,1.5990674254684905,1.927121820857161,0.9005659703939164,2.564540039308669,-2.4520005962582934,-1.427625268404946,2.6143413073832313,1.061827508867535,3.1328786715828967,0.9668742010050603,-1.0055716230877598,-2.3545382956174623,2.8477956724533717,-2.2409591846130974,0.7568622120420894,-2.3107846052948906,-1.164533998710655,-1.6770962801963278,-2.219450033764511,3.35386491870827,2.017035132348772,0.5240015851516678,1.8150420904856155,-2.047950925388101,1.7825029095546643,3.497520735298221,-2.1756746077053233,-1.8743731608472824,-2.088000738764835,2.8764006001671683,1.0119806573729904,-2.062217147694715,2.328009930271043,0.9202381110254496,0.6339743278131845,1.2177324914062129,1.3151187356579706,3.4985681279939707,-0.9676225745041036,1.0081065082766236,0.714070423903385,-0.27749765394127146,6.821670318241221,0.6719906804462328
1.4220764411421545,2.6124130016145912,0.9442315498191712,1.61176538634039,0.4017015071058544,2.3081565646752393,-1.8975485070156832,-0.4933744806107161,1.1976426109993328,0.34974109451580127,3.5179774809177857,3.492050786648604,-1.7079375411053874,-1.550480656866961,2.521304485889377,-2.2672570335033355,0.7771359374359529,0.5993249304561172,-1.2309558203170043,-1.8767118340162547,-1.9198852751358009,2.6506486786146874,0.6976262054909125,1.280469448536309,1.2382852472904047,-2.887046256691616,1.8093761471786685,2.3885939265008913,-2.4790042622710464,-1.0913882697651618,-1.7386742182849426,0.03686327718302196,1.0268458767624289,-2.3337586337206955,-1.0655586313130583,2.024963490791025,1.4361055984703428,2.0727447664171432,1.1377486265480599,0.22230374651187823,-2.7748188039607236,1.0023691091453701,1.967254704026495,1.5057527449969625,3.841602700841726,1.9735709675696955
1.0114739824492778,1.4519259824916093,1.7219510928656918,2.306065560966749,0.2784246943654766,1.4861814019543258,-1.6149564843852444,-2.0962214623423217,3.5819981219183177,0.5752109077318036,2.3920952308147676,2.833562158432914,-0.22820379860707607,-1.5333137917697262,1.6849181349136624,-2.0908600416897265,2.087468551320965,-1.7956226940621915,-2.1745592775207525,-2.0618171470211664,-1.476146783084983,1.9191098140607685,0.6638476961567096,2.928453765163085,1.4131120016654939,-0.3705278648931096,1.0127610977384895,1.815331913036271,-1.0987481346358834,-0.12753627058815142,-2.216326025071048,0.6367333551409392,-0.1399759863500294,-2.0985769633832927,0.5652611866410058,-0.0014772570369134819,-0.14529276147716852,0.1351237761162376,-0.08170196419183995,0.4176451350728796,-0.3702766901849881,0.20019356146170275,0.6693659526433571,0.9327506369899294,2.090244114845615,0.8422079967694923
0.7611091782882137,0.8557784833625068,1.192416280492695,1.195611048063171,1.4081787700970434,0.581669462309292,-1.4441406273757558,-1.4219868953917216,1.5230689007739748,0.6314493299074055,2.6922353706637763,1.3022428230027858,-0.3830022034825832,-1.0562889290112731,1.5337952772354921,-1.8086316472900192,0.4326118486910069,-2.1166055663472965,-2.6105972734688834,-1.3529315333374052,-1.1054120287579388,1.3482624763054063,1.9779010067639509,0.7198692418472753,1.0586277457009738,-1.2155778777191755,1.5789109698624009,1.009154221466714,-1.672875955518457,-1.5428796763888928,-1.8466298077125967,0.26494515957788733,0.9596587818518468,-2.015198114373982,-0.20668922266667322,1.9959733782157945,0.7369064566972964,1.718144327608024,0.7168676271491033,0.24803964555935964,-0.785077919139292,0.963919188744381,4.118327929254814,0.736755894892967,1.2547269311932796,1.6613292391823
1.5417213865894162,0.6034514061345682,0.03017114329380166,-0.4336288934525703,-2.294166168760459,0.6549336787049327,-1.3844680567198169,-0.4142116112104519,1.6283620384192559,0.3028555280067172,2.150614543290595,2.8399893366657203,-3.028479990749717,-1.0767856829951135,1.7374061463162136,-1.3454956234437105,0.5857995354288769,0.10224330233214873,-2.377100551670638,0.042350063642587754,-0.8782127020824716,3.1794498350035876,0.6110161374397716,-1.2849167984296177,0.7393277049713824,-3.3935171519662526,1.4421466803199616,2.8588154610958347,-3.281700547477495,-1.8487652581873872,-2.2959052648246834,1.5652629250863357,2.5550106724290185,-2.3394818378841435,0.599238254448875,3.9933646834691494,3.0129914036585266,2.7293033968847364,3.2087315447092912,2.426559015534962,-0.312548126880557,2.454701845266353,2.9643092758861807,1.4371709741603214,1.9603735690751771,1.9611522385503293
0.32789025245283243,2.9885241880272337,1.9857468105560172,1.5065920574139522,0.1701172275976116,3.1963012983515062,-2.2014555421510584,-2.524328378704852,2.0507697732397547,1.7584071983841711,2.8856866998473953,2.8657720470723964,-1.6027201131915425,-2.274572968230732,3.2446723218207874,-1.7450147468164146,2.4937784679417723,-2.6330071863953277,-1.1803855737706794,-2.748064342503511,-1.1502930129663138,-0.09734736433064217,2.698348230652858,2.1494315062540252,2.1121175294743337,-1.979595184662448,2.227109989704577,-0.3961996188951471,-0.5426915013704239,-1.944376641887653,-0.41932442999948494,0.45312759612672804,-0.6526982328682771,-0.0036919011060834173,0.47428884893578704,0.7876820798345896,-0.8517639099693358,0.6539768668300304,-1.061025019007131,0.26039674948052194,-2.039127044215077,-0.8547697956395932,0.3013393438446317,-1.0833268204174897,5.642925144974994,0.07839613578900062
1.918767724576545,1.8362616463923462,1.9649037299155512,2.862719399092255,0.13805003126842808,1.2818841483108034,-2.0856712196856293,-2.620193442239703,4.349144793235194,1.294045215433917,4.732937500024393,1.8601289899597302,-2.11580494451277,-2.891656366087404,1.99523297588145,-3.0284387471805703,2.786306347741931,-1.116106222522443,-1.462060025920451,-0.9115651364675641,-2.7357540722437044,3.210507598642179,2.4334348414510516,2.0631769009499448,2.2791429958049,-3.58788237160706,1.5459296469217934,3.292268038786024,-2.2905992913544075,-1.2827479750905884,-2.1005711056963228,-1.5409977177703704,1.5542085917077244,-2.4021713231115056,-2.4222224398169683,3.2086188306685828,0.6568938684995849,1.827136774311418,1.2772665809946855,-1.438327803281237,-2.959446709337257,1.2005204879854239,2.477733017169413,-0.18514534815713812,3.2198030051021593,0.23244181015950272
0.6032610158090438,1.8774635414637517,0.7705972514712351,0.7579516589255032,0.48895655681689537,2.002287351243811,0.28021009847826717,0.15131984873220783,1.2393657989473068,0.22721195171746433,2.13288553891686,1.9272924168563401,-0.6997406702608742,0.5684002835158577,0.6644368397797071,-0.6913501647078417,-0.8295721798750559,-0.8283473662958092,-0.7115213783371744,-0.7802984772830466,-0.8923662974406742,2.8774596198576528,1.5817054160733968,1.3461142316531092,0.7212266609052873,-0.8314616258264822,-0.704249400076594,2.522548567204508,-2.6873269598729275,1.4849323806263335,-2.111130956293741,1.0636652241928688,2.235056800215013,-1.7839885163596327,0.5418340508723393,2.7822392706249213,2.68945929818218,2.242988365680962,2.937264199719831,2.1845533324049815,-0.577917158329341,1.971006649816704,1.1443323810482169,1.9724288403228776,5.037532380083119,2.905804931892667
0.6955453194388673,1.2834686956283767,-0.009642703986940004,2.054216747588642,-0.058969807519020284,1.2289972257977264,-0.7278089340611574,-0.04206992812168098,2.7396703040878827,-1.1003689663520746,3.3240751284976087,1.427768005144869,-1.7792083190679202,-0.4157646705914906,1.5208895738004697,-0.7525557256595917,0.6862902323151453,-0.13911267431318675,-0.675278651064035,-0.3937974692712327,-1.1361807890576108,1.027045130471713,0.1317192064788666,-0.8997559514499069,-0.5859077836344475,-2.5408687125278857,0.7076671804026902,1.2485304451567485,-0.41481803507015447,-1.5281325280898899,-1.0984554514229652,0.17877796807751323,0.10774898692599533,-0.9644346126777779,-0.5519751033103522,1.1876319065536172,0.42783869323913026,0.13315805687347848,0.1748052462527624,1.0641171384929264,-2.172998103943783,0.6319403595728297,1.0171310861700387,0.9368021480767601,3.4691314418318275,1.81198440349533
1.2416139936884314,3.176341829784512,-0.003975922731432879,-0.2902017905437304,-1.1491148304929948,2.7668741942549198,-2.6722306255680657,0.22478293896758683,0.5469346814709752,-0.5008341882671035,1.3595492223307932,0.6491267377053304,-1.2980379528703863,-3.3137257488496,4.035026177602004,-1.0793604046823386,-0.8014956187360762,-0.31904652267763156,-2.0042141917218714,-0.6400858539525593,-1.214187768880001,2.0720347176092044,-0.17083209362108653,-0.09848201611421747,-0.13825380119751318,-1.3818485007329497,2.0069167081217993,1.8862103789799765,-2.150708723712931,-1.5434752655422042,-1.8495690047198368,1.6770664807276392,1.250454049552648,-1.3613197877528458,0.40023980034652196,2.7355113392459884,1.2074950711353634,1.588510577259755,1.929547567120636,3.3048297736833145,-2.941063808217895,1.9305311962437939,2.4255734939996287,-0.345446191158403,5.528547072619547,-0.2852500052316105
2.0479601225247372,1.1644729487218544,2.014736999137359,1.8231413190688022,-0.5187986392983369,1.9313931392204062,-0.8016665061649427,-1.8234145490784126,1.355048059135366,1.5409442380620062,3.9842664556747867,2.308651992579885,-2.949379630203235,-0.7599903882557127,1.2363893171403872,-2.0269975180102286,1.5949354482742295,-1.5944217796665148,-1.4774734548958313,-1.5790347846479762,-2.419513140397374,2.8428494952716132,1.1918231021941008,4.193366077716998,2.4813559587661373,-3.6545778777527,1.2472564796220669,2.664519590990189,-2.961541144483167,-1.65257184079282,-2.7786667389161552,-1.7210548235330643,2.9118750547484478,-2.7334087039403876,-1.5871317127623639,4.008073292488824,3.8149864881236732,3.316867690807906,3.6059999654454833,-2.041576794278032,-2.0917361257636555,2.8729069418679067,0.0695175027422017,3.836479576221398,2.256508400015961,3.884893841543614
2.407607434693549,2.5790179936238276,1.5029065365367893,2.386997904234298,1.8446032814435291,2.7591739688626875,-0.9835682323503371,-1.437935579741585,2.2538416539554857,0.7746476295903121,3.811448101934568,0.4709549998224736,0.19104194327980184,-1.5932414822969245,1.1206310034219977,-2.359164817756593,1.7766657071162313,-1.2354616671261995,-1.6044539218936487,-1.9370144433616,-2.696054621264154,3.736321023955414,1.5214205635991265,1.6106104088570108,1.5303342955528327,-0.5427777667216271,1.1663996716010672,3.2550427795345347,-2.3389379145966096,-0.2897470096487029,-3.2074094861153126,2.4904435233909683,1.7134511091010334,-3.49087931158346,1.6734552608991051,3.3005825137724054,2.1521967707104377,2.0956018314560483,2.1623569519982766,2.7594208194164853,-1.3498616251556215,1.7292894158575818,0.6144769526659786,1.5687533692534932,3.934901206497329,2.5122317653914266
1.6446468723443373,2.7323344974330124,1.469372179414665,1.551441260566955,1.2853076464346684,2.4589574791753392,-2.61755429787919,-1.2965994298589063,1.5658084408064101,0.20228653969296073,2.8818581882655607,0.9566696206039805,0.08547393027980199,-2.862591341705339,3.192440201466348,-2.170845015951198,1.5110674525107721,-1.429970585190881,-1.9510991706183856,-1.5528350496410612,-1.6349790457331248,2.4150803470029256,2.121103728696146,2.799918069560178,0.4661735557035084,-0.4340324861305438,2.5990680547819833,1.901024526655849,-1.6269469912304328,-2.6324706631231134,-2.453622036391262,0.79040919782658,0.03169420197691997,-2.406699415082758,0.38776176859362965,0.5494545677672718,0.7441482938418901,0.7534925287872134,0.018651244348449225,0.3787388409132719,-2.3881022906449294,0.2506255017017539,0.5416101399620137,1.2161567187694224,4.149292205524911,1.8500174000750897
0.09480464363154417,0.8435414253669751,1.0128240930518326,2.562346325358696,0.10184024900569133,1.0521612531550706,-0.021592556680573916,-1.8109673622183329,3.0401390935486736,0.0851360523745982,3.3741206578967535,1.2380686980623694,0.09039771498140015,0.35463703590245577,0.28554406878438154,-1.2861371380886606,-0.45825879269530834,-1.2124100923402348,-2.3249234071834435,-1.6815585061747322,-1.1877266428096758,-0.48354860897371,2.324063137311555,0.9225381411601573,2.286907901384089,-0.3769103715189017,-0.9884682149275892,-0.7642885934113546,-0.3079928506847893,-0.3092202804093659,-0.7689828272375507,2.3861888675998983,0.5959421125577431,-0.9744122645097097,2.8036765713157132,0.83287630568495,0.06595363305050261,0.7553589590877496,0.05353356810365839,1.29642724279982,-1.3125740582755658,0.7454581154746259,0.75271230243326,0.15061689402832568,0.826237268802585,1.02211501164494
3.134295371894213,3.43158737073265,1.8234045207842988,5.4617063625495925,2.3505509503293394,2.8442558877715785,-2.702296489523111,-2.679514735804929,4.715259429147547,1.1392640714724076,5.566536020255182,1.1448979599882414,-0.07885491306819359,-2.914926013100491,4.07545053198379,-3.016109775473735,2.5696050743043513,-2.820616989433703,-1.7996092825061714,-1.8393662093628127,-3.9629917020558336,4.2363026495811145,3.2117506416302275,2.38017675795379,1.8396175237615546,-1.4162356517153303,3.0671755278499218,4.111049211245258,-3.4447298006653444,-3.137486992888821,-3.329820911101131,4.467249030789803,2.7433031291906844,-2.8287725946786892,3.814574364402416,5.397263078710724,2.771570321735107,2.7518550110950275,1.8132619939294052,4.552556025374702,-1.4120010152410165,1.7862254685306482,2.8743585693890337,2.049905632482011,5.251681524234346,2.690946767921403
1.9190949553803618,1.5927648351402295,1.8505482314062007,3.9124197563677923,-0.1390842367129041,0.976612362869023,-1.3160979298093027,-1.393258050390105,2.3263945879350185,0.04713385936503334,2.99639634193621,1.2173980522145151,-0.9680487389446241,-1.9907559631684384,1.5784261641717525,-2.103466400634957,1.0120552383547077,-1.1752177252970735,-1.8007084855628117,-1.9810385861562638,-2.6042920088177075,3.4324144637752427,1.334543522287749,1.8662451477060906,1.3935214141185133,-1.5526616908770545,0.6008486258858662,3.366949323025089,-3.3419036499510235,-0.27536880518379303,-2.347893960574924,0.7494270991988564,2.1798193351006625,-2.0489779880431693,0.05611984578304008,2.7058167717446513,1.173993742134683,2.226616418533214,1.5153950754763943,0.11807093164114812,-2.983721918600529,2.053909143906287,1.363754840883545,1.7698020390221387,2.911829944173464,2.839010251093316
1.8120930465587612,3.6176663725603446,2.127155747828482,2.3004739922628357,1.9754632496958218,3.7933015639437198,-2.737645014188033,-2.832836364881472,2.8168620462476373,1.3759909502597127,3.796168397618178,0.1999929581311144,1.3300142572059555,-2.161286992270634,3.617336636998147,-2.2717528801917206,1.5447507921704295,-1.7670438196455875,-2.0725921770540308,-3.471723911759118,-2.442770598387137,2.869737558620848,2.123482617498711,3.0119947076483857,1.2064914610345951,1.1555233879654012,2.7094522931604725,2.6422681546901714,-2.3320707698513146,-2.2697095781432246,-2.5311860070749126,1.279854598495948,0.9455572514886028,-2.2371629333861125,0.803432242872048,2.061352625380759,1.2981237617241466,1.2809977881941637,0.5658071659412888,0.7970097158314989,-1.0601278691187763,0.6906035525622408,0.5457582024889114,1.3991637507389947,5.2631866331735875,2.36348949954886
2.502430760493473,0.7324362150874872,1.0429918294000793,3.115793854550441,0.3417081356862975,0.7679020637043559,0.05510081930591881,-1.6542717946137675,3.2334168499201663,-0.8603408818038321,3.7705423162280622,2.061628881498244,-1.3855416279742105,-0.05288243480031207,-0.7917318093749566,-1.2115741155179718,0.31540950599306405,-0.7538061203245754,-1.3868266211493565,-1.5402745895177223,-2.0735041054832197,3.760846527979628,3.0040003266927355,0.9358917384508485,0.5871001559924239,-2.364213044353451,-0.14083516061403478,2.8641702830754396,-3.01417336906672,0.07084219297460703,-3.645666790848561,1.2574128337593529,2.5121839219987905,-3.6552292653298366,0.7901198470442607,3.4748373462595534,2.1171931146412644,2.952009266671202,2.2478772293561633,1.3045059133612664,-1.0151424407245448,1.4139642715017877,3.67980184590041,1.4889624105322268,1.666429732610162,1.7277199027735493
1.0515661857540108,0.40202911227874316,1.367031604080309,1.2392665896874786,0.760744226926384,0.5258411221168486,-0.8510161559360778,-1.719772942266535,0.45756875884910087,1.3334364061890422,2.3301549136634874,3.6292407446320576,-0.24801691629900535,-0.9284599111305085,1.081349551922579,-1.777335612448766,0.8379970241667349,-2.0643973906142663,-1.1936133762268477,-2.1356253156082996,-1.780745542697808,1.4990732225147907,2.306603462306928,3.082182368558615,2.1390291989014854,-0.4418526097641775,1.5659270449833143,1.3927884504860137,-1.5254276860505767,-0.435098834769045,-0.7470290555472049,4.031802826833366,0.7961789508995033,-0.4550464922898332,4.122658175610848,1.7338457867577666,0.48099287864897106,1.8654262507053383,-0.03654253744908442,3.751021642319436,-0.04831357316586171,1.191531764717929,2.7723867298258877,0.05381888977370852,-0.06902236071059153,0.1508099332669628
0.980346270664401,2.3138650271753454,1.7493124543208927,1.1697880203401687,0.09688227291183168,2.5049656467340773,-1.545118361189451,-1.6765506253904663,1.3490810588013575,1.4984112974297545,2.6576244050955085,-0.6300575010675733,-0.912365168235137,-1.3812469393632607,2.437576767244868,-2.1518748384466706,1.0288131852173625,-1.7976166283988253,-0.5495115295981562,-1.5614447460407979,-1.5136152421976943,1.832566706500767,2.3092812792794675,3.4100830951686456,1.519563486105405,-1.1617604128340666,1.7685437030465785,2.2423035595677145,-1.5728958629872873,-1.3535671106019247,-1.7481994694584306,-1.515542710995718,0.8018966377150227,-1.8454855830684456,-1.6997971006285415,1.3637103799291062,0.11477092699310698,1.1321560438560858,0.2560310384387601,-2.170201174545059,-2.6099414165895816,0.6012651652942202,1.6645822870560405,-0.6999753314520987,0.6726180593295452,0.15918024718528456
1.3890271094752804,2.753384267033828,1.5067167231833294,2.5885189491416716,0.5411162721163448,2.1816849379260845,-1.0927686874930318,-1.5873790746849907,1.6691007578637498,0.5337855218507497,2.078741971397362,1.7955719218642088,-0.3304668533997701,-0.7979158441579269,2.613679600603726,-2.048733495071851,0.9221286675582662,-0.30643690949679514,-1.832985324493947,-1.7750280944978685,-2.2192622403583497,1.8799731723660786,2.8880541506122563,1.0574774189201122,0.10250493073349976,-0.7459585094092797,1.5855074368567204,2.0644931280894587,-2.8831492323113252,-0.7547903007776053,-0.8912729373070155,-2.057690395718759,2.36525196014935,-0.6663551600778378,-2.7310574427684307,3.03941660096028,2.3363111698542047,2.411526609340009,2.5131826204337293,-1.1736089389147388,-2.0083585310491534,1.7186582675882507,2.3906113379991116,2.347751231999351,4.427287471756889,2.917766865322274
2.1404928134765626,0.4860827799136076,0.9824561410314263,2.6000997041925245,0.22915469158136148,0.9491020508305962,-0.43129942505872654,-1.3472496723195162,2.982607870982517,-0.5269298530497704,2.5684511502549543,0.9357278823845463,-1.2979206695075942,-1.015290483381604,1.148613696570596,-2.3352796912786142,0.7710426038913163,-1.2645632943023788,0.18971268159671584,-0.7694005762111258,-3.32996247132373,4.302037712373133,1.2150097476461976,0.4101967935115831,0.22471271011761196,-2.6683323588817176,0.03615413933095302,3.7284662075181823,-2.7478168443419495,1.983287450539034,-3.95025216624832,1.4000124730602674,2.8785174309547927,-4.152856272885916,0.9714960636357588,4.602438325533367,3.8072443419062045,3.190898485668183,3.336783499135259,0.743595752614215,-1.4390458678617137,2.250194204925384,2.4592673907319273,2.289438150469618,0.9372030403323572,2.4213168603993953
0.5923400685014036,3.811534548041247,1.2875379845132542,1.3382648570293942,0.41310466032190707,3.4487082217114864,-2.3312045551532137,-0.7666552299529815,2.768789947312462,0.8212285489188306,2.451285492292164,1.5504803574923736,-0.5778414326161811,-2.543061878116041,2.7195029065282936,-1.6276713277831387,0.3455135646759775,-0.5656083040410067,-1.0179672047171424,-1.6132447111743993,-1.278811437619587,1.1237476529200254,0.9981579868556913,1.6233441107168352,1.465145236379123,-1.3401147131928448,2.4738433110083182,1.0973298025165965,-1.5916101751339284,-1.937163009589569,0.3739290443488794,2.162767058864841,0.6183719939683405,0.5412730549546616,1.3881501261234692,1.465492708305248,0.8506057933433365,1.0399364160634066,-0.14586474901964097,3.767092897523452,-2.3256615461045147,-0.23017772409732018,0.8353132474873077,-0.4718227339686272,6.108365201827521,0.3874305771353532
1.987530170853029,1.754014429897521,1.5198607841155818,2.699203870025184,0.534322126678614,1.68283553649652,-1.1100450184902866,-2.9867794000743393,4.403506144459904,0.666536110370511,3.3623924361461226,1.5088071514150825,-0.3075973062428097,-0.8758303704186287,0.9462523856609036,-3.1414563587417477,1.5795817338503317,-1.854490990407717,-1.4391767469508638,-2.568692610177709,-2.4750692275666477,2.9780936706507632,2.8698938796302134,1.9154029843591385,1.2646823825825118,-0.836502392125939,0.8237089211681008,2.361970854925612,-3.3469291445054696,0.6275417722852548,-2.4581095878759864,1.3273127633208261,1.3161046194709989,-2.7215908822130426,1.2363110497315217,3.757957096002765,0.8539366439258763,1.9122851142823398,1.607327237112015,1.1593337811464353,-0.8022500513820388,1.1803741284986085,1.6511002074847927,0.9529808698259528,2.685747859198165,1.635580447761182
1.0176986523272036,3.8046444299683233,1.610515775938722,2.4365929297650863,2.0938660366315656,3.4442873483478893,-2.5369727435021883,-2.239105271876889,2.1219686308480195,0.05242636608936879,3.067362460810318,1.07271807150451,0.29328243700164536,-2.850459014538171,2.44452459706679,-2.8433245833160097,2.1851654551585376,-1.8369105228993994,-1.783793225067878,-0.8423419915514891,-1.4689195064609217,1.058866022400065,2.6213470113370017,1.8447533120743294,1.0068360042021187,-0.7840355178222311,2.095912296238037,1.600739401710105,-1.5761860310451699,-2.618045239564043,-0.5716230301701181,4.97711756219875,0.7695541624970615,-0.603506143727513,4.517523416128531,2.21711419759905,0.7941310059215871,1.7270547805603318,1.1668238555671413,4.942908016608503,1.0925871191422922,0.8783367323884188,3.2962758712670617,0.6030623983392582,5.85815905270791,1.3832830191009422
2.777792169528529,2.1411655470877826,0.7378828668952011,1.9805462155582685,-1.023312490950814,2.1926461962304065,-1.812001218870593,-1.315446802077161,3.489822677313668,-0.15581631828555764,1.9458455114624673,2.763818444761755,-2.3695154548118484,-2.0137155308285024,2.81620201082822,-1.2931326018477636,1.2133251097716022,-0.7517079047820988,-2.490212831472075,-0.6245611275732018,-2.3874918454697798,4.405021208629909,0.0468258543706368,0.016294569999305786,0.8967219087371413,-2.556194586982665,2.2906907349139893,3.785316803599574,-3.5695515065195904,-1.4383076433991056,-2.3162736472890586,0.006281404215946695,2.760251777117837,-2.1932039000671666,-0.7555513360112531,3.2856417262994344,2.330994742175205,2.92838935915325,3.3986975926440515,0.7904322082644593,-3.4139702237060976,3.1848856811027777,0.42561253727039494,2.0124261905314333,3.4782528146648386,2.162029300331506
1.3907384949081452,1.3728140873736256,2.149272280313796,1.4321992919684625,1.6838227142754372,1.2356372689144406,-1.968533615605029,-2.4723135964169645,2.0578383192836003,1.6105222791903537,2.3096333900816743,-0.005817321940123188,-0.05648820622002715,-2.1383585116171817,2.6363832820497044,-1.655157857694304,1.6714649373965846,-1.0856773993069697,-3.7939587329877327,-1.7169782039253,-1.44205186080445,1.1185743426310668,1.8771196806323633,2.5925320869651642,1.5586738003833058,-0.9341656046637453,1.5812217611306085,1.119337727461298,-2.308830296316416,-0.467371948209579,-0.4366468396315555,2.26678453080959,1.4894176611738268,-0.579689214136648,2.455333145492455,1.9750405058695648,1.477075814337987,1.7834680421429894,1.7368113823269784,1.552981304082496,-0.4180185448696139,1.707645066722234,-0.0123595566072916,1.684740422717375,1.3195482337614401,2.52461536880854
2.1077582653794766,3.4112423303347725,1.7794578220712531,2.6829067629648327,0.07681074328703359,3.7295994466473177,-1.9823998421187183,-2.5671231549349134,2.344785947598465,1.3298774016695267,1.2111618913554132,-0.4127162576549701,-1.6367892330458997,-1.545522902651001,3.242527748375819,-2.3854894156267106,0.9609757874664006,-1.429494645483509,-1.9927768328402804,-1.3401767964433946,-2.991887112455088,3.6568299237607644,2.522968896948066,3.030013515478568,2.1902245482044975,-2.3727624535074296,1.5656185355010064,3.648666619480431,-3.307579390142342,-0.7245906332435864,-2.98488785571481,1.8743633038343401,2.4289274364258464,-2.9860617531009375,0.9370437106756766,3.8684376136515874,2.5597071321893137,2.4497277488562847,2.811427292761242,3.290909240726325,-1.810857148605788,2.5720671733711673,2.841257211615712,1.5753108080972353,5.154548681332424,2.03810785400435
1.5651300528001326,2.329548459338841,2.7460106686924655,0.8597946791195885,-0.7923704200064491,1.4425264675174871,-1.756412924238872,-1.7767974038845005,0.9383396870377512,2.842180671447972,2.4296481922531568,1.4582768753342137,-2.2644179681204033,-1.7826876208345361,1.7438759432551394,-1.0982618483683262,2.286072405578854,-3.022050992388003,-1.3216805729604355,-1.5919883812152984,-1.3697300717176781,1.312396461578974,1.5136474096239567,3.419463838228113,2.3109109691533294,-2.809526431766888,0.8490099878094399,1.2305956236457662,-1.385854252691502,0.0015902717977895886,-1.179211660561586,0.9141686182641188,0.3916672358402776,-1.545922248232044,1.3493342551300844,1.7994075097559539,0.06502345583471647,0.6184076449337851,0.9334368992426916,0.06863373648772897,-1.8577574798985723,0.9917795223203796,2.0742263476508875,0.09314176671577468,3.084422075982175,0.041910810906666374
1.0858587213041198,2.4061184147125716,1.1365179059195174,0.32425182940785136,2.0291625613349407,2.37277247607967,-1.544031185768072,-0.6675741120436696,0.8238368835536223,1.0348621260269317,1.165199219647644,1.2364023006173377,-0.3164982513042518,-1.8845000284647186,1.7816168802598606,-1.9632714387178496,1.0312098851168814,-0.14404292890009307,-0.38770474899617624,-1.7140905583262909,-0.6199748790780224,2.119531367581809,2.52415801823333,1.8443279937407961,0.5968649370486513,-1.9259668959466762,1.529233593707419,1.9331572801947265,-0.7798051728773903,-1.5991003378181117,-1.9841082065516693,1.0320558924718115,0.39488984770741675,-1.8524648158195227,0.19428185956171284,1.7882283858766082,-0.03332027238068014,0.893314003658071,0.10915669127924299,1.3776129167223197,-2.8203448598788396,-0.5506339396655813,2.9953077376180044,-0.22597840090732246,4.458057435418473,0.6285596596656945
1.161705328932931,1.420981142949607,1.7064424336911896,2.7845784174034574,-0.6363911382744855,0.3990809036040328,-0.9153780090400763,-0.554319098796711,1.4077363631719293,1.5868898911549394,2.838728047146316,1.3328808069570524,-1.721409524730962,-0.6859438215598703,0.5136578247986283,-1.3712845832707834,0.9617343769845713,-1.4528742310638472,-1.217601362578619,0.3476828478980314,-1.9551094570178087,2.4577876715818543,1.2706610797673519,3.234708063180178,1.1762778884684364,-2.542110079610034,0.5220008980109844,2.1013624037175416,-1.7855082619276634,-1.1351824082773843,-1.0804840269444866,0.41511416315160754,0.907122347290916,-1.0982120302075544,0.09676095727482037,1.5167346675391822,0.48917826730879527,0.8586610359638295,1.0024933853604905,2.2120938172929683,-2.658882817818644,0.9045202034377644,2.4752626912215416,0.05808611048787016,3.7306268492585763,0.04781381183057265
0.9093319864106222,1.2808459288821,1.4669116358371552,0.5940693974425136,-0.290727951176161,1.1623742003689772,-1.4811391544470163,-1.8207343369520284,1.511392893505732,1.5952924693507156,2.9787285970948476,2.5940571353510817,-2.568687257431832,-2.247080325982532,1.2854426723826615,-1.7241725612285492,0.6581080874595066,-1.1347983121574385,-0.45873466964109877,-1.5592966240398347,-1.4742748973798405,1.3960950047068965,1.4696524418387844,3.0776987119270993,2.218856701740982,-3.9898435957614233,1.8541507207144465,0.9402859485689146,-1.6929555681147608,-1.8265995801052053,-1.3469885811195532,1.0622003761289127,0.7167866318499205,-0.9409343791435816,0.6722151325651906,2.2179346887437266,0.4649367040505858,0.8746173150347973,0.3970969694388803,1.7318880017538232,-1.1681874024701377,0.6206466852097525,1.7373860780938315,1.0771114721758068,2.4233759831777273,1.4565421182824934
1.304238640239864,2.494754419076491,1.4947451473004012,1.0991770858947865,1.2821556105753658,1.8370643502486332,-1.6291507806047614,-1.1012903081990493,2.352070081942569,1.2833477368596609,2.6224722551562345,3.631540595488495,0.7025363828358495,-1.757175754599418,2.3544884981212495,-1.5738161519711635,1.8913496716477827,-0.9896666371100549,-0.927111372035485,-1.536724348263821,-1.9618499638798537,2.543709809957717,2.129300031756782,2.986770464256714,1.281591124709497,0.3774092530880706,1.833977169636892,2.5157223359077565,-2.6993437360949493,-2.584138526758136,-1.925743451647434,-2.0699671509912534,1.6084982171737492,-2.1738975850090663,-2.779742044549984,2.843215159102777,2.061838119421093,1.9545197202073763,2.2650516284593865,-0.2350679992408231,-2.5520846206826437,1.875521244429494,2.6737189537237445,2.183196638910439,5.04783034747334,3.063041224726944
1.8722904993278633,2.1908273489124523,0.24859646529987156,1.9742502407514553,0.7732061159014662,1.7923856261574656,-2.0656833657432583,-0.037115726588847764,2.6830475198170456,-0.2862140527078141,2.827614184843389,2.2471838880495385,-0.5597536055602402,-2.356744878432309,1.6640843387372022,-1.323009585575385,0.8820440334142681,0.04399413018569587,-1.2626050858281117,-0.4348968123137904,-2.337263924862836,3.9448671735096754,-0.04520562967233954,0.5665382328223194,0.5752803125452411,-1.2700078499058245,1.8618536060417534,3.5166732437918666,-2.7270741478632567,-1.7760967901719873,-2.8993846010298965,3.7265175278978253,1.4842211186004242,-2.568779059464495,2.801180553527191,2.5663372070979826,0.6841015218598953,1.7208091868178697,1.5731762626692325,3.6559080346145407,-1.7754077125683834,1.2504743045654199,1.4158313361489208,0.34259128198014854,3.508034404488167,1.5049938295878709
2.257293168153344,1.310016641614073,2.416784088043628,2.274474927266448,-2.2791303562798713,0.38430127914502665,-0.6997871259728884,-3.0959192940638545,2.7144119330514425,1.8415748352956123,3.1672369693517957,0.7604129305623342,-1.8324798498130903,-0.6739028145873615,0.8987484168464259,-2.7755446916398316,2.6874283641869505,-1.9215232836326308,-2.534312510994206,-2.7902288111447526,-2.073190945473613,3.111502869264961,2.593984935833257,2.0433262081211767,2.6265930627459078,-2.260802716941346,0.7224914717237386,2.6832537093413675,-2.7347969398474676,-0.02062059383175896,-2.171024957826208,0.7069880440194523,2.1699645077680754,-2.174935105410875,0.8199538820009752,2.6856916796789108,2.915590589161098,2.446008359006453,0.9959801433260146,-0.044026162978651584,-1.6452743080927352,1.1801826559580024,0.033292061432242726,2.526604708241954,2.2616474448311483,3.5475044355740475
1.8448757997287095,2.8883174286996542,2.4755527774689057,0.4366387281567228,2.352434936574046,2.7047379629062815,-1.7834658477641092,-1.699904983667105,0.5161182331940735,3.401675405308903,0.7330524555209705,2.0083174283331484,1.1590582417758721,-1.7879456263616087,2.659773845051767,-2.142046697394882,1.5893430031571285,-1.459953794253467,-2.1889622590783615,-1.4616899974779538,-1.8962724235164574,2.6069769358694517,2.313967083414566,2.715697894411508,2.853925356537901,1.2625819653799324,2.472330759118239,2.5455223068614767,-2.0602182308190624,-1.7917680893503325,-1.1608516927248593,0.6753734587942363,1.2903649247570774,-1.503709607380891,0.5363870534281217,2.4321715780495237,1.3700315180720604,1.2619119315759095,1.4666577894101003,0.15710760490370101,-1.0963851427221485,0.4769085642769588,1.2547646115333508,2.119560894861161,4.18652855770309,2.850928392841645
1.564450872703174,2.9564101949317094,1.2180989544050151,1.1250991466836706,-1.6241113577659392,1.7795748201098731,-2.508559376602812,-1.099913873710598,1.2354426026914105,1.0693357514989061,2.985104008456352,0.9491258791541015,-3.3337374678944105,-2.0243712205232076,2.8107974670052043,-1.4619931498475038,2.521926802304689,-2.6999293848899697,-1.0618681376444226,-1.1784577789537711,-1.881179932881741,3.6281336154635433,1.1693727256212045,1.64921426586763,1.45853929883483,-4.38303267653969,1.8254780085284743,2.687087560805177,-3.2178560218771706,-2.2517058902568987,-3.092346812702818,6.037644861012711,2.250430934179523,-2.6064709540168662,5.059190087464818,4.647798706187915,2.469810054742829,2.4449992223049195,2.4009791023898788,4.924419867845996,0.45208010941599786,2.4909363705437446,2.164497072334644,1.4594108180754275,3.5920777588327404,2.3526146604070743
0.6240658869399633,0.25729144125279424,1.1548517009371648,1.942293872192825,-1.5681585224716272,0.41653457454643217,-0.5221100772325588,-1.1721533483582447,1.925985505508838,0.5236544293253029,1.855281387016855,1.1602594020130714,-2.5203441275236163,-1.355024394044117,0.5965706821009118,-2.5295122131334367,1.7803868931205646,-1.1433887707394301,-0.8144251785889774,-0.7855696228635579,-1.6695448423975323,0.46844282072769405,-0.17240265976377755,0.9495646589411436,-0.0793207716216433,-2.9650863068889666,0.2290071519827459,0.5062411653958638,0.036809707622393883,-0.036888709265841646,-0.17986497709256954,-0.26909768268854073,-0.0583208094062877,-0.13751989952591792,-0.2546145408726419,0.4295531304008433,-1.9884507517095398,0.5903326683869009,-0.18711952160027656,-1.352175722204472,-0.8249683079540708,0.4107089838033291,-0.4345458068605963,-0.9698799160848863,-0.7995314975243186,0.0999980406398513
0.7864308673811855,1.882205529574616,3.013881125659103,1.007676527319454,0.5144551586915493,2.0388138734824874,-1.1317387156950014,-2.9381592080551564,1.7312077425284957,2.9801490475041668,1.862189317426088,4.429193299426912,-1.4121106925764622,-1.7219097162198116,0.5219960885316495,-2.476471830457142,2.668357490861446,-2.704339984583581,-2.736542392273993,-2.4396088595638035,-1.489310648775024,0.2849229038116321,1.9067287034931213,3.290161097962714,2.1256035160138325,-2.0941936646840476,0.9394694223519036,0.3720055956328794,-1.3953765362127661,-1.1732803604986235,0.8696954194955608,-0.4186611735725727,0.9617552187528697,1.3216004347492314,-0.14192681619584646,1.9678533342403202,0.8760790732328958,1.0001676090708453,1.602106191591465,-0.7298650196035721,-2.747598751819033,1.4588153164848452,2.758963162919586,1.1651353173075827,4.264215557161968,1.7544012081258065
1.4220362228119405,3.183603533364463,1.8702984745518365,1.3999823704164385,-1.268298995618121,2.904798059165881,-1.0858260336179095,-1.2034889054743079,1.6330817820237495,0.9408971424189589,2.3990263302983608,0.6909193498736119,-3.0077778870310565,-0.48505759969521156,1.2426796391185997,-0.6033692422725496,1.3287660437326398,-1.4029813569545966,-1.160957145827576,-1.9973015190277033,-1.4739211191656105,2.973175873781718,1.1335704535495918,1.9405184345489923,0.966540068765341,-4.2942076525687405,1.2408865435394874,2.3724585907826636,-1.1027041956717571,-0.1239770474405788,-2.189261681688407,-0.20575987366102932,1.0194867069261517,-1.9738288832149253,-1.1129883756348702,2.342716737682474,0.5745925254771874,1.6557591937761384,1.4816195956296503,0.012427544978539817,-3.9622210091500394,1.7322216223188356,1.1433830269351763,0.10943986574230902,5.293703186924457,0.6958067362226074
1.2339690061050956,1.8685139627262,1.7711630897915414,0.16821870413186257,-2.6004558953490657,1.558582210694726,-1.9716986388983928,-1.7795354769167209,0.8797878600081483,1.1470942580366854,3.349291194835828,1.5372192525930066,-3.4895248736109687,-1.9098801272170691,1.8046034346205584,-2.1321160329199063,0.5960925388187185,-1.0521268028149746,-0.5563839415221856,-1.916092252995771,-1.376595273981434,1.4409686565802673,1.520847210714896,2.915733647019789,2.374620044266636,-4.7390890650773825,1.436039987799355,1.7987387873073661,-2.217001621326183,-0.62980065890892,-0.5279559210821378,1.9158657632642182,1.4663113848419305,0.2305692914514481,1.9333791736619022,2.058906203168593,1.2352867929470779,1.4531672273565146,1.6331083995240934,1.704780699163915,-3.2454296141255723,2.222693602894055,3.084380204387648,0.7317279913264564,2.3405001004808947,1.379493454421681
0.37644898675707683,0.7459253544898692,2.209637449636197,-0.3291962081116786,-2.8338912121048767,0.05513367485812393,-1.0784482910217796,-1.2649162872687887,1.016714113177292,2.957006717322173,2.424838178145974,1.0712077055217448,-2.861471001463907,-1.3117175931279839,0.30521345024896807,-1.266256717480263,1.242426543785553,0.28267613177921547,-0.9569309052164354,-1.2988549949505135,-0.5264836520339262,0.7090666486608006,0.7119474625851333,3.791534227084143,2.1940639263571886,-2.7820155103480078,1.2415178392234432,1.2653545385986764,-1.1246703186470295,-0.9768440486191619,-0.9704687792869877,0.7159845767071443,0.49897202040416644,-0.8512717240159947,0.7982868418865001,1.216436481643909,0.06285810204245645,0.6022305695564858,1.0341344739485423,0.7472158057887706,-1.2070347965445847,0.8247586091234039,2.8455799321919417,0.596259905449481,1.0551494986373844,1.770570148592825
1.37758790160239,1.2603413242445558,0.637901727209838,1.9399225840724936,-0.32388099723993374,1.7064243790409677,-0.8234810470430544,-0.6599873091963772,1.54852314250383,0.04551568423909069,3.721679175291058,4.338686124088077,-0.9688653045386487,-1.5605048960515384,0.5656592474102933,-1.7505262851060843,0.29131271860334507,-1.0831557646594754,-0.9718494832718381,-1.5560920162317702,-1.950429609764964,3.373027905158854,1.6771287746559815,0.5575674317468988,0.14760243992329192,-1.6167643254100292,0.5804212354822033,3.0940893753216177,-3.416786260414668,0.15226673530965873,-2.4861075564199586,3.120054746923879,2.2794422297467856,-2.6561149460068334,2.6136549687634716,3.4677060211400192,2.369669253932698,2.325267527151038,2.216093861050358,3.9450855950378196,0.5151663055510236,1.789539977330735,0.3532695593318125,2.1795385442113435,1.9727946936107414,2.069750739776961
-0.21045308928425843,1.067303963265088,-0.34048526742842,1.5250471471236566,-0.04660590894177627,0.9955634844010304,-1.42829039713403,-1.0337802059954622,1.7144265754281611,-0.8066318865396986,2.307235551112163,2.7369079899051805,-0.8196143250404804,-1.4742959720920914,1.102392964685908,-1.738950716079383,1.3748665853101083,-1.4119759660542552,-1.7168160109968933,-1.3704594568442938,-0.6472384866712193,0.08034103127532566,0.4682551121041296,-1.2835446823675645,0.8064452285319093,-1.2094467690043849,0.7292945500713937,0.651593093570056,-1.376779799890968,1.0345517118264986,0.9272496960369188,-0.46193247735363596,0.9495402462692355,1.1164619784965955,-0.9586754899870245,3.212932434852231,0.6121757302596038,1.8647530324117079,2.0946041449069557,0.5402366199280062,-3.1333022790559495,1.8018485318423398,1.4723397611292939,0.21538582893841018,3.6136535290554894,0.4191848405655543
0.22563088777908247,1.7997327375636203,1.1928587730134343,0.6011057590646889,0.3238034850206961,2.410698432720744,-1.8622903081472828,-0.5437613855921749,0.6099947822169169,1.2152730817684476,2.249368882887839,1.9306672864114527,-0.4628264114300962,-2.4360025394660694,2.2413430630612803,-0.6996539995999114,0.5947520945993154,-1.4664230851320987,-1.6314429173236729,-1.961642773630499,-0.90101609104289,0.4678948222694739,0.4268883322535949,2.0379686725746935,0.5519495374168851,-0.45650553475379363,2.2649596762592674,0.4923999113404589,-0.9311104901112351,-1.4751443506002095,-0.8655532990295272,1.6341525259011833,0.040425790684087026,-0.7642275476937308,1.3374546084797974,-0.36482265093920674,-0.7592124640972823,0.9446562846842848,0.6563561709244163,1.8451725197192106,-2.4178858704532282,0.12866439005269648,1.147794412793758,-1.5937873377294074,2.910375428977803,-1.4240371146275703
2.3998291198735036,0.6475082822628533,1.9617402084588127,3.5012236789122273,0.1348086908235474,1.4554479280700165,-0.32330626311290467,-1.764643051339758,3.4625143569266648,0.9995927818612562,2.697943098934571,2.362784887618318,-0.9301813402924308,-0.6698852550080341,0.027467623490216697,-1.6276490621310624,1.2301880619313206,-1.8993353262226282,-1.6697960468187998,-1.5267368017821015,-3.046304646946216,3.7843248355244326,1.3641197434081478,1.974404958877083,1.0134730245305654,-0.7581758285649409,0.2826991549788933,3.93966880562499,-3.6954414321223226,-0.027106210177919143,-2.6301230787880083,3.0342082713752068,3.3002710629476164,-3.048897977044386,2.5856395139995314,4.514346352619565,3.288635006237258,3.430930509735803,3.0845923917202835,2.7449601083373087,-0.9351311962364022,2.4719754426988327,1.7259588620414996,2.595913364270631,0.48275376590224806,2.678275895959273
1.3931404794618512,1.2205830283602275,0.5433345932919721,1.2647380452701735,-0.4048420593999186,1.5839696540015096,0.17792669377908732,-0.7549222484289126,1.053086712283,-1.1300598919457139,2.4930009641506206,2.50180333147879,-0.845962729149635,0.09023072914870589,-0.30215208679020145,-0.5539106249576984,0.19264289888516561,-1.0272574767781775,-0.15867053832694689,-1.7819751357933211,-1.6472669772251656,3.3055425842167105,0.755752523923772,0.01525798400658318,-0.5123382374540237,-1.265598304543075,0.10720670956255973,2.97019617601349,-3.267902008318332,0.13512859163238233,-2.431196694499854,0.10474736381235039,2.9826023920619313,-2.446874397646562,-0.6610961894306484,4.541261874542691,3.1011210105840625,3.681683746134069,4.447507108439597,0.5494120497461361,-2.0052817470375164,3.5246216619745367,3.3552158569248345,2.751901622513901,2.9232253856722807,3.586469331286471
1.4512391354472522,2.402758234097856,1.4964742255115684,2.3852820774272674,-1.1628696883583052,2.652636993436501,-1.9820211225530642,-1.3867338736459254,2.1775572957656837,0.848732776973898,4.122635663340294,1.5461061279916322,-2.0881552577564757,-2.060706289281938,2.867328574147371,-2.6539301167140144,1.3100876320113173,-1.870515158828717,-1.703452897082586,-2.1104817179186495,-2.0402774471886893,2.9878410278223457,1.5138855934882958,0.5833530889777347,0.7308403205405504,-2.848535849846079,1.9449601150038434,2.9143721238226523,-3.1469361639347584,-1.5960448141061523,-1.4504341510410534,0.415904877113056,1.8973287101085008,-1.4110372540340819,-0.4205963116941016,3.3433868596024263,2.5784073491712705,2.2432710670684166,1.45477735799581,1.6626995086543526,-1.9142159712616413,1.125281035650034,1.3217052083393073,2.4464050615249087,3.997345661365457,2.9567272746465045
1.0627515211598044,3.632396291271192,0.8055118327300435,1.381413507046642,-0.007415772533342996,3.842785477653218,-2.421364006751692,-1.005625227316517,3.2637555611076157,0.3604337109158852,3.088563963301473,2.2707221879321637,-1.2786807670322509,-2.980158357840322,2.673479309827837,-0.5342092507276952,0.5459271075609223,-1.2091114302519341,-1.3466222595978319,-1.3848345122374885,-1.5072271417161498,2.5544733346083146,0.626610573710034,2.464094950876402,1.294623973083756,-1.8538595316483963,2.350749456987031,2.4986946739432456,-2.473384352619021,-1.6041559076516412,-2.1681707799993353,0.33804557959681203,1.0886357835667193,-2.3221236123220055,-0.8773578913695939,2.039701597207542,0.46869243991207415,1.627224228758861,0.6830385563174437,0.5969026690650518,-0.8105820846365642,0.20256566658517627,2.397632008469928,-0.018294338077866512,5.7092353915108465,0.2646701471858486
1.3267016450586626,1.843847434849701,0.4328894290842833,2.057992602178667,-1.4732578996153856,1.2689811206076373,-0.8063949458895137,0.8448182657337924,0.9985452974674116,-0.8977800426315672,4.007929515982282,1.8161461630974522,-2.7735400541052373,-1.3647074768204643,1.1493895909125613,-0.17303368383182627,-0.7488770804661466,-0.669987928945829,-2.0196012148064115,0.29658375409010196,-1.7636417957253743,3.465308963377428,-0.3224950258444872,-1.4201468370338473,0.015202546116797944,-3.6427246080993223,1.159515150139213,2.9460940195388012,-2.5272803797190444,-1.2758473374372579,-2.4693370281633196,2.061155007683007,2.0587208537466504,-2.557756700346337,1.5503189415178023,3.253775740252873,1.6102123343873875,2.3744067017671,2.3421265487027414,1.703474866884647,-1.951289411253616,1.224395633192861,1.7151523564985833,1.488636589649146,1.0035963205643514,1.599590941973878
1.5016335069406674,1.919965334918344,1.3776754129855238,2.6944491939239725,1.1040033165514624,1.4545767535035607,-1.6046894414458615,-2.328635940025991,2.633000711244871,1.0723534797918977,2.626831405798857,0.5701124902184785,-0.3516967036617493,-1.7438806978009238,3.3094487794629224,-3.0061897216104905,1.618709578368567,-2.5116732699522455,-2.5089949749609253,-1.7722713011256404,-2.489229194751159,2.1735506779734046,2.027062914344299,2.319385749695704,1.7904753574783157,-0.9146971237101178,1.4053203726486214,1.4948708160729902,-2.565365536683589,-0.08438857882691497,-0.9177930524854421,2.4282484380515914,1.7170015569826624,-0.884340120356109,2.3936252387305172,2.7454317698276642,1.6719997439215963,1.9164432741777326,1.4997838172033915,2.137438189955779,0.3638571231465766,1.5966470638937031,2.099073172789946,0.8861183639974908,2.590394634166532,0.9685324589446465
1.4936871900043307,1.2194553533441956,1.5054077365278196,2.0898145008976776,1.927735176476999,0.8334974226838925,-0.5664576325872703,-2.500317541600946,1.9103351653931855,0.7399463151712328,1.8865294584012637,-1.2393173717007804,0.9119771689360865,-0.9614883201314859,-0.03002149027214962,-2.584558694243169,1.8425708740957223,-3.505615038817303,-1.8852046296115168,-1.6622201773376832,-2.781221448511193,1.5888053893694372,3.22185132945481,1.637766518292349,1.3747125804904607,0.44295227319105246,0.6207794895562302,1.8216798940845906,-2.577209977015469,-0.9831895928001928,-0.7053368899738962,-0.48161349714117363,2.277436012043265,-0.7203545731064949,-0.8280479486845287,3.2397455219612192,1.311288936608848,2.98078478106542,2.1151969283926166,0.053621106679901276,-2.007578941453438,2.356134402331433,1.5681427334269273,1.7132166184019093,2.9640187189725222,1.7610662082845558
0.8921998383649601,0.039891426080498116,1.2712053377210593,1.4291889651495668,-1.170511507534353,0.02292257520975527,0.07919841599661481,-2.0687875628568047,1.1957540719292048,0.8647412424410839,3.2149151343523847,3.8724826115203097,-1.6164213650089456,0.30422518696598844,0.2856242378568721,-2.231593263600561,2.300568992435741,-1.8987878273118006,-3.3104736816300235,-3.316327827250669,-1.3879043867896532,0.046451042145279064,2.3309134563752347,1.4419149171549814,1.1696202546509369,-1.529377061228292,-0.48016014083284975,0.5287259412073584,-0.32944256015658535,-0.21651396787947763,-0.43620423463280966,1.077540417953685,0.07685252683471266,-0.30492777582784036,1.0305111952510526,0.30684863957823727,-0.35134549674787363,0.843941166938839,-0.42281866995233397,0.788781054668686,0.37151995062227305,-0.06482327990042647,1.6835699783097025,-1.1768828131698266,1.160379561634965,-0.9678270240715312
0.6180570210064769,-0.6868799524346358,1.5185402062555817,1.474342539259895,-0.31391508466270235,0.19990143539508032,0.280262543978649,-3.2135581367644948,2.3051400875107397,1.788117112994596,1.141294194737009,2.389794698128216,-1.8075602503935457,0.29805971194860814,-0.9513576348093611,-2.6359932429847506,3.422758708998726,-2.3043068035011207,-1.797415767682114,-3.3037948627222753,-1.9392089326639814,-0.6910879755747352,2.613829792897201,1.6842497918639319,1.9676018877677306,-2.4145585328879284,-0.7722788686489404,-0.11722988293030201,-0.09600069844852754,-0.3259208454894058,1.1244438430906383,-1.5001661780123914,0.05085890074108801,1.3284789822276886,-0.9099663033339589,0.3422757925951292,0.14203529237442547,0.6198998754950477,0.1571621023719928,0.3240845102691523,-1.3067318541131057,0.2116629504378431,4.924761703729705,0.4062633512607355,-0.10623369283638429,1.233563116304234
1.7113552406236168,1.6783208454837026,-0.333158414644539,1.8770011030735976,-1.288089552432159,1.3371872611806817,-1.5605717584483976,-0.04590432310244985,3.2881154241559267,-1.3221444774734425,1.2649702511739975,1.1175571496696781,-2.621482999855893,-1.744254044164196,2.1549344097770997,-1.557527426617508,1.64803367035036,-0.8776651220037014,-0.7420341532383244,-0.2925493634729637,-1.8158999791797152,3.046691757565583,0.0984057689480391,-1.6410743539508597,-0.17326961604768387,-3.7995356018928366,1.358404176951689,2.8420790489455596,-2.89249340214183,-1.8254726330805413,-2.0168934876003317,1.567070191510332,1.8041444127280466,-1.5056516512095226,0.5622692986081026,2.522228042320617,2.185808358602025,1.9854054945959798,2.200905822856674,2.381342305916792,-1.407156950427518,1.4140654962569825,2.6662845296529554,1.5324940768877515,4.313106884123962,1.8562871128820493
2.661487730946652,2.5869182432609064,1.1591214305660367,2.02144741496787,-0.0995456187580881,1.7148486417894142,-2.245134559224687,-2.978032433777952,2.125181766401459,0.8180009023294597,3.7231351472714813,1.6977758704272794,-1.6670656298076734,-2.0461671747943164,2.3100961130191147,-2.3585633187935544,3.9114486940811615,-1.5862371734859948,-2.807011164340142,-3.030681310559352,-2.552238196121344,3.9187555257381277,2.5972754797631223,0.6212934401931701,1.5282306983820204,-2.647489202514087,2.0858536690350893,3.571981750207338,-3.002184939517933,-0.28931916244244527,-1.7385610436817154,1.9439309967310543,1.726890272281105,-1.8438300986190839,0.84821110473002,2.8360524944797127,1.30770728723988,2.2043063723834546,2.1321492838097393,3.2729233645089773,-2.7932868459965365,1.9345862456470095,1.1816260576750315,0.3829447147189421,4.882753154694752,1.0857877930370976
1.4706037687526075,2.729606564499604,1.5000747632200435,1.2875851323182748,2.026404957678542,1.4834732587185246,-1.2093109540221167,-0.850759237360896,1.092887307905984,0.8763531622001591,2.5724809581097228,2.1302113160166156,0.24124783455179588,-0.5107413981811484,2.396673529570186,-1.4020382723682911,0.9330469142623199,-1.2805674964771065,-1.4411347679314872,-1.41700066155098,-1.7337884910408754,2.780134386821297,-0.09442841776881905,1.363215858888153,0.8896033870333895,-0.5988535355456481,0.3129252157560616,2.6071459970762354,-2.490130894578488,0.43488622260670673,-2.1211890828573363,0.47849698863022505,2.29535799342273,-1.8498433125934488,-0.3018314889589717,3.892074447739132,2.0435302883022533,2.269294845371145,2.383924671052209,0.7701578921761136,-3.6545931600901564,2.5472633710803025,0.8986935561200569,1.554208583040638,5.597716585624754,2.430899080163244
1.3516314387588606,2.6486794668200826,0.13513603425131016,3.058352564853502,-0.946466947408816,2.1903572861895233,-1.4684803958821042,-0.18743453986891523,2.38323966061943,-0.9485253870203361,3.8487133047409623,0.6036176127654872,-2.520235021892507,-2.2401820290610823,2.094758575664621,-0.8746179633866166,0.1230015092342227,-0.2828618056641441,-0.6551474744663814,-0.969152780201971,-2.116006468411537,3.2272533255777898,0.8431940268547882,-0.21359607188204488,-0.6809527673640636,-3.513160841123611,2.012781836917773,3.0455410260063704,-1.4328701138289124,-1.9654700406459733,-1.9502901081918036,1.004612707293567,0.9488158235943319,-1.5785789206540197,-0.20342940213161276,3.02872893188193,0.44274443715409073,0.7655718663668889,0.6399673156802348,0.7940532694229371,-3.5403956476026264,1.2453728684057654,0.2375291159038917,1.503482722243053,3.4678784118679746,2.560797735055291
0.44290934280488037,0.010282450553559919,1.1924953944081556,0.3709173275411468,-1.112190822610719,0.2517406977292995,-0.14784930694578602,-1.3709890408189258,1.639870933301061,1.4673971606463052,0.9506405803336493,-0.38710890972483813,-2.320391678069474,-0.08920394050534175,-1.591311379081928,-1.9997726675224528,0.7000127366089993,0.21943741973789854,-1.364036773939247,-2.007922023845611,-0.8015078738410554,-0.3874727998114422,1.9287409118307166,1.4276826388231232,1.9699915059462,-3.3902709443489005,-0.4951611887602636,0.3713136600393361,-1.3174896335804658,0.4558869393687772,-0.6115622704122371,-0.0020354741292054612,0.8857458003947338,-1.1041452552433992,0.10602055173155478,1.24729815912875,0.8965871534720241,0.8177842419736975,0.6422080687860215,0.10344510597032852,-2.192478854938914,0.2911464563567643,0.8214028972938575,1.8938565720734408,0.3524197189642182,2.316733258825861
2.1384169828058566,3.2865357015224097,0.7447006667990981,2.9523367163267826,3.224010052505986,3.2942793684376195,-1.8689722939312954,-0.5108506697440983,1.896294601676035,-0.190356337214026,1.7935695772089075,-2.4218996861739264,1.1624855637225973,-1.424198338520505,2.629402584466994,-2.4817297667985487,0.2625959901329198,-0.9355807427634704,-1.5574404248192795,-1.1990027553960876,-2.346915489607811,3.14420410855267,0.05541169695568482,0.47320283060190826,0.8967948582600916,0.12233042868644084,1.5294253246819145,2.788109996905388,-2.334907237015623,-0.4500719199596898,-2.1409821092290633,3.103814086609142,1.4156861264143583,-2.35855489884509,2.1398925958203097,2.7674361833263523,0.42692159678903974,1.7106274517150677,0.5843835034204247,3.000836911227455,-0.46968977215077534,1.1889976392839692,0.8294028498089411,0.4603009052109617,4.713018455257519,1.5958184361449632
1.9587512672986371,1.336468846729073,1.20775054840739,-0.022390986638388677,1.2550415766276544,0.13543646446227897,-1.2568038701659041,-0.2770954886266963,1.6827774839440077,0.8241970157371701,0.21561907771668798,3.9900509827643695,-1.1048989318983256,-0.4848325092459729,0.5544940749863847,-1.1460946240457517,-0.7955343280430447,-0.29529565320485673,-1.4388317433517455,-0.8000406146177618,-1.6739026085837134,2.975963831760636,1.2548517916927664,1.02139790907618,-0.45009292222557984,-1.6489131871909992,1.4866563547337643,2.560535803861031,-2.7457372681921806,-0.5351100160742488,-1.531299846610706,5.390430442161622,2.260261552692169,-1.448725847660531,5.1110450364234925,2.1603949021392843,2.46031939069497,2.8312177123627715,2.6198376272462447,5.3287242631762535,1.292413155097792,2.313496795495471,2.7513405777956423,1.9067035422442191,3.797463970684667,2.3831120478807652
0.6914065130953151,1.5672402876586022,-0.26611615967710667,1.0797679465932961,-0.8573203007321532,1.7882988233556592,-1.2439955106785803,0.9171662034245105,0.5752184847377022,-1.0243047075618754,0.37193326126044823,0.945839350547519,-1.9085803791975586,-0.8816259083695971,1.5201982728057406,-1.1162307203149133,-0.04898377269669374,-0.17062041702199804,-0.1506029944374052,-0.5067792148280634,-0.7842300423454027,3.298453922484716,-2.1391106289754407,-0.6309824326691957,0.18456163340210918,-2.614593707165266,0.9340769679573921,2.541256100316995,-2.0274857350911715,-0.8366131585532993,-2.5369567366867187,2.762952897459585,1.600119149949736,-1.9440853017960669,1.5148516498146194,3.7135490009230656,1.5486828676620745,1.2206176718509765,1.1396908824132763,3.763993678445831,-0.8861824135266417,0.7047883133406203,2.0198946777737383,1.1712013659531335,3.0270748654875956,2.146023515432775
1.4034445061094785,1.7598584050388957,1.3399928020907927,0.9760891606087411,0.4934453228860212,0.9704017868022747,-0.745333516929879,-1.3150139205204077,0.839728053832661,1.498058936480759,2.035521636464621,3.0453764953283136,-0.7414217953691187,-0.7691916131509196,0.9062231056439576,-1.7889304667020411,0.3375171020323984,-0.9874764074246474,-1.77265987379546,-0.5502489900658496,-1.543360092424995,2.1018433534747,2.1918116341724865,2.8610612873533956,1.0187873699242378,-2.1583834720323596,0.9289264621626502,1.9098985977540823,-2.7540041525300913,-0.3041525101221433,-1.8758373127846042,0.2488995358262711,1.963122296621802,-1.9633611758886307,0.28753241904393323,2.4364443507126263,2.0138186514348573,2.205988854316684,2.143790423282576,0.17380803050062754,-2.3976189632978753,1.467384732529992,3.278040931210368,1.2640576708254776,3.212112764859262,2.0239570709708574
0.8520699724386364,3.2955711482768875,2.2736884896855307,2.040916249237754,0.5960530047866157,2.7176592077259345,-1.9785875338304661,-3.072810416607393,0.9754434048038942,1.702038148998934,2.569766280917543,-0.0774178565131709,-0.7948986036940757,-1.6949509347958562,2.8903368075709874,-1.930792271727377,3.2392918093891856,-3.611564626815094,-2.199698230393516,-2.029962702851323,-2.0210179658460516,0.9301058184617181,1.9796936773627385,2.740472593202509,1.9960935887153064,-1.3247447033361324,1.9946097966386946,0.7302107136157912,-0.11178150770400785,-2.0623395535244056,-1.338010860644036,1.500102686659395,-0.1983426441112337,-1.4032951055878617,1.5828699149655967,0.48817399175535425,-1.052372921651469,0.6642982014286848,-0.6350069390424562,0.9398797066231396,-0.04692897758732806,-0.26300157653278333,1.4829794098521507,-1.1802239814502824,4.118418183293753,-0.30050606682713
1.1227875360618178,3.3099523778114106,1.2276014436800182,1.2215075348773208,2.1699405945058436,2.3853486213816724,-2.0917268532821383,-1.6613937098463363,1.770615849713245,0.5321101040496661,2.701994737361137,2.726673834676136,1.118356618333796,-1.9363132357412196,2.9761502637827575,-0.9214335262432691,3.060636785721253,-0.9323763372111744,-1.5677353080634364,-2.010020651864421,-1.4917540396224311,0.5363278185572227,2.047240550381213,1.0117700904318527,0.9270540256811455,0.32816589119088446,2.3474151106304086,0.6309595230366352,-0.027814287228871137,-1.9709362489292754,-0.7141933859038483,2.874903207255704,-1.0211808102473445,-0.4531482903756203,2.197944822336754,-0.31500177903735427,-1.4027377350193215,-0.8570775864886333,-1.4219090333778175,3.5110473341644326,-1.4046668313742616,-0.9577941395897029,1.711251432126815,-1.0448716658769595,5.06576505899421,-0.572649741723601
1.1775755487047224,2.1037730137194415,1.5828828417675669,1.0230688243207386,-0.15929835035340023,2.101763147430912,-1.532702463961456,-3.1808596867518073,3.7188571289874197,0.9125702702967049,2.8026415540096297,-1.526652713554722,-0.8784985928886374,-1.2326834324096807,2.0591519598292756,-3.3269327254765315,2.34944651469507,-2.1443408015231595,-1.421565707651177,-3.052854115708037,-1.6630304275559489,1.3120156368363676,4.158891724377014,2.9198550456635983,1.1274253507500933,-1.74016536007072,1.5888526412697375,1.1074722732223932,-1.2193689646803716,-0.6271230953480605,-1.7088155971286414,3.962372224566871,-0.07008562083053027,-1.5499711573778538,3.5755729965191714,0.1805621930099628,0.5655726159469113,0.39458048235330057,0.4480251582431326,4.300637806970921,-0.4835154590016346,0.13033853108096505,2.766275913272721,0.16627222024088417,6.148043193953914,-0.19926254500452045
1.127513597165501,3.7495784381415023,1.621194484820016,1.2042362047783837,1.3120596209489177,3.4377757711402426,-2.783203381902643,-2.235674090664682,2.6300967942114855,0.8270340264858622,2.246846028893077,2.508467654494922,-0.5376535150051864,-2.544569395966123,2.755024421874915,-2.022114176641622,1.4702184159442298,-2.025615792107201,-1.7767904919801483,-0.7091365285368385,-1.1951062831126311,1.7020953581155323,2.229298758282797,2.78087385419243,1.3871498977990433,-1.334115833745003,3.1784857661677917,1.5360505934438025,-0.8218386436747305,-1.6528304353788676,-0.6250675611705763,0.07637613447977021,-0.13739310669276938,-0.8722646237702928,-0.7870233181675277,0.9287018703364751,-1.0112528326071049,1.360467160540066,0.2665391108235876,0.9286927115141218,-2.3257917688792356,0.25933894165684024,0.7343489635196137,-0.6782636467946637,5.682881816635989,-0.5018034112269303
1.0644458071612641,1.7987196359755842,0.06445961989793925,0.050641010995552405,-0.4889670164301171,1.8419414464546027,-1.7162591952657262,0.37768055419604285,0.5641251784585106,-0.3769890149124251,0.29374876714184195,3.366082838859345,-2.4392048689657297,-1.8726320486346268,2.074981452781876,-0.9751952659052606,-0.4417724173177815,0.7299133130750226,-0.7685294149871738,-0.4459588387498259,-1.116277064301037,2.3949907798084347,0.7818042304843671,-0.6468713131376267,-0.16839565978155346,-3.7104348914962446,1.4973530188836013,2.0027527739224205,-2.6315820993847763,-0.9762379354853207,-2.3944046174196805,1.3605569163640767,1.845574074844738,-2.2943065620518475,0.6461788114149122,2.861031115922165,2.752745057490834,1.542631835131981,2.1989863661878095,1.5862112747645847,-2.788802697267493,1.885126450376785,1.545370394091347,2.0896777181076613,4.006077999723898,2.8786370270781774
0.14628802348938463,4.053133239598106,1.751024643480974,0.7151220612564619,-0.12747181587958384,3.6615950359701577,-2.6781114349681663,-0.722031806989997,1.3665382103739492,1.554963938936421,2.6017668536455165,-1.472377676064822,-0.7458216395547637,-3.045640661376309,4.096016581358386,-0.7423257269760756,1.3393077433142617,-1.2547571414917125,-1.371837938644512,0.7672443427644391,-0.8135708294235587,0.6188033491010656,1.468242299598005,2.8048858526668776,1.9044122904169747,-0.9850003411561922,2.917862542358099,0.8642123710007503,0.3033947738750291,-1.8706282720413585,-0.3875376832061712,0.7723163653956818,-1.80466083125249,-0.1981581082735937,0.3432681982728023,-1.1007074076004901,-2.3954499812624395,-0.6075006322327592,-2.5306181489010786,1.395905098481178,-1.2990722401889252,-1.5007283047467408,2.225347501687179,-2.2027650372289083,6.820802412948758,-1.2913990092460845
0.8328054808948618,0.4020507297945397,1.3325613349261003,0.7000634386120158,-1.6029010435101045,0.7984751572733917,-0.2614741290958791,-2.1893353184799196,0.7720395550947667,1.131366533841156,2.4114939738226053,1.6484327294168362,-2.0085726763820553,-0.6267017438589593,-0.03470009820139097,-0.9622986345676476,1.9734393665084395,-0.7785120071093901,-2.2773559576275195,-2.172075400889471,-1.6854772769633681,0.9573001152339222,2.548450168721298,1.8416236553731276,1.7074817192752123,-2.4659049352594193,0.1129289414944461,1.0779842001597413,-1.2255297861269123,-0.1733210481049542,-1.2541297511054859,0.7211605237885091,1.0359803769892066,-1.6420514303980212,0.7029671342627344,1.6537271830335887,0.7774434009942033,1.7346557414226023,1.5819261692505333,1.060774985185524,0.010309203908347664,1.6851185633793095,3.692990634302549,0.025518352909631337,-0.09344516941806802,0.20007960193759344
0.1294638208028891,2.0289883083768956,1.5830250225291376,-0.10381181800185924,-0.08404779880470498,1.9562770697453735,-1.1006773313493605,-0.5609185325525876,2.092093304059102,1.3667866069707864,0.031661406092257316,-0.504937028228805,-1.1678752433274955,-1.3213044594029348,1.3003826882033929,-1.5996854474923707,0.37143987367588627,-0.2576233254891349,-2.281586972351897,-0.5240456802148665,-0.8534894983154974,-1.1551872834862182,1.6480300492592477,1.6506106941985814,0.8550875845157783,-1.6472066663815719,1.0296715395646816,-0.4121148153366143,0.6410481153968266,-0.6878320711339855,-0.16064882653035273,2.5021189478290458,-1.0141897200629209,-0.5338251788755665,2.4287382131821067,0.6515732132744638,-1.9698277477058248,-0.3854728165928232,-1.3166894071354267,2.7394902217357355,-0.9140519354071499,-0.6380858120836084,2.2008936479032637,-2.093875141991171,3.952751049083721,-1.164578293194522
1.776994899587692,-0.9386248473541188,1.5516286735405407,2.3945125197326336,-1.1958912662447694,-0.05903699374641036,0.4599930692951366,-1.2673545502475503,1.3174879699000162,0.7852457824233674,1.323443296058178,-0.1491798627430252,-1.8040018325550307,-0.15119148399476834,-0.8290094947620339,-1.3560155490011723,1.7884519595822854,-1.3734199266316918,-1.7141373788633696,-1.5226056407560398,-2.2794223665316258,4.050060766042556,0.9529397070393211,1.2160925162879896,0.7635792220797338,-2.5824557122875826,-0.5119732182558088,3.57253229365211,-3.930691399144374,1.0188123322904583,-2.4487099989901306,0.19042785097056592,3.5265755765777445,-2.22516696095652,-0.13097249048575033,4.154830595799123,3.512040023260866,3.409248617795704,4.086735883168705,-0.027689766353546696,-3.386513638765364,3.651756764410842,2.536872635925811,3.849768500272657,-2.2601107978977533,4.176320443905958
0.20724592965963118,2.9079250716750673,-0.438339719741355,2.1056794234529552,-0.7047100499155586,3.141956421801702,-1.5854762359351926,-0.7138247391452637,1.629241537844604,-1.97420360913304,3.3822241792507013,2.5321045535407536,-2.1010915779881483,-1.6179364087031611,1.750747522768208,-1.9467350199507008,0.02114800392565197,-1.07947218407643,-1.66587859205432,-1.8593517327953513,-1.1312188411060968,0.31683170284147644,2.2158155516885345,-1.6503565496994608,-0.13379534022367667,-2.8295552687388827,1.1922226566654976,0.5401538731651976,-2.0333868415243344,-1.3750402549761738,-0.3651397399243752,-0.6525171143595354,1.5983268302122253,0.29680273302402727,-1.5713279237902602,1.0647902976615085,1.2264312697170394,2.1567814421736573,1.5150671504302846,0.594226193021705,-2.1813054396914016,0.5713789328594941,1.9478940699607739,0.582723269170223,4.407075448382724,1.2050145647828034
1.474848015357527,0.21508945868475426,1.5517956051766646,2.783495433086769,-0.42657644126300365,1.1688460069873985,0.13748987801880297,-1.9411225450510916,1.9330255277046577,0.6777693202232111,3.288562085160053,1.1191449320030142,-1.7473792346892272,-0.5983232600128792,-0.23013457357269895,-1.8949791628709616,1.3210092935289697,-3.1296923507627326,-2.131533435411945,-2.4627951838639697,-2.7197465903992075,2.2651338067079205,1.872023890821847,2.757311979378036,1.6264282865010584,-2.2948625398745297,0.340733596982596,2.791840433691289,-0.9282543791941407,-0.3089293531199794,-1.946159523728099,0.7461240184095987,0.575804628867248,-2.1382977755551527,0.50924584292702,2.510345357461612,0.4259336006305746,1.7159707829226305,0.3266830003248161,0.9449116937303678,-4.0592817695401235,1.1716306896531807,3.7789034063433142,1.6253291616135637,0.3284631015774182,2.2591974048806165
1.7985876133523475,3.9151807565432173,1.4855715244628924,2.773355775674471,0.0392665929298564,3.5279011389818375,-3.95103680015514,-1.8013616316302414,4.115717360026463,0.5828656714440767,2.437221266057228,1.4244645655421615,-0.8123405687277552,-3.469968948969945,5.640719625611779,-2.623768589653891,1.1592583466153006,-2.329285923003048,-1.0902970735957949,-1.937563339486178,-2.079243355306355,2.9856949325840048,0.41287205680189587,2.4866727266467867,1.3376157008214271,-0.8212142525754487,4.443590437096597,2.0130935801851515,-2.8969103207792903,-3.0784708204783735,-3.2121651903753023,1.1825556973494227,0.9846091573836164,-3.1376548266826787,1.1954511715373182,2.074480698917254,1.4769812695165265,1.6585499422833387,0.6678868690123014,1.6940977529773533,-1.8788119267551808,0.7563739093036055,3.0129163889138857,1.3506513796835682,5.419018813725089,2.470416970450268
1.3006158863444273,3.303805230817272,1.2458223769612824,2.1174429246412676,1.9750060329453518,2.4487653430512157,-1.7461027895544912,-1.3725492367986956,1.1797771685717726,0.3342388877804048,2.358100933596623,2.8969023126724966,0.8716082689521092,-1.536830946922774,2.0617861702355067,-1.056884268051681,1.5600995609402597,-1.6395202588274178,-1.2086816868848647,-2.0712171180360266,-1.7469654170318265,2.5684512865472158,1.1591099387489427,1.243862641990958,0.5519397007895135,0.44141782100948523,1.0547779984430807,1.489695541086923,-3.3609097489051423,-1.244886453214702,-2.3089261411921833,-1.3449793001347146,2.4164750112406397,-2.435319442713083,-2.2315077212566905,3.5553296912488075,2.567439822989559,2.712131339392218,3.2678248679671054,0.10976174092855762,-3.382795421377507,2.3477368261089393,2.800496915599724,1.348353265377951,6.090746112460545,1.2336460205144797
1.5562525428123086,3.902253606499533,2.83623890210799,1.7796846682673289,2.5689190906162542,3.2425637352251835,-3.106542780769925,-3.44051972437648,4.047303461220579,2.561309741784318,2.384159092128983,1.6070886845239505,1.7684342331997764,-2.843000820407733,3.6635180565107746,-3.152093121033078,2.1506244476753613,-3.138516943216537,-1.701447723288876,-1.7854580717644788,-2.632926422585418,1.3212201804143064,3.0907632298710253,3.5792689131656648,2.807809448922701,1.5887937040034719,2.6361450214433173,1.9508247118132165,-2.0845963862270076,-3.0937798326320944,-1.9426745233639386,2.5784375282184464,0.23115527942051173,-1.9560525791919812,2.5241605255157102,0.0032116575918768042,-0.7693668496124665,0.28968969425439095,0.11863339064865897,1.912073740266697,-1.5266986605340223,0.767246608248191,2.098143517133282,-0.10056540791446555,5.025634098090225,0.46498031163891496
1.4360343243503721,2.3582050671348793,0.93973041449195,1.8554131467794956,-0.3796050078702382,1.3232485840081951,-0.9648613822051857,-1.8462543067628003,0.9770214689286254,-0.09438439796983145,4.404182353605272,3.1680977680050004,-1.1376872834809892,-1.1578798803111663,1.6197413154333233,-2.384610498475047,1.8085539458406066,-1.979906497631787,-1.0424446114314034,-1.7237640792190216,-2.6371498916309735,1.8813071522215428,1.8290685110457816,0.38485322777148445,1.2396177091136003,-1.7547826380024432,1.2645487807392044,2.627812196113791,-0.5712308891977806,-1.1343687879621436,-2.0282399182883366,1.4904302645585266,-0.14757044346373882,-2.032798108668783,0.24025624691225433,-0.2141038251460663,-0.21562480225884795,0.32080903607591704,-0.7217314713552181,1.014647814985516,-2.117637607789375,0.018008865629781323,1.9057458657530413,-0.40167153898888786,3.635898158891696,-0.10248901973534963
2.2136835784776867,2.35299194882532,0.5153882207055072,2.9796118086443455,1.3258348182946071,3.266541750115308,-1.5113235880765723,-0.7602127559181097,1.979458525163565,-1.289565091160598,2.633739001513878,1.276611861924899,-0.6333917440204875,-1.319837231047452,1.5346038164406202,-1.3657451716450395,-0.7325946417759182,-0.34918867156551325,-0.003650578426431794,-0.4891602707302265,-2.3407027278594863,3.190725701711402,-0.2623878572322986,-0.017102236748097077,-0.527870652687942,-0.9445603657311421,1.495486156159472,2.5212783559203986,-2.1577805600606044,-1.0538508772579909,-2.1082832496691046,2.4895994230018985,1.7967695358707427,-1.871324368161343,1.4738275974416468,2.4562103790973246,2.3488881509357467,2.09554945869829,1.9171448329114256,1.983524334409655,-1.109260249196883,1.7283564826275817,1.2610969711260682,1.9186175556399996,3.6691601705921304,2.78950879350948
1.5466027459040488,0.5636492894036704,1.4806177642327654,2.5570544903384054,1.0563235249207343,0.14901007004406286,-0.822397899376762,-2.429409279519546,2.138978207850945,0.7025035262422802,2.6926034346252297,1.609312115848005,0.23658505704251498,-1.708780619138643,0.8811136292918104,-1.8765128516804435,0.8640308746763379,-0.6036838356563168,-2.1722836809847714,-2.4276515097161364,-2.3032297249033733,2.6552689925110506,1.0499212731769045,1.9010368652184002,1.4839515074287188,-0.7793236402426118,0.47591903370212196,2.7244639227870397,-2.4646849567865674,-0.7187372232983298,-1.4253395604024213,-0.553821326699411,1.4919375320775223,-1.3688559773870306,-1.0879799391368385,2.121744664107244,1.5659902489793098,1.8414769130840256,1.3926467593289662,-0.4943193127755927,-3.7380415603930164,1.1976777929143685,0.45967868119868727,0.7762859572170124,0.6246501719542374,1.3398206642975954
0.4815950885068869,-0.35603144085892247,-0.3267972369231509,-0.24633320483861643,0.03246661226468073,0.26217212086887764,0.023106821167584224,-0.6438472921406181,2.039952303703766,0.5824521384472887,2.3021562093878676,1.745386388760531,-1.7710616763867242,0.3587994498078184,-0.29515089991014887,-1.5548556280677515,0.6990832447209471,-0.8189403811473744,-1.3068878067425778,-1.202988680665004,-0.3268291284316476,0.7561110837207203,-0.7452965444689856,-1.4621778062436548,-0.48541082924776124,-2.6216271708681327,0.18554349133273584,1.2857620676903476,-0.7113630296130364,-0.2742928227859692,-0.3480178661202258,1.2781032794097151,0.17562659789868496,-0.04845552846376888,1.0188049273345385,2.354227108613661,0.04623649889248893,1.140221001093736,0.30202727538668195,1.8163507465692634,-1.3307289099710347,0.6342325643119682,2.0454497278220725,0.040519030507155884,-0.1355029057193553,0.36406543583432005
-0.30033439729650135,1.1025834218879385,2.9929566502607425,-0.2463182573179541,1.0765997792527178,1.2319127234764302,-1.4524152174398388,-4.363478796764909,-0.03957060190947903,3.5712331236188923,2.193209696170411,0.4643198138167044,-0.060623642957179036,-1.5091117049048584,1.6311511877610563,-2.9500058498687887,3.750192808310159,-3.9927257750769654,-2.052370694331942,-3.618291483075515,-0.5810028769940432,-1.9647201357925606,3.403566560305189,4.567497139536197,2.627726250309005,-1.0027609281000904,0.8511407332784947,-0.42925635199330103,0.46498372773896324,-0.10756738676405075,2.543014496735463,-1.248578513264856,-1.288779575626461,2.731522647740225,-0.8477225368184329,0.34757162793106655,-1.636458193669291,0.09276861137895653,-1.3300180085890319,-1.1869381293495873,-3.00543027829863,-1.0406160306791024,2.1398608010992164,-2.0496404261662695,3.061081616227272,-0.7912972984705777
0.36247055631239067,2.062502491046432,1.1682182573147661,1.0335196150785733,1.0638478146734436,1.9606018768685307,-0.9404781726528944,-1.7044297420436867,0.7751781637463442,0.8245641558540404,0.7011103569760289,2.0508614064683393,-0.3374194921843132,-0.36356143566334453,0.4406350788884441,-1.764234041535823,2.1045846424860057,-0.8338100314195018,-1.3643910806835708,-3.4010648976897864,-1.389736093910133,-0.4061642463462216,0.5609691742088965,0.8013202720654432,0.6441031569830539,-0.943918972247204,0.5214818829612073,0.08528957180874541,0.947726204140799,-0.7478552334994246,-0.07181773302732442,0.25632091178012595,-1.1503683008645549,0.3579810978054878,0.01467614207904866,-0.36614121864139193,-1.334954740123171,-0.8039520368517528,-1.9319147239154868,0.9158368024010434,-0.8737816449129073,-0.8841536098534386,2.953345904434114,-1.2482816559295564,3.921958790436186,-1.0466041059356281
0.6517531320463446,1.3008174155118706,0.6011376832115176,1.6134017106882004,-1.1479592604034825,1.3957144700186312,-0.9182052223141064,-1.5243037031811077,2.7901664008213443,0.23017539087261862,3.049140004769862,1.4383230270153957,-2.4459343335833763,-1.2434763493215366,0.9425592478445753,-2.5773727624516596,2.1609923512818026,-0.8937769108699758,-1.0105727061249352,-1.497361555308499,-1.1507456658334583,0.6725575650819051,1.648169624689737,0.15708957862912398,1.1671278800677471,-2.7906933283308266,1.009474920454318,0.7618842470333009,-1.754818460057359,-1.2300178827244135,-0.3758501474777538,2.3469555938717717,1.9416046310760202,0.17627472340840855,1.9734547334523311,3.050801341831168,1.9112057883658227,2.5181647090070984,2.4084619134937,3.440380833549252,0.05433821093749369,1.3765088027365278,3.0186331903547776,1.7357692277087802,3.46239116869851,1.999546113018152
1.0233990903664831,1.6769955334062794,0.810662488298751,1.3698868985849106,0.7084287786833954,1.2227936660528966,-0.550122884403763,-1.4340979534858884,1.6260914919959184,-0.21374685158301543,1.143951297021677,2.454453101216148,-0.6230946737677416,-0.6475110006388826,1.1671705331487119,-1.5342957318396684,0.5593843990232588,-1.3111085744100295,-2.4792630344005193,-2.9752020161885597,-1.8924399263801601,1.8059775125776165,1.9377354947739733,0.7089653766348857,0.1474791688578384,-1.1074868133152993,1.224081299074286,1.8192843981628342,-2.325043562446642,-0.5847999780155536,-1.8539780962562111,1.1263907040884082,1.919861462820673,-2.006575255078045,0.7536017963947619,2.9887456531905734,1.4157218700219993,2.1008478030584414,2.904333565419737,1.8947961463269536,-1.8486303178428811,2.082898567055535,2.5422526099787066,0.8702057273946905,4.154566620746812,1.329268262467381
2.158395963988442,2.356577458798263,0.007118511578513731,2.5671816998559827,1.739405914935404,1.3156587826845754,-1.24844759989626,0.7028112740659354,0.6183052309495816,-1.1475482794493335,1.6893162545502323,1.1257650973863553,0.27873857089741527,-1.3006238842773663,1.0933355642605662,-1.2038217611836117,0.017011364094086545,0.4711540258797673,-0.5246702512376449,-0.25822014949824634,-2.099723340009119,5.736085058084384,-0.08236160647842561,-0.43573716275244956,-0.4796222288293217,-0.5041690150908826,1.432251091768155,5.0088467094908005,-4.5914908634765705,-1.6850816405113407,-3.8804067948488328,2.1513456573364262,4.032283996936148,-3.6515858087664266,1.2727051196991797,5.727970540366288,3.661103855145305,4.3640339842695735,3.804924982347994,2.9427316202753815,0.3632593396758017,3.093741374824105,1.1244600120345674,3.2701048525604732,4.317919205526097,3.4949368511656673
1.1485173768148211,1.304815210497323,1.3941351672905982,-0.03255884923018493,-0.7799177396979684,0.8599251111568371,-1.3018575308552738,-0.9473716552741112,-0.5510927664765366,1.2747503232928166,1.552153000201975,3.627537142428614,-2.2566469281483634,-0.9527400481844648,2.0195453394683054,-1.712446232347137,1.6662122721434744,-1.3033960930217512,-1.0711338535408135,-1.4519219807672041,-0.8640784808751218,2.2766173215840975,0.21726515535123903,1.2258730102882711,1.4034171616422995,-2.890686374380259,1.3237523760918541,2.347672958367931,-1.6363887930641723,-0.678816327734006,-2.221276776054424,3.1425462752872853,1.3676959697117568,-1.6840479232306595,3.340166732507967,2.5172381397047325,0.7400797785522228,2.262427798712374,1.826251480824736,3.64098859789717,-0.5376172229986431,1.625164785311159,1.1909623830329257,-0.13921120734266046,2.9064157179617847,0.3618656850673694
0.3964094119506155,0.9410516394299713,0.2790648664133111,1.1646959554268492,-0.23036199594539675,1.4755050895846504,-1.0306518400777995,-0.8965359492087251,2.3902299660565522,-0.3579092101192205,2.4371350813435915,2.431123574203865,-1.3066979836900878,-0.9012360327026993,1.741413683766661,-1.8654104042687556,0.8873670124407003,-1.5834985148061804,-1.5902467267760654,-1.1505180333548186,-0.7347912103339937,0.16715689405259893,1.1004282987043437,0.5461630717910662,-0.4777016924378201,-1.7284107611474058,1.049321935328308,0.1477560827092652,0.19276774985889245,-0.7600715961144451,-0.9639915084350879,1.4312616014217505,-0.4646136149498097,-1.1374957042517524,0.9672606580250025,1.1944989941993955,-0.23072383590210965,0.19103569220814065,-1.049861348315065,1.5752293548975074,-1.5266524039514002,-0.09836148565122427,0.8400950126067541,0.36335183390892856,1.058787937160239,1.4659100333830155
1.3627292534558504,2.6560834468847374,1.870703499759337,2.583512132152486,0.9975107550365295,2.310318151077671,-1.0354522289232722,-3.189470590904631,3.3767856815951918,1.3742721288184625,4.36452759806085,2.620759146198785,-0.5124975542452576,-0.7088966451363355,1.569165804885078,-3.3451909727977727,3.719091069119632,-2.0894156566639484,-3.637123236790444,-2.958376384275603,-2.393555193370089,1.4226183704808921,2.3940818433130424,2.6382976161883374,2.3508431454815835,-0.42383966425790764,0.9544625577418224,1.2613804070276018,-1.0832515001071552,-1.1479600854325136,-1.422862222476379,0.7239806259421384,0.17049520247129601,-1.527880228136308,0.3381633457054294,1.7027301624778226,-0.821120033990412,0.5177059401496497,-0.761985704649091,1.6872729609140795,-0.73614488567122,-0.04802715273335845,1.9139166707671766,0.4894538277317345,4.243087149040228,0.6589386738268087
0.898819520914981,3.503205663016727,1.3757868737670564,1.3473022075250758,0.7110256443638137,2.8810840210954263,-1.6221384673485764,-0.01905365024327965,1.5943763290797328,1.027154173384347,2.441941587500009,2.3728733719665223,-0.6737323917293991,-2.018709341564997,3.0046798635315852,-1.5836942274572958,2.403157169528992,0.3686271688511804,-0.7855779869640149,-1.1021147452901041,-1.6859037311576932,2.5842830484461983,-0.497230882929812,2.357944700378021,1.2916307528255642,-1.3537349990574348,1.5466078304310953,2.1478733289048453,-0.8895553411671919,-1.5965617383249255,-2.11535471437122,2.1665631761447695,-0.21006724076155092,-2.418580540957949,1.3168481687028588,0.6207012759703998,-0.8668735879520947,0.9247436098891579,-0.10689463657353615,2.881771195726247,-1.4594931686315946,-0.6013677791511318,1.7565774196820612,-1.3407340718172827,6.998961027298682,-0.580098421057603
2.8625896311522894,1.626171960532109,2.744124258337025,4.187513919702023,-1.0096281705131211,2.759234157865305,-1.5258230300105804,-3.4307306600423213,3.700614766014196,0.7362534283074652,4.27126847597298,3.3593043932480318,-1.9781956016728188,-1.9004493125175876,2.189208519261155,-2.7701367205827836,1.6847475787573858,-2.417937967411161,-1.9020151501420905,-1.9090299812121776,-3.699667499629253,4.503158663196118,3.0462950326443075,5.084382473570666,2.0752428573279054,-3.0168037808639725,1.202254439904107,4.2382801147270905,-4.565292396788829,-0.6095476654272243,-2.8744136253987342,0.11926481959842561,3.746480755894587,-3.527926494309629,-0.023926675215381055,4.147321973371001,4.415087562623724,3.094799162755782,3.9123156376116484,0.8421260247946842,0.2567398582647382,3.289012298281652,2.8679903253974195,3.019020573248219,3.3721883266408237,3.5600447421660566
0.14579205570352038,1.0273426805970889,1.8116503273975537,-0.16870759490728804,-0.3851732960965385,0.6269724055334367,-1.0414407509769286,-2.6169178884399136,1.7501558752028077,2.217457140355636,1.5853874181173415,1.4694198332334534,-2.4269172593083823,-1.1065313654306528,0.8893969258076018,-2.0618076323432444,1.8121564289839145,-1.6440908032001285,-2.9436100579586295,-3.2419115641718848,-0.33778478614279406,-1.441287414822273,2.567226050827336,3.09433203116242,2.580492166727425,-3.76127197978214,1.077947315759547,-0.5066853903808501,0.316511679215546,-0.6889801400305962,0.8484000865891363,1.5726813513019577,-0.22672670283594853,1.3955790220217965,2.200834995546483,0.49797501941053923,-0.29914794368991016,0.03863917859715915,0.4540805833290644,0.7360375297990145,-1.2265797247090644,0.4810012920384924,2.897915128840395,0.32324574742574713,0.7444325466109571,0.21809982451740106
1.1104805268018345,1.2718469639774939,2.705113282037121,-0.4219904866254902,-1.731243838543378,1.8267242622381783,-1.328146305022124,-3.169408287558816,0.14404695898763453,2.880634056636138,2.120088304753641,2.9843700922377545,-3.0025856971608293,-1.3200798597240544,1.6184827890220683,-2.8859553019100534,3.9732529997843526,-1.6168932300206078,-2.1022969037581576,-2.2666770244866683,-0.8062680914973932,0.9642422963337778,3.8778313714018204,3.025490058937784,2.297651386510358,-3.8724227813641674,1.0225015123411167,1.1255648632549762,-0.9405026603563645,-0.19678884010641406,-1.038421622552443,2.393970661727508,-0.09753018717426798,-0.7615186662983106,2.4463082307265456,1.061558688921093,0.14879023477432263,0.1468552193219026,0.6152999735096075,2.147615310402593,-1.2662392640144529,-0.0364116869993214,2.1296700445481527,-1.067848429317257,0.9641583141007861,0.4070140545180795
1.4515996469331591,0.9432902967967991,1.3430765402574776,4.3448390976253535,0.5922549353423967,0.7960533378889478,-0.9177993346203916,-3.1571329043888676,3.471412442679883,-0.7433673620775361,4.984889695307443,-0.09055600308257428,-0.19204780895493578,-1.3696070658692212,1.4583446357506111,-1.6676713700294274,2.1898159653645224,-2.2816889281988644,-0.24275517014610615,-2.4748593668289027,-2.8644492313591794,1.3285905969758431,3.79539697796138,1.6762225480321626,0.8431501805933008,-0.42645551473771204,1.2848480028346185,1.6983283965972376,-0.9969462162115209,-1.3376531500797462,-0.6183370551195808,-1.185319330885222,1.0401850475370025,-0.17415184568642328,-1.2594597246730992,2.1666238155582223,1.2323009790533008,1.2638576830939958,-0.13840009624838978,-1.3891781067473603,-2.471337116263137,-0.23339584511086753,3.9321458483506015,1.9809779582653055,-0.45564616029512095,2.378687018987442
2.1173192856156415,1.0361592793917116,0.36290847685853045,2.6982991069985247,-0.36056280844678623,1.229807040408644,-0.9254225280859057,0.5227890350602209,3.9006608656390562,-0.831235105987568,3.387712833730481,-0.15176131567832707,-2.329328788384455,-0.7377263966122458,0.9480671071196025,0.3688946966288653,-1.5253075405877436,0.0145235017631824,1.0363131823144165,-0.5118213238828433,-2.06038723019074,4.780395161736706,-0.697854453390047,-0.38415191126850434,-0.34562845410532117,-3.6180207586728033,0.6647684632403482,4.357922396037602,-4.301494723569405,-0.30990036302025714,-3.289611889562946,0.8151665549664926,4.5620971271251,-3.4891006393154145,-0.09633145105159713,4.865863265585407,4.601332136212944,4.554855951845284,5.463823057790502,1.2138837137609437,-3.287927491389109,3.6535663651373507,-0.7064391864736923,3.6713947476214432,1.6644664014914619,3.103831936543459
0.6772594729518018,1.3942887045130483,1.9840111137215088,0.5614237401970561,-0.5633435462647719,0.9701852419642901,0.10671613675542302,-1.951652944339985,2.2942030935850153,1.7054286985102574,2.6786505786058235,-0.8488925508131688,-1.7658712453636418,-0.29188350010215314,-0.238295870347923,-3.5310862978602398,2.431017678612222,-1.7521362240394553,-1.8900695018580478,-2.592119596912881,-0.8914014110261304,-0.8356946902688938,1.7656180823351435,2.0905670950401314,1.7903632051079006,-2.4905827420802322,0.16798896208269887,-0.5754022684533362,0.06831993935009217,-0.9462802931358454,0.015158945438617843,-2.1966202939568733,0.6799620574431409,0.20226072631600434,-1.802025671154768,0.9406293090285054,0.45025146370119107,1.4523857840230645,0.16622640897158403,-2.9953661566942227,-2.565958206680774,0.9257539884074164,2.517499435290481,-0.3700377091412663,3.071553491067999,-0.006310265896777079
1.4722005438782662,1.6265927137868754,0.8674702214811199,0.910467996794287,0.6921538800221703,1.469642260113007,-0.8706147483238948,-0.5732200991609349,1.0957819352187634,0.4196814241613296,1.2035785010478481,2.908465937228006,-0.48445747608434997,-0.7188555116546608,0.7836892431130643,-2.20050922414744,1.4573056851791948,0.567477703165447,-0.9857375848437444,-0.6642819925879114,-1.5152310011232457,2.5741882352715706,0.14392671051760408,1.3887429087743903,0.346445644667691,-0.6590875451055689,0.7619221174343387,2.387131293472453,-1.8838997827734063,0.0668369087846955,-2.271213786554636,1.9261262379252377,1.376423192698824,-2.0692536443053657,1.7235217431606353,2.460569286035919,1.101242637896283,2.090908073997325,1.3919394452375902,2.9432688542169787,-0.9173539752433905,0.8076142654184468,1.115937903968324,1.1515132194753008,5.009592066646766,2.2666911346841836
1.725622048639901,1.8069377763730392,1.7073269650977512,0.8455277246901602,-0.25198936773865277,1.7673874442390294,0.0060232292750472816,-2.560430344025988,0.926687739594815,1.405548064126854,1.1178996775486656,3.7239164513565504,-1.3621764001377086,-0.2795343292830772,-0.14235345709799807,-2.8949064126750654,3.041897757576907,-2.4028334294196134,-1.7615880640694166,-1.9525775777793513,-1.5229147758994503,1.4705464077868649,2.3698056322578354,2.2817277504311066,1.096923752363874,-2.3063923195921134,-0.43733209945918894,1.3905580074052186,-2.4357162260712766,0.555655211292537,-1.4848678606340966,-0.27647375466078494,1.893573088063097,-1.9012571127817743,-0.3484281233163591,2.0551775571859157,1.941061621371325,2.6468103304860806,1.9018078359474968,-0.688827883688669,-2.874899581884174,1.1530209285055806,1.2560569717699588,1.9922851256034546,1.663493600245877,2.317472304873757
0.5223399805243231,5.625413621074459,0.5982699267327907,1.313872075688842,1.0316326748829856,4.8697804647911145,-3.043282793564053,0.2948888818205868,0.5732820761271813,0.12612932635373908,2.3503727070143774,2.1905397016086363,0.059973045435636196,-2.5591083708197555,4.313127810137865,-0.6304505527155444,-0.9679791824124315,-0.8411323704860588,-1.903588064200144,-1.1397797395292044,-1.0807272267056713,1.2119572337528166,0.20726927659921346,0.5804652541775763,-0.11969557704938616,-0.19362678815889534,4.242971500670035,1.6237572390407253,-0.5136207868167499,-3.4293663938779666,-1.6608243844526656,2.606394185554283,-0.6261599132703091,-1.2135543170744478,1.1279466877941842,0.931151584181432,-0.5897678115641226,0.5238026384206467,-0.818466227152973,4.002577145717459,-3.334458134336663,-0.42333126502347196,3.3083677358105126,-0.09350073337089337,10.515999004666007,0.369781469759932
1.454361539598989,1.1023915834071945,1.0616027030092698,2.525218935657875,-0.11244266623243365,1.224107332372824,-1.2710169465606043,-0.8672828207570142,2.222932151655285,0.141765850848947,2.7110165150745034,-0.5943906909371715,-1.3226727116915422,-1.7732685559518675,1.3228524286037944,-1.7240011786692135,0.6631478208985695,-1.5902533903389988,-0.13447998541692363,-0.937425572175769,-1.611740747397763,2.702965104085744,-0.21266829052246905,1.957329515837763,0.2847604070887986,-2.0014375453222573,1.3766494800909639,2.4249094243585656,-1.2549764086567434,-1.4697311967183304,-1.503835499948572,1.6178700688698182,1.439041986164117,-1.2278135674436161,0.8447605434245083,2.657764455285469,1.013809393262066,1.7901486783121197,1.1186361962818419,2.4164472645265564,-2.358340518986129,1.654106522252759,1.110592981961413,0.6626696640068441,1.422830133310697,1.632218980342074
0.8078222504912462,2.3368241099501055,0.8738561913931315,0.49805351254998476,-0.7759868120451655,2.287580207965177,-1.5509400351965574,0.4541573632432012,1.7881582490747556,0.26362566298154966,3.279170390870778,-1.3032898142370193,-1.0331096990865096,-1.3212098535626737,2.1023189114253675,-0.31457829694953987,0.23906461972374482,-0.6990501689114539,-1.15087896566181,-0.711909322616445,-1.0575498019063958,1.4109323136259324,1.3080702072893768,1.3632950458491027,0.251727209729686,-1.4800525842325725,0.5933392743487201,1.3454557350868641,-1.006963985059853,0.04546082910918481,-1.8762528336368085,1.5442923901885737,0.21230065277281518,-1.7801931648738047,0.9544062960843188,1.4886965265908212,-0.1739448074565172,0.7030310654519265,0.7927405086974519,2.9923094047344523,-1.5004914937160176,0.39951334962168783,3.5142126091426036,-0.21661935203939175,4.804012070388876,0.5212546287019979
0.45381670314719647,1.5017846851071392,0.5346062832051671,-0.3839302194469829,-0.293286987155469,1.4418425496285328,-0.8605626519498495,1.160149040921067,0.8489334694354811,0.06715558949849398,0.4367239439584629,1.7816962823118008,-1.9225536747728547,-1.754101312667141,1.4258390244630184,0.07431172774284245,-0.48933082103065706,-0.17249215533903195,-1.2956707350966752,0.6407279120611704,-0.7782625847714947,2.3304884522965996,-0.48938056003016994,0.06434549261319522,0.30151192878442346,-2.7443860409316816,1.115052354206297,2.463672512947794,-1.4533233792813725,-0.3764534938489814,-1.3975852030340676,2.4611175536148227,1.351916378253734,-1.2962588618096342,2.1141105144800996,3.0991893541230096,0.27998340455117543,2.1328903966493766,2.462857011438082,3.322155221382336,-1.469042482459359,1.8973135141561372,3.1247291659049443,0.38369046327885925,2.8940847974805552,0.5627715562052922
1.9525303616814926,3.70855312172802,0.31489435764049334,3.0253560711654406,1.1531493196343845,2.42871603061794,-2.705845268427483,-1.2050910055985598,3.3778352720754357,-0.7207739297166378,4.180052011140448,5.187119718840397,-0.2551986063798497,-1.9236025648896296,3.854927750578682,-0.5907689100375335,2.2345820605599855,-1.2488184904548272,-1.1517871314471004,-1.096068906611317,-2.6553540742546216,2.697249372774138,0.5954251445185366,0.9388870275579769,-0.4366156413721991,-0.9998828190515099,2.0678561644522606,2.5523405646360233,-3.2086013278861696,-1.4552043979744447,-1.7604702077240035,4.758773941487297,1.925815215580074,-1.390870763565394,3.473028158484028,3.3034982667667174,1.3948742127731133,1.9103034347744274,1.3343502753264918,6.085345471554164,0.0015814754821543708,1.21052151848895,3.2112185944142633,1.690717221433542,6.490462230164084,2.0639319179947977
1.7330205847652804,2.599369311705185,1.488055930751332,3.8154805068045374,1.7747167221276272,2.6248519555695924,-2.434470122174756,-0.930047674720137,2.9173547605129517,0.3574147082380508,3.5448146893523775,2.974620998604969,0.06615798813883988,-2.9421716263893516,2.9335488717024685,-1.1285266741197897,-0.14976043370335645,-0.2397927000652631,-0.22999820718442376,-0.6406108255112914,-2.917555207289567,3.6079992604135085,1.0058650557947058,1.5947973692750503,1.0048173680904169,-1.0615761072955043,1.378090651954365,3.297716941606364,-3.4634398488997276,-0.7466863846839279,-2.855497275448042,3.423631125932975,2.093254311495806,-2.8716308487753146,2.669763147533441,3.096526804928526,2.197840051865337,1.985848072380445,1.2231092828603176,4.146002104799184,0.08647307992886799,1.5682984415469194,1.3501618662855108,2.255217342468704,3.965036783160191,2.636913743984907
1.5127740367363385,1.831477290042926,2.8395428825305142,1.4276215587203898,0.45377834147959567,1.5689643938957962,-1.7065020242974769,-2.514118310526192,0.14667884518844776,3.1797202160335933,2.038574354062157,1.9351906881219265,-0.8620653267601659,-1.3512110402148882,1.4301633433999505,-2.0646347745674345,2.9005807875427605,-0.8252190231218675,-3.0553234341739026,-2.893157320042274,-2.297613049972762,1.9430576302788172,4.5419618593203435,4.034201974905324,2.558613914145937,-0.6390683426228019,1.22011511778762,1.5867064171781533,-2.021655234749884,-1.801430570658627,-1.590971832407572,0.9056400988859103,1.3783900520856744,-1.7502422417048318,0.7306438773829095,3.348156099055532,1.1165599710115273,1.5487031823674628,0.7279775689031744,0.15548489284599443,-1.3990399125620538,0.7394112883652801,2.4602792494749974,0.6404500576364995,2.6621028546990573,1.6741102322930443
1.7082451740373754,1.1353149854869815,0.35196177976277965,1.2327017994092122,-0.6667725683546525,1.5711509712722493,-0.20932107468977823,-1.6991505322379568,3.2214913134763457,-0.27974047211878217,2.213108134531827,3.6269615145135967,-1.6861358912503457,-0.44762677807100304,-0.2927336807650469,-1.9287403469257651,1.680240027652775,-2.952896305122607,-1.0500204035630234,-2.6782149664220016,-1.8851876295182737,3.4779215629585982,0.77135322482177,-0.4675169901315126,0.5608115864155043,-2.3256169374185265,0.14013923258448413,3.029321665219272,-3.2916554573685817,-0.6570012322199483,-1.4344763638672349,2.1092380397031425,2.501482039478078,-1.5680209506032121,0.8731066443862272,3.3557025026277194,1.8986952975146765,3.0260336247368254,3.1186232962878027,3.473451806381793,-4.030131252621905,3.0288052059438044,2.3629583786916983,1.8114418244710924,4.1495195085328085,2.05839098443707
2.354256507433088,1.2216354972386194,2.3113237528372825,2.603939131897442,0.5831687455236705,0.9101642529246178,-0.8743257947284166,-2.2954675501846875,3.3301112105858977,1.7132291252993581,2.89075736275215,0.1434310167019528,-1.0409464316449442,-1.0656267503155945,1.2200871466299623,-3.4293208419324652,1.1606359197489324,-0.9437265437196221,-1.5130909039417164,-2.780055388476751,-2.675513895025123,3.751016592042733,2.907734953045866,3.8494869486090346,1.4486186108099255,-1.6226745600471182,0.5100150793795079,3.0788049980732537,-2.870424956978445,0.21677420190110874,-2.577454855659079,1.174119281768831,2.0636502081174473,-2.3573082744194327,1.0281799912460081,2.1115129963151755,1.96819097073019,2.371400113939456,2.203045355229322,2.3460082347876803,-2.34045247592345,1.777046732086586,3.187431198640871,2.0034149665921346,3.9664300692152072,2.817508960513522
0.5483423250102352,3.2126870490013806,1.1805646571788646,1.3189230074985754,0.7969701907905774,3.20281353168279,-2.222455320845576,-3.2776880534894524,0.8760093051481859,1.623695454772061,2.0779847856140483,0.4985659942413274,0.059334195057775485,-1.5496749370773153,3.1976771462166864,-2.741225791007647,3.092087564410777,-2.1509637791348877,-1.8999451854792522,-3.526890783923486,-2.100185241077532,-1.037106276341797,3.4526706502513673,1.912862517006314,2.251627408655187,-0.5102641535053507,2.3291138807682996,0.003779552534727504,-0.31744673184976935,-1.1226112345927732,1.734714820266934,0.2866385663901132,-0.651634732587558,2.2577794302559466,-0.08058238738322743,1.159456646461533,-0.7739675239535501,0.04123601123620002,-1.4843939576499723,0.05540345507463251,-1.3769826284604423,-0.15239735432087742,0.5954555996479889,-0.7762015508154194,4.916102709606536,-0.5519435283449008
1.0363413271192152,2.8753330891641253,2.2187346130209313,1.2093983919738576,-1.0235649196834022,2.961839178255193,-1.4872806779502452,-2.876174975551627,2.2803906643719944,2.0405077869378587,1.677951374597157,0.005707694235161043,-2.512090796443644,-1.5331297790373042,1.0240727713299704,-3.2823476610693847,1.7796856503837029,-1.6129198409826686,-2.7149594932761554,-2.96762994733617,-1.6022311985462845,0.043833318464728155,3.101013776352917,2.773878261131218,1.7669617517972478,-3.326031987460353,1.3102448595588014,0.22022860465523708,-0.24642061186924047,-1.3800097480674725,-0.5440016240530403,3.9092620403531564,-0.9251973791048371,-0.5313534474271573,3.903253469482502,0.22849181852054135,-1.1872556477564054,-0.3484316261533065,-1.1315892874815539,3.848076050461674,0.6393161107506666,-0.8223085516666295,3.749743864555031,-0.6348880402401729,2.8632284097809455,0.1644190191363506
1.0054688999190684,2.03157143626601,0.4746166755184421,1.3284723251161141,0.6130083682536077,1.9114719588494948,-1.634641569573254,0.3276486920254933,4.476031467808641,-0.5903746450390415,3.4037977854620087,-0.18038011677891808,-0.6665747452804733,-1.693920281864241,1.5495337148448551,-0.9668898024815092,0.6612961788213613,0.7817811379543005,-1.4687687667436522,-1.175460087851694,-1.247591418252993,1.332451457822108,-1.2010583499456615,0.6548365622661766,0.0025876280527683537,-1.7738939687292332,1.547466186582306,1.7314721734490688,-1.7791428639200764,-0.2801087026042337,-0.7422682698177973,-0.6238569320090563,1.4061725404657843,-0.3290202802026927,-1.2748760012150882,2.528902805666573,1.3235799096374161,2.0573903299797713,2.627630442224599,-0.5574434389199088,-2.600798678102115,1.8135539673699341,1.3933481643843475,1.4461760045360759,2.656488131347408,2.5201884596680357
0.5287030212036968,1.7807708787355692,0.7504020938258705,-0.6735269280205491,0.6363340680203764,1.6595391568992672,-0.5868601237136927,-1.713336336177722,1.9845874623457465,1.02204027441211,1.9517818052312126,4.4997798924934775,-1.423059277659143,-0.9570263461077082,0.3650520389264835,-1.5270252621392755,2.338598493340438,-1.6715322764625034,-1.4015417706839266,-1.4274929138888526,-0.7123641949590116,0.5607375197771038,1.534024129049081,0.4216128967686723,1.283945869493121,-2.618666135089254,1.0623432242260398,0.6214223752910308,-0.7408540066845422,-0.04515976020347112,-0.7448747566694026,-3.0914562831689185,1.1213533755660368,-0.4087269481084621,-3.3727051835460546,2.3408033837815374,0.2935034156558942,1.5997419597839868,1.6217574170045288,-2.2218631722901767,-3.540633763971024,0.8444080787203512,0.40970651490319887,1.0302058377611518,3.0595834768778074,1.918095065864467
3.0007233150977752,2.2164687374350196,1.9141178098973342,3.189992169568275,2.915337572669993,1.6086588238261912,-1.611760190055349,-0.5701833657390012,2.1966642605785953,1.609679933125491,4.704841241970254,1.4208398084963916,1.2272002787553808,-2.121918332462845,1.780536181405227,-0.09393374142546751,0.1030248927596622,-1.3659956909704591,0.7690642365785372,-1.9770298020953596,-2.7883491726632896,4.934181831937101,0.27372852729475117,2.10193300234208,1.949032256990166,1.348392603944495,1.8128737752224509,3.92347290830382,-2.9557220751924262,-1.5543297169783767,-3.068914487674244,2.6917100942160315,1.6509840246758465,-3.4083803291207904,2.177596140207659,2.4846976744941283,0.8739752465153262,1.371912571590297,1.4180789315093625,3.914750603882263,0.24689690179654677,0.8905638487802475,2.6983031330573892,-0.2570218827586612,4.426850440424773,0.7540259761959701
1.9918863441256018,1.4562217885653852,1.3968260528659464,2.7689541384184695,1.2039069315042137,1.564500988272979,-1.3913856077654243,-1.3492815546356538,2.3332406099035734,0.16519767668348118,2.717816151067403,-1.4885259087621032,-0.006716969024823438,-1.348023847432542,1.649622649436787,-1.46932137537607,1.3888419427003682,-0.8988990690205415,-0.8323912998418043,-0.7080583759657065,-2.0097089494158706,3.6931253868880667,1.4318602654557349,3.0284869272672745,0.7390750611944665,-1.03348301022817,1.5248621962166649,3.393148896631377,-4.168661064719599,-2.0878546817935213,-2.6645901066879363,-1.8802299195724517,3.525060222061672,-2.6767197963382503,-2.831709022423599,4.9537598255811215,3.3152326336532743,3.1393922807414185,4.436091006749691,-0.9974947629806155,-3.3937979631574766,3.257924867265016,2.640785088926127,2.675143409510026,4.435721328989897,2.8618380540334853
0.39680456959509347,2.232659545165613,1.443134620434047,2.909549834870975,0.17889954150182055,2.3828222591843677,-1.714387148608899,-0.9092296210772813,1.8911838659241536,0.8845799144608844,3.432988576686321,-0.4474132373758717,-2.514348958436904,-1.5158655670660985,3.3141592494471954,-0.7073079449932478,2.39898993947472,-1.786858081553952,-1.9304995330748005,-1.2750055834413276,-1.7079764163898818,1.1956034086501046,1.1232932072649813,1.3201087181668179,0.993936785243051,-4.163883323862693,2.034599589367162,1.0481729391163133,-1.4830814540651565,-2.1884535619020378,-1.1454507685093271,3.8559371261152355,0.8475152538287696,-1.207093430791728,4.011904041612749,1.9312305428743284,0.9513830313683957,1.5554863725933181,0.8879056406860121,3.8483097450820845,-0.7197033687805248,1.1024979661494096,1.8188972710767364,0.28787777141275955,4.840196282343682,0.5576536101846749
1.1156971504844924,2.787929246702725,-1.12375465692908,2.6044395927891704,0.13871689548306937,2.949550001219772,-2.105262455939368,1.5366927639574492,2.433970922231646,-1.7894986464482667,3.032558075208119,-0.525514394856329,-1.7786370578559847,-2.7688202792594208,2.293922720975644,0.8385078421379961,-0.8780065961030656,0.7329602359743177,-0.7372886212675083,0.08139357465878949,-1.242057290671545,2.122721887152371,-1.156480580338525,-1.2220179229842054,-1.0361570252033763,-2.2278323481733726,2.0126297508030735,2.2581170950000646,-1.3817180736786152,-1.4064025224926828,-2.032741679455885,2.7102001649343093,0.4574767685395936,-2.164935083847568,1.1817276728364854,1.4690358715086704,0.34457635069924664,1.049606916892501,0.04223462836539005,4.315443084249766,-0.5558745236388232,0.9896564176359344,1.8420064164205732,1.0526224128203987,4.531003921441874,1.4184787117082747
1.3276523432425413,1.9653406192238858,0.7880508076705648,1.025594418075825,0.6158550076712753,2.0948496083565895,-1.2059715696122226,-1.134576899104436,3.246840839357872,0.7004787582612301,2.481891708414576,2.821245480877997,-0.9731544198721623,-1.1443385021487973,2.008713510111966,-2.0768157702582837,1.51976538731896,-2.426802619617444,-0.5422932192610037,-1.0160298907368366,-1.7091916190207628,1.646025647766805,0.08353180573096353,0.9017526505899615,0.6458947814337366,-1.4629079173211534,1.5560897398709768,1.4627143345344593,-1.2897493351378926,-0.24534997642695144,-0.9878209777698322,3.863858865834242,0.5625964339568961,-1.4552871124000986,3.1722615855428478,1.9312038110070517,0.2496520923207406,1.9979766529955938,1.3630430750982099,4.219711156078506,-0.8836768594032204,0.982724315571038,2.842697247047594,0.11161582387174052,4.003028772754142,0.7307379623274761
0.3060013380570309,1.3538268954735977,0.02014793980291696,0.1207052500275847,-2.2602509024573636,0.9607861235223608,-1.4048617870994422,0.09315293957221393,1.1820667778914073,0.2846383116597949,2.5043346574903325,1.4836900718629957,-3.384377130637387,-1.7106602187937798,1.0973308912287325,-1.2210019525438878,-0.07768982333146668,-0.08593073230758685,-0.21963426367521732,-0.33367022062495644,-0.6292596961325587,0.28816018351977135,-0.41041433638706115,-0.5035977152908095,0.00891613090511112,-4.685806303731674,1.724639776269469,0.25117087062264587,-0.4223501752921559,-1.6804914156549584,-1.4858392361779431,2.9714608518523034,-0.463120431417291,-1.9827385721246038,2.660432559559421,-0.4969100650641445,0.23854213177600847,0.5853545874040071,-0.014925089862533936,2.2253846064960414,-1.2643673208985546,0.1378015204985783,0.5554848522897331,0.5600440085654288,2.659469908231812,0.8278151562781098
0.9017742610291095,1.3023213792338626,0.200897445720571,0.30279567999552204,0.9962249981483016,2.016961967879583,-0.7248807248399167,0.5569934280487847,0.17286451951035553,-0.3319010836242273,2.1997981715794563,2.775266245639613,0.6253165940558536,-0.12361068007343623,0.1456961132159984,-0.4456378165645276,-0.2505694808566512,-1.2740695874585215,-2.326872647238764,0.043125313705990154,-0.9679807154670462,2.705131179566933,-1.4250752801939934,-0.4870377632336629,0.8372497121747897,-0.19198615084947113,0.6874180291908901,2.3349450046596436,-1.769395184445534,-0.7452944292116293,-2.4386922991796567,-1.030298790086661,1.782456927786022,-2.6642024177120667,-2.1189801090857463,3.0417024975324156,1.1802565163576366,2.42944942004442,2.652699043746248,-0.32853996488423154,-4.711238822132045,2.481066611638716,1.0552405748903555,2.0022219089800606,3.7807325971824146,2.3645900080955626
-0.020322925004035097,1.9142130061805587,0.33946319944085135,-1.3677341025970962,0.9267209967196689,2.751640463194779,-1.420670786474419,-0.22373265991945934,-0.2369767987903404,1.5843284349565783,0.8990666168375747,1.188030632259443,-0.9434088443752455,-1.6358891090473375,2.2270550628632737,-1.169897935641123,-0.3600501319363185,-0.46095044053656276,-1.7571007851311637,-1.1034911651282684,-0.21677196352815287,0.22810022819535813,-0.07744193684838807,0.48824702850632495,0.5207032326548292,-1.533687146421989,1.4515419408085413,0.684437417613426,0.21620014318640401,-1.7692705305983099,-0.048536043750659674,3.5113839098956365,-0.3075681934812877,0.5564153440675419,3.143284506881093,0.9056051707453929,0.19498014960737675,-0.5352131934763864,-0.6866766190483022,3.51873172188028,-0.16997295381277056,-0.7749483712950485,3.22523223654173,-0.5552935124300178,2.099137681127143,0.8320960789481583
1.1916599281627984,1.0766074175274363,-0.8751114597382523,1.2100128156793364,-0.8205559406326608,1.1500399582977532,0.10912464206598727,0.6040679380403535,1.7520763853943961,-1.4440808520632784,1.6235511581926014,2.5899212594391297,-2.04259589086647,-0.46386008591220795,-0.8560774101084621,-0.6803085533805697,-0.3664988210820783,0.4216491731848071,0.20061402500004744,-0.5728053512284784,-1.2220709071955325,2.6606025834631364,-0.11192920500382497,-1.5410367716578819,-1.3442378164746158,-2.5407449895628282,-0.46113146582784603,2.193253653069783,-0.3519599909638522,0.6147760194148921,-2.3262919040258323,3.3098886169958934,0.34619231818387286,-2.378588530826734,2.4596247946550864,1.248115202524842,0.24198942825521552,0.7053228325993319,0.33983217128843834,3.2835104893356437,-0.7004221823780594,0.5398649005679547,0.5176586255809068,0.6267829856626731,2.504329721769103,1.9634304224080745
0.034489595576598475,2.5914906335317567,0.8897934431720269,1.2982398369311963,2.8122910416286486,2.828450858218114,-1.4180161746390414,-2.015353994468854,1.1824318498648572,0.507021309076418,3.054336266141216,3.454459115206679,1.1811752494461207,-0.891594966303137,1.6919732549818145,-2.243702992476567,2.5068629574606507,-2.304979477405247,-2.350588832332122,-2.052177078503922,-1.0350556728213691,-1.1842124655621507,0.39529666938823227,1.1286556007069684,1.0273553269032392,0.7415718214444702,1.2412980155644313,-0.6117720702741292,-0.30796212847313686,-0.7105683153593607,0.19749995534349796,2.846770459505301,-0.924106079746116,0.2723745032598017,3.1242657773054594,0.7383739503056268,-1.2462652193285568,-0.1754803886854921,-1.192270720854759,2.945499135203746,-1.254361194743161,-0.5597969891872014,1.9562620286049863,-1.0949520981524632,3.7435903431077877,-0.5629809954683682
1.3391816445755664,1.3893525962025106,1.6830051435163704,0.7918880148462172,0.5471965953640763,0.9978136884916463,-1.5783789832462163,-1.2884503277581874,-0.09031445316369302,1.3744437618206347,3.2491564933500108,1.3587113359809335,-1.225154464941043,-1.505532290532117,1.905053110345221,-1.4329045511854033,0.6993087657425846,-0.3311879231462127,-1.177788818871286,-0.836804819970179,-1.8551841981265067,1.9383662144369258,1.2482016111248542,1.736313961749971,1.5979553053537225,-1.5637442627813822,1.436254207375076,1.6705950284795528,-1.0593329753776888,-1.2466609591909938,-2.5335776605390583,1.3130137556083776,0.1737221138326731,-2.677530011915863,0.7726384342966517,0.5504615130023187,0.6548892398663237,1.141888236392088,-0.46801128221680877,2.277362376396429,-1.8393583666225906,-0.15044032189519374,4.176598862392958,-0.47071307706131194,3.1792618559717476,0.8282483787410542
1.0178912525583086,3.086260421351043,2.5242487840446906,1.5480116335896335,-0.25912460842168383,2.3714145086324336,-2.217568693689939,-1.4300076007457496,2.3996625565544205,2.513215047134808,4.149165769041982,2.7432008505781162,-1.0450024731347838,-2.243103787709366,3.111735591622882,-2.277942141510679,1.684217799294518,-1.1928062489521936,-1.100760434229518,-1.9226798931134956,-1.488162044764048,0.888565291866853,0.42618726780330674,4.437788321034701,2.081510221032635,-1.9179408299952372,2.49809323685249,0.5901101084683402,-0.8163522655891247,-1.3919031681638763,-1.7719683415462988,2.726790349017171,-0.08145662835056133,-2.335140825843484,3.2356415990855734,1.213675218886005,-0.0009542191108191656,-0.09589548577277873,0.5303364616360627,1.9009693028276207,-1.3986146115003766,0.5893926521113726,3.8240194356656874,0.042885256467426136,6.145182058765773,1.310080767627393
1.0068693430421223,1.734163201572692,1.7570594531237016,2.6810310233912373,-1.3091418442225837,0.8968736114619126,-1.1906871154493457,-2.140681587930269,1.556097165983608,1.0454457064698501,1.5540472344935832,2.6387131048677124,-1.7687237583823383,-0.989202075925719,1.274914880380091,-2.35742220757834,1.0879320634654739,-2.4582534499015005,-1.6497234001511694,-2.129255911454103,-2.3448760227277226,1.1510610851286796,1.928760192931447,3.4969691144007067,2.114815049749371,-2.0221491018077904,0.35200274029011624,0.5829198147664763,-1.6407556501262566,-1.4254199851363238,-1.3685186201121144,0.8162300886665154,1.1206425453544377,-1.6400049031437707,1.1498914699360734,1.429158884076554,1.802509591417397,1.4920086961825483,-0.048046676363424634,0.2995867690897278,-1.8583531829650692,0.4143162181648258,0.8459615205657637,2.1585225447065977,2.914732143347025,3.3901711181923697
0.836909625939328,3.0109734003469253,0.16448970029093202,2.0090709634337984,1.423094248848531,3.7657300760465313,-2.0589889296425175,-0.35223327584411535,1.807913722400453,-0.266616279768602,3.0383378411947235,1.3041837091039707,-0.2981626427982197,-2.226754900280214,2.409776871454881,-1.581147080755672,1.8322867454934446,-0.8937404288708763,-0.5134368619098567,-0.49343563847680416,-1.293777674151968,0.791301335412451,0.8154344076642697,-0.4288785200070302,-0.06919494815739369,-1.103589063181495,1.4966207174161776,0.9642908643482409,-0.7934918085080758,-1.8744516459478864,-0.5693019487207929,0.8194506918716552,0.17084342848720624,-0.0633766368116262,-0.3080491264823957,0.38930841025494467,0.3063433131957958,0.7748868238309454,-0.4577123769201974,1.0336652922451401,-1.9705684459303217,0.08311962884459412,2.4030996395896533,0.6419023116919816,5.629700931195556,1.1037363967553981
1.842687763462965,1.710453372222618,1.1369700095748372,2.5181909891462104,0.12898945727201278,1.3905523119760497,-0.064323762080013,-0.5877310849957612,2.3211735368840745,0.6692317889600301,3.890555227446338,0.04900731084527199,-0.5517165924555001,-0.28461577778402103,0.2864171165707401,-1.091839388991532,0.2395010652688756,-1.3558972637827833,-1.3043017932294454,-1.2900314108992919,-1.8967813370257522,3.749104908524596,1.874405822299423,0.7133859951936103,0.8163168075231543,-0.85145075743968,-0.40282085654268607,3.255233080900434,-3.692933383552239,0.7264071248557691,-1.7485487326033509,3.9867952985976958,2.9551413746299025,-1.5771369820201402,3.199635159800131,3.4761790310304006,3.1110787286631973,2.236338263993541,3.260982570722846,4.238906292381193,-0.89204517011048,2.853751417816413,1.3569536296072582,2.437939669621439,3.784161347362133,2.73359633215142
-0.3331398572344937,1.190012262714593,2.0587380742272323,-0.453093930359745,-0.8863910552279132,1.2065844212139911,-0.7713899207260935,-2.477845349804994,0.7420258632477377,2.3370053334694423,-0.2528488310298207,4.796419499434003,-1.4445824479531666,-0.4067287091916172,0.1953547200399275,-2.4522036055275125,3.281186565064539,-2.2515013952872556,-2.205047950698665,-2.8028223976107496,-0.8032239896055031,-1.0376545433729785,1.9867646277705533,3.1425976356761645,1.7348867123924783,-2.352284064168723,0.5152764091191042,-0.03534482096792613,0.9528794556247988,-0.5823746650613069,0.7373168699361015,-0.8036176083071311,-1.325568067630552,1.2193058074416077,-0.3329655563245424,-0.2986418402728255,-0.520059797912157,-1.616119291504037,-1.5128720150675166,-1.0319063827947532,-2.4928076761529243,-0.5621832110619212,1.0285543596576256,-0.5297046082564913,2.8575651322084292,0.45573320114975613
1.4272318391411232,4.044992394562681,0.8530835468546276,1.3727642467136847,-0.38602753233764664,3.0290434573877425,-3.618706456520351,0.3065414671782909,2.034682313089172,0.8391360545990352,1.0252265831588627,1.4846652282942472,-1.8194271335609318,-2.824578514024661,4.88329263402715,-0.7962324773903275,-0.7350977157980692,-0.11349843981648866,-1.8418944533817667,-0.09872854322691227,-1.5502915514765063,2.8904685556888943,-1.3730869476734466,1.0429891793080792,0.11009802285683823,-2.41192700182725,2.922051258684552,2.5217313447791447,-0.8883060904759894,-2.7148790349739063,-2.5003972251163136,1.3374033631237654,-0.1989274691161329,-2.1073262355382725,-0.11349133312485837,0.9749096830665527,-0.5855345084035565,0.34262005064559165,-0.690800076911898,2.922055019539168,-3.1645099765143714,-0.706106825800539,4.652784756584462,-2.179261929902059,6.67458371693548,-1.2610299114657981
1.3618607328073786,2.151538899362107,0.8411055829230751,-0.31572819043371414,0.3707764134516788,2.07255030996304,-1.229342561675548,0.04706582344169896,0.06202053846861255,1.1319048083768481,1.6587620156530325,2.3516870965176593,-1.012736674493571,-1.4551800035795994,1.5065588263425231,-0.3671205678074132,-0.4477343939443523,0.4302470653584256,-0.514743225094923,-0.7731854134247264,-1.0922853179930039,3.5752807336321277,0.24316773044427387,2.1918645938305024,0.7216758283162483,-1.8716082534224994,1.4059851087362913,3.2539207749115784,-1.6286944228121985,-1.036715400152569,-2.522914302879604,0.37443532397940027,1.090420179995263,-3.110280680041335,-0.447491541596307,2.211809272361999,1.0020309484354806,2.231048115155584,1.279980431809006,1.3069692797988612,-1.965459035082552,0.8369850670327682,1.7171244772012433,0.8912221620468163,4.021568313592345,1.742572218082982
2.4015618277662862,0.17544583454250895,0.5309070580474828,3.9708897458351986,-2.472272315097679,0.4897660412309248,0.9052710125019963,-0.6841409449150208,5.041071984701274,-0.304019548095801,3.6845013924111156,2.9510170276181538,-3.3167185905889123,0.6209280882628392,-0.481254571100864,-0.4395115620834664,1.0056659239036867,-1.7141570248737104,-0.9991255063232204,-1.2695932028367602,-3.2008862527499153,4.46896095599091,0.6058747582307898,0.6420425687104186,0.9339710707595167,-4.178507798819986,-1.138954740156433,3.6584357436106583,-3.7267101681343417,0.9518479827481383,-3.2227200409896124,-0.12291591784564848,3.781493321094341,-3.55697144198471,-1.269872390592676,3.754358151247214,4.088847746588722,3.489447647296876,3.266599196064308,0.33040959296977634,-2.038714464019439,2.9570792428919734,0.7272984760631247,3.901855706520079,1.9382074019530033,3.900809853284884
1.4990706589968867,1.8487545066851292,1.6752272326805786,1.2938105098969725,1.9718985193684513,1.0369015052658974,-0.6053451452513812,-1.8009715947882565,2.3146271248553356,0.2537165476788559,1.574321413511649,-1.16216272515956,0.807983410790236,-0.8397596819921544,0.8592561142203691,-3.06263428845502,0.3585553719391792,-1.5814039483083269,-1.1693595774703316,-1.3729333818412863,-1.9669694951893217,2.443317197238834,3.1281944061761218,2.4936883853020504,1.9105300679549213,0.15023076768800614,0.6966959265865506,2.1918311219340927,-2.1736506103632305,-1.491104311672248,-1.5016588865367653,0.9301289634076464,1.9082124469099004,-1.248367738343231,0.8008100122535513,2.1282446819996084,1.3525184885971457,2.1403049975425055,2.3814278111790492,1.3104215433891084,0.13160939092253754,1.8068476423161082,1.6271477962180338,1.7959624321166916,2.817811368724524,1.9275913643242568
1.3631007888788158,1.8216807568364521,2.316814883027468,3.1192865821192113,-1.0250488594451386,1.2134502977379902,-2.0386306127469345,-2.308600562774926,1.37886985278849,1.4191470605373069,4.293642973449592,0.8864095875035239,-2.830573990852984,-2.0823951479448337,1.7270378789846872,-2.505223250984713,1.8702314227930694,-1.9923180800573244,-1.1685463094261541,-2.0428122555995163,-2.175817365385234,1.5811157177459236,1.7937394931990251,3.074104029962175,1.8532672958817158,-3.409917619392801,1.7361028495496054,0.9291743145856592,-2.068659490697386,-1.5019004260102582,-1.9780735379492111,-0.753268298543637,1.5579537829055157,-1.9460851418095442,-0.6699710119694813,3.531667982934118,2.4353277157353883,1.8674037430799468,1.4956119879138883,-1.4277474025809813,-2.7934696065481868,1.3774703478569081,1.485358588965755,2.350590417840204,2.1216754760940977,3.7323339207679593
1.3636213467487694,3.516259417431642,0.8050846684312224,2.2300102678477254,-1.3082865018653984,3.758026737988775,-2.3488223662609884,-2.422239920392683,2.1670561270892033,-0.014303952423381339,3.154150430160692,-0.17521551707704663,-2.673420361725758,-2.3263624650479144,4.508127160573881,-2.302772373182515,3.961888208719801,-1.3078375422148214,-2.114593361321472,-3.345186515120055,-1.7409230564524238,0.8582898930603231,1.6834365821414523,1.4606987195964993,0.7064694160858793,-4.068122047946792,3.006820802710453,1.237184202009125,-1.0682667537171073,-2.3378085811873692,-0.9418997094360324,1.9420653801270087,0.5313792284454188,-1.3582190275243902,1.157572698421777,3.198313407794798,-0.3182018428048453,1.2278433678297784,-0.3141099494234614,2.4209560772936047,-0.2822120096779974,0.17510885883471705,2.5867261352886075,0.07947007617972157,5.708961038494147,0.655198042685433
-0.19620418495299985,2.5195601568742574,2.30477113482485,-0.10283665892881833,-0.3602734546291214,1.8332117944106954,-1.4100192615027165,-3.500186570477822,0.32153826650191153,2.8744085346012813,-0.21622139705183452,0.6081206597288835,-1.4048907126832915,-1.31909563726137,1.3522437865673904,-3.741523339116391,3.4968744267208827,-2.4173416386518105,-3.784047834850915,-2.78310465498948,-0.45094168087731834,-1.9100250769440357,2.741155688748727,3.4757355969048698,3.240959828505633,-1.8980886455231263,1.413328826686073,-0.7692293416217184,0.22630391390260196,-0.3200170155742177,1.2433989003297665,-0.3195669968839563,-1.334226932624059,1.371533413551611,0.05452260034622358,-1.484995482598778,-1.7219899153399956,-1.1929422225604618,-1.1793236353722543,0.0050623889288961,-1.3450963285782687,-0.48766606013275404,2.4491420240961164,-2.5120004881875873,4.428314943362704,-1.9552441115623922
1.8486946116423706,1.973806432968181,1.5031705799437185,2.5702042955890203,0.09731982540355211,1.8066879224172088,-1.4097306908660785,-0.3742641734631609,2.094028908496438,0.21314922911480272,3.0617584865153984,1.6446669308505557,-1.2608968485713425,-1.120914006746214,2.027303491369835,-1.917707678556079,0.11599164925581573,-0.8465460914053348,-0.8068223538168708,-0.8375742529814262,-2.0679376766671385,2.881461242906755,0.5081364112211008,2.206337087253175,1.0213880197445449,-1.8164542326484747,1.8885508765102044,2.295203555173667,-2.8631962312198103,-1.3749006181651473,-2.444416396239399,1.4390244037570854,2.1366489385078005,-2.6194286365357247,0.7974336903128416,2.1514334968681976,1.6668872619308455,1.7218170199605145,2.7467635072044962,1.3567242361322556,-2.152742862847808,2.4725587499693886,0.961301024199218,1.1791107814116595,3.3731709847537066,1.7096267706343242
1.2749660316908025,1.8532366824193123,1.4347644453342814,0.5996214739799839,-1.4161411835464115,0.9001196981577139,-1.6613954059006586,-0.7215935828518015,0.5967528854845356,1.2460869559445125,1.5426451108726058,1.267386430251261,-1.4120411040374345,-2.018926310441506,2.0681232685572497,-0.742858897238786,1.2196433756734393,-1.0589017699609418,-0.027722079750489126,-1.1358238751419922,-1.5716482030757002,2.0998527831363445,0.7926380209599044,1.6774729548634744,0.7922420422405245,-1.4101300821041,1.330673729540998,1.673255358046336,-1.1070387184512835,-0.9633738349409348,-0.8678370897891582,1.2102339096797432,0.5195552685525698,-0.7622167043392665,0.7280533160411713,2.2404012718925985,0.06227543660847179,0.937812323984743,1.2064774473117605,1.33771015939581,-1.8229294267924536,0.9270445196043373,0.9020724696642738,0.4896254409839944,3.046294112650839,0.941019836617812
1.455353931643303,0.4894318687786603,0.8720923264495695,1.8159260856772352,0.2583328282164462,0.6954877956767782,-0.3660185863787193,-0.7561360919151063,1.916454648697513,-0.21500633108643608,2.4636885138301836,3.481211114377957,-0.15810009297076977,-0.7956594296545981,-0.1151067249670168,-1.9679453027067058,0.6864733514382368,-1.3437220402215584,-0.4046076487119581,-0.843851180570435,-1.411038013216982,3.222550556376843,0.9553550895727938,1.0320001605742406,0.0007924155899192709,-0.8223549673415119,-0.24586744453550557,3.067306067965334,-3.76252905592123,1.148157707975683,-2.147738042994975,1.6524419496767309,3.9280519767879514,-2.4550512767140593,1.0707074501151934,4.648114354154917,3.915032632297824,3.5432872524460013,4.712734515660671,2.7745108928565565,-2.3942335975914593,3.7071791176073337,1.4398766150006104,2.4782512842885174,2.3759658294318653,3.5359108711599623
0.3113462218439249,3.6790996782249605,1.1937536337918362,0.7950899103278212,0.9801686185203277,3.7570691846212867,-3.193780517041774,-2.9304585720806404,0.8470826766520549,1.6053887274631298,2.6888681022018606,0.3113741444033582,-0.2406751304578335,-3.470037698021005,4.353774472221497,-3.1206723827979013,1.7721672773912842,-3.18333164683076,-0.6878801059000408,-1.937905613455899,-1.224909091508004,-1.0091916865150918,2.670191112078929,1.1371044879284562,1.1513094750363442,-0.4221268663278459,4.405824212888876,-0.45011084813591906,-0.042475111320548375,-4.085894116760561,0.8081734162951284,0.6655193721114763,-1.124377126911153,0.6070895275221311,0.37418698337659195,-0.7971106343314176,-2.2944596679049827,-0.27329965098601505,-1.1403199759309979,2.35585540372144,-2.620789022217555,-0.4886535075982861,1.220329919539564,-1.748297288701048,6.243794242475036,-1.3137976088627408
1.9623356044917717,1.3181359113149795,2.0377570221681243,2.439153840436227,2.0091800931885198,1.6206681581641877,-0.5986973037953741,-3.2192729178879502,2.8104896533916115,1.4834312425495462,3.3836135139089443,0.4655440310651773,0.31849206130325225,-0.7217253079602306,1.1109058083916667,-1.554009261244801,2.194796037445582,-1.8382780273984518,-1.6501095832076862,-2.272734821438892,-2.5212742115928197,1.7613784372321701,3.5218250733825083,2.073104814321622,2.7358231493634264,-0.1916073888539962,0.22164689808835947,1.9202327378560413,-2.836139117175926,1.2644970192874576,-2.6381291642519313,0.3289937191992638,2.565723676746692,-1.953495024551636,-0.2327190060085198,3.804700065842371,1.7917573235269828,2.6137353062225746,1.9960189061185083,1.3838552610081514,-3.267476358633635,0.8263236012413516,1.3487817012392345,1.9350963326347304,3.2952076475546113,2.59145551571435
1.4995515460948718,2.250612833510271,0.9273318842503484,1.9410500902131331,1.3665618730914435,2.4458093129521448,-2.0158328861904846,-1.5556953641841171,2.195942307576187,-0.1918988484884605,3.1824270137822537,-0.7128934745271349,-0.1574298922816576,-2.1050695439655263,3.342433610228011,-1.886435605159236,0.569029740088598,-1.1476535321590218,-2.2195631273337235,-1.062103602636292,-2.123461478019463,2.663082826493325,3.297942692276949,0.8252763525008469,0.8037773697005253,-0.6860883655357548,2.555359409402252,3.111323276767009,-1.5927870422358246,-2.298322628165405,-1.1479782754798573,1.4633008137349708,0.3902416166523791,-0.8024222917799319,0.5487107433851479,0.768080870242307,-0.6854645373099205,1.0316274114698694,0.15532343415346328,2.1427185913809703,-2.5793757624403595,0.16303876552441465,-0.09077362410820289,-0.4170075231799131,5.227204582398343,0.5265308157631656
2.3172565287920364,0.35783264704898277,0.43553195658844646,2.2068104188672137,-0.5152302815168278,0.5722640402714905,0.2698487868402566,-1.2061658023704909,2.7931003360699203,-0.6732962776358449,2.9846711055588098,1.4680836393659733,-1.7553739533308355,-0.029556579673016614,-0.7429531502510305,-1.077091029518852,1.187588067176717,-1.1987662280346973,-1.74202288367489,-1.057059468056696,-2.3474042056618543,3.4471980442361008,0.5979467047652277,-0.19630677940810548,-0.19933759022120134,-2.685511524248532,-0.30805208888635316,3.3497189825234677,-2.987247350039325,-0.39276487818684735,-1.8363246658740955,0.5234420304790517,2.593324753619777,-1.6016326833185874,-0.2971739364372057,3.6314828387185405,3.1144520682661354,2.63174289706319,2.4216337146831783,0.43783277000135157,-0.9735463489851306,2.0624754765734448,1.9349982970903192,2.1970352669419166,1.71967878104421,2.6011525516220475
0.7299469464480541,1.833828302449116,1.115950620418086,1.9852158773759832,-2.492453196082079,1.6208281308792964,-1.6442134499623802,-0.4630109840208252,2.315886565552706,0.4979329922985878,1.2142245419703763,2.057521967849796,-2.540668365274479,-1.4055253225470723,1.2038639368273083,-1.317915895973254,0.7403143211747187,-0.32645167085404614,0.24893362694588794,-0.31993298732446096,-1.6766648852620893,2.0831011940354442,0.7112238712164551,0.9831219828472189,-0.004949806600774709,-2.5955340600774974,1.7295942879015123,2.343802804508243,-2.4870151122312727,-1.2691736468183246,-0.914546386603254,2.499009325875468,0.6947992157733847,-0.840286316600859,2.2821898048020746,1.834133398851267,0.9548449476628065,0.7362026996129845,0.9575336866208326,2.978756860403812,-0.9783446440595086,1.0455800396049564,1.6524361984418803,0.6292964010937461,2.10285276377158,0.7636718142165555
2.4224780011602824,2.905460739197761,0.3728315491616303,2.2538099298399095,2.12815023200827,2.191663668519441,-2.062804058120358,0.41139068788694555,2.390501862036521,-0.7120436528332541,2.4734954035842254,3.429642599070443,0.7368371603115749,-2.5876203351781655,2.411405521726116,-1.8088954127806245,0.10737377305257478,0.7820513494377734,-1.3010441081458006,-0.7432678705515008,-2.067650172278147,5.50941636078635,0.9704518979758826,0.3767730872349724,-0.2788646162331152,0.2792515922059846,2.1577779998158872,4.371840672645886,-3.6963686687412243,-1.4625294669804432,-4.541001919098523,1.5290456007000666,2.5417132187313127,-4.56134007327818,0.07655653574256072,4.256713369296632,2.7069915713125945,2.8301795224281356,3.131482263434356,1.5344283443612359,-3.5713615651089112,3.1302971143286253,2.163239761778713,2.0180208324134847,4.705246742126505,1.728951910740205
0.4625807761787515,0.5355083961673481,0.5592953042520702,0.8705627028836938,-2.633747300857709,1.8004694387032865,-1.3231813699378223,0.3406428350038804,1.9618572913871635,0.17620128406313706,2.7854947544216784,1.356266518273802,-3.4624624647921056,-0.9149501659006846,0.8120050007344091,-0.5669860789138546,-1.3177978189757402,-0.5465423159342384,-1.947455701586683,-0.08700315985449047,-0.4954695238400393,1.8610261167362958,-0.1310064611110251,0.792269620337344,-0.027948875859967304,-3.6578693845791777,0.5450649858373185,1.5748067650235056,-0.886008138234812,-0.49307492811929415,-1.205953377120498,-0.833754542606272,-0.28236613977339786,-1.5050887042114918,-1.3566515224222673,2.067816259915705,-0.5064634939630915,0.6644267889905282,-0.4514907730686426,0.3483909266077112,-2.2848814999073337,0.024757513902884498,3.6500646854587373,0.04472836616266829,1.4524226500905693,-0.05511590464837601
1.3976174326363318,2.9920359204619302,1.0050705833561095,0.9493022433782585,-0.23398254702227533,3.591549559319904,-2.3889634733017164,-1.251410900571668,2.148451888470716,-0.2786620725256572,2.348643089685087,2.874728020023618,-2.1280464151082583,-2.378103734800024,3.2280254010476077,-2.214821092413722,1.0126991746935774,-1.3817002633066557,-3.065969563598512,-1.2211002770133246,-1.6459996092646196,2.203954542898701,-0.14598244665342563,0.4906091925287115,0.3881936487996883,-2.8400775111742966,2.981935617867731,1.5706114703507583,-1.1999664085598873,-1.8237645960982491,-2.261710279957601,-1.4860750071054831,-0.49490268307422003,-2.583859440599264,-2.4013117462510163,0.8210441987099162,0.15076628929472546,0.05595348490323504,-1.133698356669078,-1.2206410598435926,-4.022307810418132,-0.8889782223640996,0.38013819461763165,1.023176733850833,5.002579208109918,2.173783851052382
2.135992206574949,2.4501800219471126,0.01963187713980652,1.498027762390121,1.4230016347108445,2.5003222518887704,-2.0956053116422453,1.2011905845895186,2.0598850739883408,-1.1058875749877441,1.5885377485530976,1.570287786682558,1.1265412736745928,-2.021712288534494,2.8723811020028522,-0.04581882823926886,-1.514700889597012,0.18876210575181096,-0.6587373817056961,1.1643651162980448,-2.5978167691454708,5.546932187585627,-1.1818439830205696,-0.09393196043644814,-0.6380455328743224,0.6424428183691764,1.9571610170753884,5.151268210166382,-2.8521573028989384,-2.252767560475043,-4.026951264793452,4.149968574887766,1.7148233169418197,-4.4733835111808435,2.5669071445638503,3.0768703912460804,1.5078091688596778,1.4033807408123593,2.691701410668712,5.023641517391109,-1.1743389789003245,1.492181352379803,0.8696060876141063,0.9339906143734714,4.388864992580396,1.4018644627263301
0.9651103984189622,1.378322273963537,0.8517091405757423,0.9827041357725772,-0.5704297106320215,0.7946409301910835,-0.48635202902119956,1.0442377983116007,0.6441472602922498,0.8865901296211378,1.9254690482005916,0.36968451970066574,-1.7806087178712842,-0.6737007853295703,0.2969079837571267,-1.0283262646202305,-1.6716591608477036,-0.05522752584963331,0.8569537029856786,-0.43284445817849826,-1.1173271575132724,3.807389650302277,1.0404701165506638,1.5679208236148603,-0.0932314425421672,-2.3071687711586035,-0.1734338188656961,3.568752446970408,-3.2405395091627223,0.9922275185444447,-2.0578112012447978,-0.1431297420579296,3.1475128067353175,-2.025358706792773,-1.298954893124322,4.5312977783783275,2.7599817303833096,2.8051346477406014,3.239323872594748,0.09476784683514539,-3.3652340782649364,2.5449345106284635,2.0169515079428724,2.9189210068165248,0.5725469806054662,3.4461162643156102
0.795971114021353,0.5409040474943212,2.164493455745736,1.4162564976409158,0.38164004598599727,1.2485624582001766,0.043128698241381214,-2.2328989714392367,1.7969919024746757,2.2579407314770945,3.8880336729209932,2.1755375141002884,-0.6257404128251058,-0.6633970800487632,-0.47362589699963675,-2.8905352119524026,2.147216238539749,-2.076417484082232,-1.9176198220800955,-2.8526554615927786,-1.484443175081575,-0.2577385990040302,1.5559153210044792,2.1598734995875977,2.6224771924526404,-1.7174336698234454,-0.16398154553477395,0.05570802403931774,-0.2743267631833797,0.2569001750744131,-0.04076323736279863,1.1943446029105338,0.391863049801894,-0.10121678082223329,1.5666688904136632,-0.22982410351716842,0.9554742914643636,1.2180037696337416,-0.5227179968607603,0.5920194179441802,0.3920841629263825,-0.6575712610754125,2.157762920945649,0.2894661920568953,1.3066338293203206,0.6451571644765896
-0.6516986170633168,2.9154087813351315,0.7712953171847593,0.40877983446119703,0.29928899993522196,2.4739786536718604,-2.7594726502596987,0.2491101377439291,1.8691687581952843,0.844704151655107,1.6743425499816582,3.315372670454595,-0.8656380133121109,-2.7246046467028684,3.4681673439071607,-0.7842978479007428,-0.6007251421121429,-0.3974414239846775,-1.5500390260182013,0.17423106794119092,-0.0582262214085163,-0.19742374470293234,0.5665338014701576,0.1812207677736961,0.009762640305607473,-1.234342210907079,1.9108004934049516,0.9521297230657806,-0.04324977086881132,-2.9523384165857696,1.1819259011848262,1.1431412274518913,-1.1809338485997545,1.5459507254006084,0.6030724120350981,-0.4284189727627967,-0.744394403379122,0.11881245942686203,-0.9574520192425935,1.055585725629641,-1.7619514302484947,-0.20529726573460993,3.0224186094294883,-1.342286834673406,4.6630812507170205,-0.39913389002760935
0.5587758642235465,1.1074139220163284,1.141463803924442,0.12071038230546649,-0.5215218345718898,0.6668011013795094,-0.6302665450235928,-1.9944903727762695,1.0492584145333967,1.182408578965662,3.309412600772284,2.104844776714968,-3.024318023388551,-0.36623623081851187,0.9564181694201551,-1.883208647732807,1.6872490155253792,-2.445710612699723,-2.3543329618801856,-2.647738099393969,-0.6267157696867325,0.23213344129348767,1.388056982557317,0.9335107170063291,1.2510891297003461,-3.819598966924563,0.20680321691130876,0.6609589327214445,-0.5891392658598402,-0.49801886690000124,-0.16522107567354993,-1.11167658853018,-0.31493149038069057,0.08656637441681592,-1.5878002330788663,1.0006648061778627,-0.3194090236949946,0.8995356359638905,0.00636223394196711,-1.3884644866700089,-2.8581002552340986,0.03577493420343425,0.8199537937398749,0.6133451822650052,1.3520608279381428,0.8398371625791327
0.7245692661336337,0.09669464893735502,1.107530439015808,1.5062794851009713,0.7642278646240444,0.3649311335027281,-1.128652361873756,-1.6286088239391827,0.6369343234022737,0.5883604718337667,2.451479010499424,-0.6141870039406367,-0.27878027616597456,-1.403219849668809,1.2059800042090774,-2.398072505212369,0.6390136201805848,-1.0703896322488524,-1.1962677847094565,-2.3850292767202275,-0.7288181850372951,0.5443169573638826,1.6035848305291418,1.8555921800031296,1.159750599167657,-0.37436010475207593,0.8379801722438852,0.46487914802127106,-0.8031044639022864,-0.17469493069506248,-1.1076730391973602,-0.1578994176381292,-0.060115603075494795,-1.2377082795807919,-0.15650075209575864,1.086017881136874,0.4725949344909632,0.55490847724202,-0.9245896678668422,0.6247171058421961,-2.7770018827930754,-0.8688830853155456,1.4925918453318296,0.7535220050906271,0.9147077812806708,0.7595978507325157
2.2245480336384933,2.894233231107474,1.6447657738926669,2.65737415408211,-1.555785046091961,2.1926616727071746,-2.4812148583824776,-2.5035247977821147,3.387615667060425,1.0134893072898925,3.429882080315763,1.1671928656379658,-2.2875054757496467,-2.4217758756967753,2.651249842802319,-1.594238272387214,1.9759568474706262,-2.01084361472101,-2.03400456842994,-1.4670264013686545,-2.911638997487856,2.4729095520869295,2.4825233208425854,2.481499831879679,1.5762932543308472,-2.6499226107604374,2.655584285874241,2.2556421136860023,-2.7199702252943925,-1.399148417363016,-2.055846996815662,2.8954875527874906,1.2273997581483025,-1.6689392088730408,2.2638115095711733,2.3411469191659617,1.249261379421202,1.3829388230239634,0.06945591369651494,4.319536009433904,-0.6255970838227526,0.7329657174576825,0.5923303678795135,0.6962703950890095,5.112777300491319,1.529503566957654
2.0041314689232723,2.8744898128126946,2.4081826821563723,2.576217868740573,1.8360754549338307,2.809788564427219,-2.165574541542845,-3.943343445783857,3.202255807576937,2.185608036151761,3.225193720414359,2.242087170984321,0.8226647849557385,-1.7835893419723687,2.3903767635244355,-4.0983284908418725,2.24890811017317,-3.503633778818664,-2.4478143574544236,-3.218860991739267,-2.6547817934930475,2.259456467301904,2.019636706342749,3.874736582318085,2.8839388190096047,0.24137523564371022,1.6551551377853282,1.7565776021439026,-2.6364407100571574,-1.1386761555113414,-1.5101875346940343,2.2715817921725914,2.0244005093352397,-1.7056399251959367,2.0971722067342675,2.8729539973850713,1.591172545056138,1.4342312374182118,2.577672817824613,3.2694320452377674,-1.9145959107919772,2.020931786344354,1.1483043131050135,1.3044536510248586,5.114609608046228,1.7410668374859912
-0.13880952063769403,3.1128480920203847,0.6641398318880842,0.3260002472156598,-0.16022780420031446,2.639123407954691,-2.279569602670271,-0.11813619378869356,1.0073962069731042,0.6059524584964339,1.276451109900804,4.280632936534684,-0.641212658459446,-2.5192273675821037,2.769550421881477,-0.6300268928036374,0.7793410824036116,-0.572102329710615,-1.698700509688727,-1.3510114760998326,-0.5724864312345501,-0.04475994772936076,2.5029856809205393,1.2017238001201342,1.0430857199763883,-0.8077562941603805,2.570245332460101,0.6959382181574096,-1.1831069935484613,-2.1010357188098294,-1.262741850741364,1.7895561354556937,-0.437292825292074,-1.16153792812101,0.9519507817116228,0.39344580234162785,-0.7111627601762326,0.9463616112741091,0.39875425620769855,1.3185003250027063,-0.5696227966959031,-0.06661919305777686,3.1736842577703444,-0.8165408249780854,4.797345746986359,-0.5724804078198131
1.128450177010308,3.8672328890417917,1.915874410819936,1.1950148804702563,0.71686556246002,3.518052498378461,-2.5918517077792163,-1.5135231050382338,2.531186503925405,1.9650804343938053,2.260785035120754,1.800970223635204,-0.5074314002806799,-2.9582070375541587,3.8367559555276616,-1.6702046617218025,1.8519036954413834,-1.8377458022259667,-0.49402171886956936,-1.349572100711758,-1.250735893213026,1.0023538412832598,1.2392318067301076,4.001908780660603,1.711418831387775,-1.1575480977882893,2.534047809221998,1.0124022954152117,-1.6437733827424834,-0.8312850162296119,-1.0377663015685155,4.764306076191379,1.2858193257229875,-1.0392813445200246,5.034879893841414,1.7393624261167773,0.8484394258948961,2.2924336479645193,0.5520788181464494,4.8586611968002344,1.2676774679842653,0.9034075441698359,1.5549399135732638,0.34917223587389257,6.622803664584367,1.1700775139082717
0.4290730617354501,0.7815327851578864,0.7783829002701503,1.1554743252421207,-0.1386145430741199,0.7194535338412769,-0.259062968652074,0.5626744628738098,0.68489878167986,0.5024634589048584,2.8789243719442106,0.9283300726170496,-2.067039141027502,-0.37437004926654693,-0.9257610893438166,-1.5404143772931813,-0.844679610550513,0.9148823834980657,1.1023206734622641,0.2715717459178397,-0.5954905259760912,2.0665938050423334,0.1669867215195575,0.6887113433007211,1.028070892468076,-2.137295028533467,-0.11823616310077267,1.6706769456914667,-2.3382053408510837,0.4197657931622625,-2.656938663528113,1.7900948790220368,1.8941049223409572,-2.7992073613352497,2.393605485502233,2.2262667585393294,2.820077426204905,2.520988658557951,1.5362767607965218,2.254896405323333,-0.7078339781447814,1.610921950160658,3.6236666378986513,2.7157699609095527,1.4264270431536636,3.1107507125496854
2.532772241383891,0.5323214285378917,0.9381976026877776,2.704272798313493,-0.40042851266933255,1.2639624447645326,-0.015331700488415922,0.13862402126095352,2.7342795031436715,0.3398853413307995,2.07716821139297,2.091675175931731,-2.623456990266876,0.07750387544252191,0.8776755473774744,-1.0080409868963054,-0.5232577893556543,0.09420848576394247,-0.604889226932089,-0.49631537959667327,-2.8835545786868484,5.756173666258276,-1.110412735169739,1.0123703940565465,0.4171632817452715,-3.851255016264892,0.36649766813599904,4.698926328524791,-4.2462535380249316,-1.0796786531998228,-3.2164773740777743,2.278899809214087,3.468206282990861,-3.813175164027385,1.6956974285307322,4.282109882079451,3.985892831460613,3.3897921337678714,3.106943118967319,2.289174314631571,-0.8543904156790781,2.3178753311119116,1.5046530555806725,3.6228525678681636,0.5696216672437466,4.0399731039129705
1.3677161597591794,0.8574796348280664,0.23527725912999475,1.3963605740207594,0.26198206888032843,0.8143962295784766,-1.0616229847781897,-0.250985440342393,2.508915386679436,-0.008843372281941875,1.324879165408816,0.7874681415733553,-2.2307545277788785,-1.9414909425755513,0.7915311432186907,-1.70151021236598,0.7767378370663641,0.010220341089835161,-0.8827867599020102,-1.0146304585629036,-0.8990250524417043,3.605403041449425,0.47477957214464095,0.4904982162150995,-0.18983163963976413,-2.8349856633032395,0.6614878833175852,3.1152363609149543,-3.6436499115343803,-0.38735113287725287,-2.586577784451663,3.1008792757913937,3.835062017279301,-2.9831628638188254,2.1890135849054824,5.083793820964585,4.099138113992753,4.19772966910714,4.062690689236037,3.8501606315921846,-1.3397670135160937,3.1608789346029367,1.4773717971179292,3.1087291406825712,2.2605645003985066,3.6727245721876693
1.2919421802103415,1.8258865654680105,0.723807127237413,2.148008484878666,-0.840898245962613,2.0483869276299083,-1.3857420726939051,-0.2898648253548508,3.236797263537359,0.339778987128293,1.768658732760651,0.3886169394464072,-1.3111017579529534,-0.8461936166940365,0.7811654433474708,-1.2462350857972981,-0.5839830726903537,-0.7895373026114112,-0.3275282317877404,-0.8408946292577194,-1.6278539157267216,2.349790447608626,1.6638665811478721,-0.0949711111158833,0.8530471525100358,-1.4596194979953865,1.3208906697851026,2.5985665083900993,-1.147569174312232,-1.2140744525069807,-1.874572033957525,0.6896911953015242,0.1429097282698204,-1.5383802557619288,0.20712821148293548,1.4410223521085395,0.3442216535374376,0.34830982307573755,0.2893193215941482,0.7188138077958397,-0.5728119675222809,0.03818891861702156,2.089842227682995,0.16101960793782977,3.6851669562823615,0.5910304148618617
1.3499002319520685,2.345915046641689,1.1621665323137131,1.1484353805078191,0.21942134834507776,2.3128747877962708,-0.7579452116803574,-1.528079866089285,2.022452676524049,0.31511263356999064,1.963644275777154,3.062908644015498,-1.68563453481223,-0.7282246179710018,1.5461594167874129,-2.0645425222500493,-0.23509989352927585,-1.4830282935581873,-2.018190595018248,-1.648510241824859,-1.429342858506085,3.087441934479244,1.6278301951882537,1.4408763505928868,1.57801247513023,-2.492048657985788,0.5699774845682413,2.8824239962470815,-2.180755216322544,0.03162324880949985,-1.620731639989874,3.731291874918684,2.103573324781218,-1.05503270760848,2.897102728843186,2.538181161732801,2.436506202428614,2.2548579329274014,2.7729657686699083,4.631319045008975,-0.9825931067178287,2.025458668432524,0.6182176249306222,1.4701908071533754,5.771065476758746,1.6723990531486734
1.3360062695037564,2.971099617257179,0.6379777752866806,2.3360204419884987,0.2832130998372048,3.3406823922934996,-2.809842508262885,-0.30369531166813957,2.78895628424294,0.3604844022670157,5.0306270438369,-0.3028905442153629,-1.0860861117431082,-3.3980169129497213,3.6808186464222823,-0.7152984083075593,1.4653225647153374,-0.3133591958125288,-1.3638584434951462,-0.5483372930773942,-1.5616042781308794,3.274071181455035,0.7311097307426458,0.022704703828811512,0.42636521834101393,-1.6346714109612304,2.8249477241022287,3.024167810162157,-2.2287321587722957,-1.2175924027603557,-2.0144796744103846,2.7778574088278942,1.3394982385020653,-2.0837526921294933,1.5575107403524968,3.08320025043997,1.086814553841986,2.170746992870817,0.501637186058456,3.156111396888272,-2.511604479190203,0.8572531616201389,0.8534820590511094,1.4740235181752888,4.221426704811252,1.4640991689589031
1.9951754712972536,3.446752570702987,2.4353338476907833,1.0261527486930733,0.27106969983410706,3.360452578290899,-2.563862723656961,-3.531722479224999,1.1675708035098973,2.206329542343478,2.7488622484527085,1.6880291661945401,-1.72447819266168,-2.7946020885822676,3.3883220616644563,-2.1704625366907315,2.73781470545699,-2.420012132247307,-3.3366342678881544,-3.265796124713192,-1.9520424098825857,2.1254938678592374,2.5920286611004917,3.2608670390094896,2.4599141069103188,-2.75484935070776,2.82409325843349,1.9876543735695045,-3.3224935880601922,-1.6056487632285856,-1.7310700065206868,2.518809920932533,2.2641605235946844,-1.484399964881236,2.1582013703349974,4.559185842068294,1.0266510509593332,2.689102182374452,3.0304232123471886,2.734823535098916,-1.8459261988338966,2.175098743016724,3.3608168832203913,0.8519708336118996,5.030688592364841,1.21440508188457
1.2654692424701186,0.8934540245492713,0.580540849695932,-0.08528237215162182,2.065832029234632,0.2786071641984209,-0.7753533801220022,-0.7173862897665608,1.1473507922018737,0.7052482028494297,1.141648459956306,-0.8321875705825124,0.5871871537946562,-1.014452456567576,0.7992258051871237,-1.5804727033273847,1.3286384264764532,-1.2694017151040395,-1.3059239099569657,-1.1591782393805352,-1.2071196774948363,2.3646252365719524,1.3052070686639,0.21130048182751948,0.7606533806936059,0.43685815722362564,0.36726042367812595,1.632959526862155,-2.7207116976837327,-0.3336954798540128,-1.898942739490908,1.1078883833987945,2.3668949635731154,-1.523539167059991,0.8606844628616626,3.63153851807726,1.9182793178162605,2.996412737634744,3.086164391262688,0.7765493114266605,-0.8930608458254662,1.4827499301596947,3.5100819556111245,1.6179249091255623,0.18774814662858885,1.5006341112811559
1.7921236848155173,1.4385704833689696,1.1723744015709547,3.3735986181731303,1.6284566530644504,1.708773722023076,-0.9865121726247787,-0.9367382362250382,3.6490199083279773,0.5955100899104762,3.2663626994916655,2.5273964667979936,-0.10982140937201945,-0.3836308730539153,1.1154419231001569,-1.6126902644632728,-0.07629344430363205,-0.8814296645898414,-2.243310182721891,-2.302482658032133,-2.736778377137389,2.3662647220006594,0.09373608291375746,0.5320248345504485,0.44953920513229906,-0.48538397985950876,0.9550817041384392,1.3127110926800407,-2.391451046916844,-0.6262329086274949,-1.971227422697925,2.3207937529598572,2.081895157504948,-1.4147173273520484,2.25191741775017,2.562887014541726,1.9808991132285052,1.9031068574555876,1.8096399113269128,1.726454309773135,-1.670599151265207,1.4789535772758433,2.1144522863277073,0.7885598849800871,3.7224717506039386,1.2395352698884223
1.0055224125241065,2.2430957231836195,1.382115060183709,1.3231877841829733,-3.001272164376236,2.280851444224764,-1.7948805022140542,-0.9912230718837047,2.201397578200717,1.3365949363757257,3.6104842193035784,3.949829030321289,-4.372281758628845,-2.165479904666556,1.9618875373627687,-2.6856245977079496,-0.17035024373285168,-2.023853485761113,-0.5661470483673766,-1.3590095250450513,-1.4769734667149337,1.555476157252118,2.3028140737217937,0.8084775276733253,1.2396695520884031,-5.030855049429009,0.9045395360637802,1.626677949672641,-2.162768585643882,-1.3958985498750183,-0.6400310088401576,5.130156206582056,1.1551673439759438,-0.4504408392601944,4.432174640125595,2.7021709621103858,1.3072098048100966,1.5606010869745182,1.0104658801661761,5.603561821767456,-0.39990464858382024,1.5130574060889956,2.519638412081476,0.4995983325337536,4.147045014717284,1.493135560046753
1.2648618031696168,0.3393669418784524,1.3720980864165817,0.5764464280513538,-0.6307057926154471,1.4407040667280695,-0.27597237637749394,-2.136991626910423,0.4366494636553746,1.2387249698047396,0.8852919993150954,-0.13954240863042155,-1.9106346370184921,-0.6096863973353696,1.0208151995302641,-2.6080875052055275,1.9551180118257339,-1.9920422543040703,-0.8095066199467555,-4.057696398760717,-1.84440425830822,0.62368049036827,1.920420572372478,1.0236168064755797,1.0781084557737384,-2.842767371962033,0.20087328092711876,0.8719281159803218,-1.6154285500526797,-0.18076923524401334,-0.20362506401574865,2.2405674198043046,1.560787496282082,0.2903328635023319,2.0723174952094494,2.443928376946243,1.1117827494418682,2.042600203183229,2.132651498711848,2.7144779258115523,-1.0062270746519983,1.5229757791861238,1.6267383946279583,0.6320686987019575,0.818882222723988,0.8096948397445458
0.5940700630332564,0.8072854628299297,1.1277092238597795,0.8867772370036786,1.1413255797772286,0.3435607226577577,-0.3876959086657519,-1.907188336462934,0.29284549264337234,0.33686364045251377,1.466718895131422,1.596001418907581,0.729777210558761,-0.42229200107533926,0.3800340510762741,-2.3485034728908234,1.935714408297132,-2.009100127137664,-2.1507638691207123,-1.6911070141410736,-1.151714434456133,-0.8107807745152784,1.408467094293333,1.5888762509283199,0.7414218200471955,0.6071505469641756,-0.6665523483871736,0.04737088544970569,-0.20500985619995205,-0.1656277721250905,0.6437535194050328,2.5234092815467477,0.3786259867841454,0.5331508349662246,3.129720317167883,0.7866537585626108,0.629937331569811,1.0967313838519877,0.2401273803232754,2.0266373694769713,-0.024118004514737335,-0.21956178568261864,1.9645733799791933,-0.19734000487097292,0.8978616725367825,0.6407252423075854
2.0235647987474548,2.9559505803176793,2.4563779240076387,2.188169262654798,1.2492022301183798,2.781322322612075,-1.8461147390203236,-3.183673636189358,3.2314624624809785,1.1564760476456688,2.2499887327525,4.814635440065687,-0.4390925636653512,-1.2803952371490919,2.7592497681979045,-2.490127406388195,3.387800501810139,-1.6239861816152896,-3.2776102117857584,-2.3385264832782067,-2.724277745572822,1.503710073294061,2.7242294885747915,3.1247781686430947,2.4096080799408606,-0.7764633428517955,2.708161094153077,1.7788666825396133,-2.10027122200857,-1.7448459018132563,-1.856132525446173,2.770395908027568,0.9825695127704156,-1.3359222564072804,2.167241560620054,3.712378887796331,0.5915684721480277,0.7547651276446908,1.453151857757391,2.4729030680871937,-0.21206523124241983,0.828882060169948,2.1844132185599574,-0.46440120082259795,3.990820135298379,0.6209132377226613
1.8631854923015974,1.2882459664219255,1.284572746070402,3.360198990037254,1.4327699646420373,1.4469695706724672,-1.2537738732118642,-3.006299127741995,3.3179450239876953,0.9226064654631725,2.368626161661392,2.1694464968621037,0.27889862120526954,-0.978776446139257,1.5664987826917307,-2.7905037401740307,3.394508613218561,-2.9738531437300573,-1.3794625432988195,-1.6273544805736377,-2.751578106284207,1.7696032663756156,3.3752382332441333,1.8591295032485264,1.6092554755310453,0.023301213588780456,1.293356935898191,2.0886090979411036,-1.7387864708355367,-0.9972260661770167,-0.9623702967035934,0.5529758259329495,0.3655314971295288,-1.2376361935644247,0.1191356884833894,1.0387622769743807,0.772239806499321,0.29651394942510767,-0.2878903969746389,0.4105267191114472,-1.6307440280849008,-0.3905146222248339,3.427851653539994,1.11581998246215,2.587748444905599,1.8175807287510584
1.7749915755763115,2.0260575059085104,1.8616407696088773,1.9484169194549632,0.37427517362362617,2.152710125487657,-1.5945019790332697,-1.5607180483696603,3.1226373231670035,1.9764200210332585,2.1292697596047003,1.1436591302112786,-0.5554865050756275,-1.8995853201722355,1.4530899396119168,-1.9763823267503748,1.8655190196663192,-0.9465631430924812,-1.3021718105537081,-1.6834895617051706,-1.9241627819275906,3.073310774044131,1.5843457144446025,2.6767281993807703,0.999391338647446,-1.5156557587084518,2.170013557954597,2.7279832101657577,-1.5785660402920643,-1.825269171634647,-2.763701223031367,1.7569366562142545,1.1807066946892462,-2.8170532900225904,1.3351255146722152,2.0806485706604296,0.6425184535244812,2.019445784507903,1.2751506353361568,1.3987278433450125,-2.7904520930979047,0.9443624399991439,1.7753812354054432,0.14688390952833408,3.2301457004172573,0.29293096571484445
2.6323061237987355,1.1901856768701435,1.947022462829854,0.41870050142201265,0.9696201997377824,1.366117069529664,-0.9822582669585797,-3.592176229833976,1.673930225635804,2.1143040729114686,2.578975328279953,0.6788962590824837,-0.35068070847953525,-1.3565601136754581,1.22642115005084,-3.8170258821843914,3.4421982889618152,-2.0499445666937754,-1.9397428921224384,-2.4936464476996085,-2.129477286491672,3.9443679824383553,2.450525941686683,3.1059967406364013,2.341944043631533,-1.6336479026200201,0.6427765175413079,3.526567326932299,-3.4582960960210722,0.5518927664893734,-2.4446231237991727,3.7998013139715505,2.9109315478824156,-2.156534104776911,3.311248963257442,3.7830925262524717,2.904076873547523,2.8140190009759207,4.068466277104425,4.142050645161037,-0.9024229154617239,2.9259047704293737,0.24452586921392072,2.103136552894085,2.0310305488259806,3.0031838936483197
1.7810964707291617,1.7936420528224086,1.455237048052618,2.7332502449568548,-1.821459587312912,1.2371344504912178,-1.4823047718658031,-2.4645898498143253,3.2689687271170538,0.3911825594373803,2.5827765549042705,1.2755004313297482,-2.396300353585083,-1.648113104671575,1.6130850997790864,-1.1748656771118016,2.464710522114111,-2.6717055844422273,-2.13966202049675,-2.208949567447921,-2.478307949363657,1.2233004752729406,2.956354340144076,2.045986581618065,1.3167970847425343,-2.7687219927291022,1.0732253646899788,1.7627675227369513,-0.9338309120156643,-0.4062904415343966,-0.5682220034755118,0.20440291013853762,0.1375803480977722,-0.8608990667621336,0.20749935649759155,2.092515234635828,-0.21784083211162952,1.6997171672207092,-1.0603876051995857,1.0307957278541295,-1.9085945829798394,0.04359259922136072,0.8511529743554834,-0.7526044970479997,3.700439399465542,0.35904479078739815
0.6638593822851516,2.959936705684822,1.0191986150746875,-0.24117300565818978,1.0180111529750715,3.5974889714718055,-2.327988625226821,-0.2684559376765152,0.03178400288954153,1.016273498840766,1.118977452608354,3.405461033434672,0.40279817901260007,-2.6190907520404467,3.1950085283178495,-1.3243078909389103,-0.06404327857270387,-1.0432414204455371,-0.31189648264580216,-2.0486419323869427,-0.7285563026253358,1.417669843085176,0.9061071761836728,1.900103764366446,1.2324355449371878,0.3768905379028338,2.0154560346717685,0.9535026525928132,-0.7842720442234996,-1.1188679975278277,-1.5266383568427992,2.7514674429796013,-0.03973679594928492,-1.3955191403990526,2.319640248097139,0.19147923534036537,0.8503485249479086,0.3480999677603218,-0.0284465275551935,2.0486991551555835,-0.3011415587931956,-0.23198418579391888,0.6673936843062622,0.5774083219706019,4.479349775629851,1.779295978852909
0.8343942367885062,1.0018583342881497,1.8995285687228876,1.6251193248520814,0.9589223941121819,0.470425304912788,0.15334576757606166,-2.5924654736162913,1.8549159907645443,1.1110044841470081,4.059276108697073,2.990253490022944,-0.32957980689102984,0.18420847994757583,0.27817939186768803,-2.3527046476499107,2.5422775000349267,-2.516347962809708,-2.764753956358716,-1.8454078035666768,-1.211051548068522,-0.10567904672145367,1.2919776129484934,3.0267370432512752,1.6004417001821198,-0.8881401399145995,0.5023799561632493,0.8168513477125878,0.5576594502516776,-0.4778013276533659,-0.2976990744915651,2.320505264096658,-0.19941628815226986,0.1265301718555365,2.779192210153001,1.2152315549982988,-0.12564367942631527,0.5065553116964886,0.34282233423356245,2.80832434253727,-1.7017137098038502,0.822646783718262,0.9441984117119194,-0.25841675775301143,1.6123557176943364,-0.2518539921022185
2.0567583903349487,1.6621955918482874,1.0543924761061136,3.486035937719424,1.9764342548633262,2.711741084310523,-1.4230425825879478,-1.0001159147315395,2.2704132232709573,0.13807329134288737,3.9820155422053363,0.3702550336365873,0.7744144816869378,-0.5555066598591986,2.1936192487464985,-2.0289196452100287,0.28305704392844455,0.2983592352570148,-1.4623932058203262,-0.789818840641565,-2.8904855772893865,3.8490841727756058,0.8901233011655765,1.2495819395421228,0.5222840304660802,0.29032973284919517,1.6753678683153868,3.5168445638316363,-3.2676391011753063,-0.930507667165728,-2.3568293653051127,2.550778551239855,2.4441057442242355,-2.166186798418571,1.6728557961076795,3.487145453444534,2.648013156092985,2.5630860675823293,1.9892282539982284,2.433268333776705,-0.3899007873140592,2.4249028707264695,2.885880206744101,2.0416432946336096,3.4813932186700227,3.0016886892389554
2.15383677546361,2.03121146344134,1.1461760410028023,1.4481931048747163,-0.2516177010246352,1.8846443402509006,-0.8096655018875347,-1.832007344109681,1.9535792409064585,0.7545536950795373,1.723763450127752,1.8881310378195795,-1.4984512828217043,-1.1070146020935603,1.1603472658227054,-2.0652191676311857,2.3507103463098327,-1.0805804805540031,-1.7222862977244522,-1.0083502363667147,-2.043417579771953,3.0569731775346027,2.005685359097572,1.4489595399758806,1.3158179631442912,-2.6722803982643515,0.655818143376995,2.850444895216519,-1.6795470899081968,-0.1419009447524493,-1.9952292920415364,-0.4821613019673885,1.1202636536758803,-1.903856071088644,-1.200572876117503,2.114373147112357,-0.19974786778954823,1.9589555460773274,1.7384790801152692,-0.26787337408660705,-2.030414886809388,1.3029956587443579,0.9230733444496148,-1.6108564656484612,4.485160753457045,-0.32332384970017647
1.3458379574756405,1.2913145297438249,1.1025469324966113,2.1563583580127137,2.1879319593226314,1.3241401538540203,-1.283598868180106,-2.7047029090641397,2.1954979101779992,0.5875170451737737,2.5849971705911927,1.9508997775751586,0.6605625340781509,-1.6919601095532766,1.2554269478960878,-1.9990580208211517,1.7859648684087772,-2.0583169942664687,-2.041799974180243,-1.7665805668465295,-1.7088203862878597,1.303055651796722,0.9409166290152642,1.7924897805448388,1.2803610348668746,0.0006510145271663159,0.44155964917588386,1.579437233410019,-0.7918892696468709,0.9537552313796993,-1.160054321038972,1.94081966861281,0.8352134460174964,-0.8473508741845948,1.4637869360735987,1.1637828519336244,0.6608582481982569,0.9735116506452035,-0.01752946960194368,1.3608322436999563,-0.28022630386965,0.8867475974923336,0.9034147636650113,0.3972258278817631,2.7488952616277906,1.167980977767585
1.5428208559859324,2.987957094650553,2.740814221296047,1.604000595495847,1.2112532801019626,2.233785625737439,-1.9149946504591802,-1.3566277628429686,1.82105772902648,2.562591399396301,2.1379708981751917,1.7410051691545803,-0.654388140325658,-2.177273948454842,1.874473987517345,-1.0725257582235503,1.5711997636276047,-1.5291256172855108,-1.6866919841789139,-1.429311579542729,-1.8561282120015292,3.1497146325728895,1.6683668271968146,3.830335575417781,2.073041245312586,-1.3253203214543343,2.33792943971141,2.940668764026169,-3.3009962133775517,-1.578255070188812,-2.1881647524796364,0.6074850673508406,2.004429479041411,-2.7651490510357366,0.5506137354609818,2.448125698627468,0.34854918842152904,2.743144834456328,2.2502326007494102,1.9554159844848722,-1.3294522903970867,1.6362027028095993,1.528769004608851,0.5226070571666597,4.660477288399097,1.4037890855191693
1.3927234340796488,-0.9151542101344199,1.0944170788577825,2.675979024439041,-0.720098644776317,-0.9222951743218928,0.6658295473627067,0.08655191457301425,1.8956446064859613,-0.3609326122211032,3.2342653939992405,0.16640016575864514,-2.659023941412947,-0.021927138516445233,-1.3384674083159551,-1.3707430496641708,-0.08070293998673095,-1.0617171522269198,0.21289265663134738,-1.056107244542573,-1.833918044859641,3.2314479079664595,0.8084569482289901,1.5702380249489598,0.7767724712821289,-3.767129389355415,-0.2911213208203973,3.198132214312953,-2.6216948365857307,0.6068976367695449,-2.511374117777252,-0.08040565028669366,2.7901151664234893,-1.917605416564622,-0.5143685261806599,4.052508263939095,2.6978362950094423,2.9393225563408922,2.888630314873678,1.0682609387665059,-2.1221975910277653,1.994458410588726,2.3481721952451498,2.9310007435256153,-0.8524986351568105,3.939008765763679
2.223039631457465,4.7702761201191315,1.8696025673018144,2.53258463911792,3.0923054358825595,4.148082741604576,-3.0313988251931976,-1.8642797716625938,3.0765608115694834,0.9586048734273167,3.2042611076231653,0.6439173195027389,0.5575589231052243,-3.084395175540027,3.8212556445761425,-2.693343593323331,1.2167709258368993,-2.039024022366829,-2.608224847569141,-1.8417461160851079,-2.7046327464153075,2.8920527411750587,1.2253056837613692,2.393317582822706,1.1869958426178866,-0.6418328792984185,2.815161909103821,2.614587804860715,-2.518158745308787,-2.394541253136225,-2.3013762554809043,0.3848655644398251,0.7194664047895383,-2.2875424507647173,-0.5993304624725773,1.8786346145996287,0.5610476841698191,2.108220585686772,-0.2614602039068714,1.6930719112196677,-2.278745531030649,0.34897259221344,2.5228226150700914,0.2669677698068519,8.872734910724812,1.2191050036514886
1.6230997446895037,0.5670789585656646,1.8765574117205386,0.9001102467387749,0.02563828061567694,1.1933152877537565,-0.4139324925761547,-1.8301303788203778,1.4416552589005285,2.118019074101954,2.3353645827147744,3.342638227398191,-0.40608436181118845,0.09631444958972324,-0.1459464657999041,-2.5679738982823874,1.5354242501276139,-2.1716596847503884,-1.404462705408637,-1.648577550493353,-2.07516547599318,3.7888525022882638,1.8322612388697261,2.768075387825148,2.2827951236720163,-1.148845974601066,1.1753745694227609,3.4092107831946996,-2.7280095151282167,0.7200773387709256,-2.9747516844473996,-1.7511412146171106,2.4960432396898584,-3.20057958555592,-2.247495131221183,3.549363297767813,2.8189125280438883,2.538152572783722,2.9962822248297454,-0.7053792489021029,-2.5682772728503194,2.3245491771940383,3.567857719761693,2.636749463352083,2.0513835193216083,3.4337744585552836
1.3902112063122958,2.2737030235628604,2.1410621235252743,1.8272691352205068,-0.737780105331174,1.629500812881461,-1.4107791744779197,-1.7923982148753737,2.7832684207233243,1.831827522314968,1.7680964664384335,4.582602527684042,-0.7630607551073252,-1.4372650957529762,2.0243338114379696,-3.599289392526104,0.8429686116720316,-2.5105776804157145,-1.288792018803565,-1.2976812510847573,-2.1726193875537616,2.7267570731171724,-0.3804006065778962,3.317599801632774,2.0555522705773863,-1.058337836209828,1.5309954030355277,3.640323315106375,-2.181237228677326,-1.003220540490044,-1.80712022781066,1.9495572599147029,0.8727447806284628,-2.1376253563207586,1.423552608844564,1.8698391716863252,0.6199227735437274,1.664572120325602,0.7010252164644677,1.7525744688215097,-1.2781803577378765,0.4373784071900084,2.4134425153530006,0.22976513738891657,4.128239361214245,1.0543865654794018
0.38231753000764435,1.1313736891755166,1.8818269258505178,0.8039708375237309,-1.1338884787590437,0.7828281688447383,-1.362686486101347,-2.033055029739444,1.7015810264152416,1.2349609701581767,0.28021763013216594,2.762071377364224,-2.6183229693706394,-1.3681253028983074,0.9103483418980552,-1.5423721849722578,1.3458328214395694,-1.4966312368128445,-1.1216377029218418,-1.8466333065689382,-0.7796864926112559,-0.254722863817491,2.4595041608061408,2.3323730894440984,1.1894224706252619,-3.326503666370431,1.05973321384658,0.16527457115986222,-1.7045499040872998,0.11630699450771498,-0.36033037961342385,0.03509756547874332,0.5364823323084896,0.15401818121824973,0.28237762640002806,1.5702188022019499,1.0763340236323102,0.538071368484083,-0.6566454266001827,-1.4447398863238055,-2.236352689131992,-0.2626700731012215,-0.5730244691621633,0.3752214221080618,1.397392435639182,1.2683558083521327
0.7372445257406938,0.6943970890964293,0.10421929353757342,2.085415855479187,-0.9318397904631136,1.2593812411341285,-0.8059380346470838,0.24151628605379227,2.446420820229673,-1.2328531245138452,4.128012255411009,-0.776864611733554,-2.6474309078783804,-1.052372299335412,-0.6138653681913115,-0.9247435635242686,-0.20019321117874256,-1.8822266925445443,-1.6332854441639855,-1.0599333995104179,-1.652674155290727,2.693869654402527,-1.7138115049209572,-0.9103888050475499,-0.3939343731081393,-3.638489348667769,0.9573229754263101,2.3812174750055104,-3.4014041715960666,-0.3610128973650216,-2.3549281009099623,1.2073814088183905,2.803393257537368,-2.288543691800275,0.5717707956791778,4.717203689774584,2.0318161350482242,2.9651694634283228,4.027152679744466,1.3865273117753774,-2.0982181439758385,3.183362271649018,1.41656590136164,1.0480517127485998,1.3412417291756409,1.9829975733342158
1.322513472010009,0.11690058014194316,0.33491091577458554,1.9845866790651931,-1.1037219206479794,0.6517268907796208,0.09995995959796922,0.012394692051476364,1.0194513586127862,0.04902908389398786,2.9443469123520396,1.8421995688280686,-1.6934273292914392,0.10616163031396675,-0.22951971879829558,-0.72618301814851,-0.29014381608848305,0.029445037518977646,-0.8741283402762372,-0.5589603355642334,-1.8396929930549972,2.7701025159125012,0.7301569950333304,0.39450445769146025,0.12766003477735943,-2.211819006424984,0.27149040403792046,3.077429551029784,-2.34322154557801,0.35947797906189716,-1.9076539217951551,2.5649730653126888,1.8148398533924768,-2.380782329184492,1.5004309772467461,3.352779991953292,1.529040285375935,1.790461998414713,1.5256952817703882,2.488678241787003,-2.7423462569951775,1.114347726889664,1.8791060342857897,0.8687352740454437,0.30925277370002036,1.3132094926750877
1.57272185330642,3.061998135415121,2.2090911173620373,1.69217646272829,1.342656037737517,2.3879616407061146,-1.8299737059176788,-2.5345563222438274,2.7030682981489633,1.9292952760849393,3.437704427332195,1.313849504020348,0.7197078219155184,-2.0970692305528393,2.730926949435086,-2.4486785851514576,2.4689048007553893,-1.8377141630221296,-1.5933395443517722,-2.6572807546103308,-2.3298039894365643,3.1370323157233675,1.9965237991628069,1.5929895832701222,1.429272759129974,0.26922235053621657,1.8659516150975097,2.6161219051552917,-3.440139879475921,-2.3192689689257717,-2.244034520028506,3.4654198831566045,2.110884925677878,-2.273236327227042,3.0875829377894135,3.5968045293863353,1.326666246897785,1.4977409368660857,2.4442310021048543,3.4611156765704325,0.9408418125994069,1.6918604144813894,2.0931142991918676,0.8921547855860332,5.627904532981933,1.3384492729283262
1.1099888581007902,3.1368761269164462,1.01832658817539,0.5719193199557985,-1.9495832203531305,2.449713404267328,-2.756029153289405,-0.7761503416394838,1.1507649253641004,0.9650177945491153,1.6191710226579366,2.4911182003426235,-2.9830443103394946,-2.6223206816550064,3.1147230515541966,-1.5257624775358118,0.4195014273921379,-0.8599388299434884,-2.075920277929897,-0.8894860341176258,-1.5008456016268101,2.274871871418273,1.3807033815135512,0.9412247317629495,1.3520007547170048,-3.617758238303229,1.867772663668727,2.6394769482958793,-2.0384401795051854,-1.3379698616946594,-1.4443722940348793,4.519511095501189,0.9645383141004417,-1.4262460661242091,3.4503315870522577,2.2279059348388675,-0.7205129553779742,2.0612268511027754,1.5707547819964356,5.418450238090571,-0.003096980894915946,1.3452096453210742,3.632180280220366,-1.5149997611540673,5.692608539381631,-1.1429221720662435
0.629286915837326,2.7347768278062756,0.40197486352141143,2.0900687304234866,3.4047448408754466,2.505830379515731,-2.2396905499930244,0.9433156781175702,2.684444519855947,-0.9757060321402646,2.7978020925885403,1.7475512229993884,1.5715408811576181,-2.215410202222586,3.6888052371016196,0.4385195308979424,-0.6409278156919063,-0.005045863668579065,0.30342990765383626,-0.4392613435495971,-1.1033580424683835,2.8607443113624687,-0.6025959797968268,-0.8914523826259806,-0.08978346144274374,0.6253959753087024,2.0737155918426087,2.2224631904959757,-1.4658604736823764,-1.543785554045471,-2.4678636066905586,2.105071754994872,0.39063613185823176,-2.54984078096592,1.1576082842430446,1.054060289769487,-0.4372641437071426,0.9561065087105195,-0.0951784057749776,1.7917366831308468,-2.322138697553066,-0.4723181772938889,0.6455716251220409,-0.07022627125201086,5.022719844889795,1.2162746924732943
0.7593583628722249,1.5284029253381464,1.4091357432210756,0.4025582376987855,0.8306358654741124,2.0563304388464068,-2.5348843337016267,-1.2695931829934435,1.7084697001475422,0.9366201928390424,2.465574550683246,1.1526179643324608,0.10995480547577796,-2.146665986330464,2.698523602992671,-1.7105217842876894,0.9737617999622084,-1.649762928253071,-0.5631837377982535,-1.6540713324688796,-1.1479234653399073,1.518661726223518,-0.20071166714852806,1.7605298028339398,0.4772607508587047,0.2666453101847275,1.9945117171062798,1.5603837441274573,-1.7392160109616268,-0.47891939770297415,-0.8442138144472365,2.928566649167757,0.7067698884236104,-0.7233790485000525,1.9362054034463612,1.8454074502900562,1.3231350027182915,0.39488645612685236,0.6047934109729133,3.5126762897313215,-2.8395106004138784,0.10511300341505536,0.6797288285605565,1.4956621394941036,2.446974201705987,1.9284346901688312
0.027623539546655973,1.634616048862485,0.8257048839534795,-0.22408012396877464,0.4794641305518485,1.763878777759318,-1.9861481923933857,-1.0093791363606395,1.7529693283266727,1.0346984527443535,0.9783884667592773,3.5324271274455814,-0.39080603673336656,-2.1584576236054964,1.9468712025565016,-1.0381215078718191,0.43987854590240927,-1.100277277742606,-1.9779550869210198,-1.5249322540937418,-1.0735429836826789,-0.3153832538243204,1.6188243306039907,1.0889475745664718,1.7110223444365147,-0.7364556669572674,1.6479323831900836,-0.32723147785337026,0.3852613784381902,-1.1115732278324206,-0.016533425941270607,0.715069624626559,-1.160571455153038,0.0890966298811795,0.6684009905543566,1.179783920540741,-2.3979554486291788,-0.3830583357477453,-1.4949477773057638,0.4555279285449074,-2.75778558621033,-0.6850615575763341,3.120015255879525,-2.450568028262479,1.4661162326768844,-1.6337059418187052
2.0409365733189326,2.25993383283608,1.2940760735762094,3.279469989258165,0.30893972995754243,2.607522107125352,-1.5264095083226128,-1.2534973007904673,2.074185168695537,-0.07864598758731589,3.139977508535079,2.2594045961579137,-0.7591679091923329,-2.0506532455279456,2.0973605409063163,-1.4964548596563065,0.4397741833359953,-1.6418279464269785,-0.6601784776875297,-0.5524339257893455,-3.5525154984926903,3.895572971155766,2.377158474871294,1.0165694260477263,0.8462923451600732,-1.5167305424097433,1.5744784517476105,3.596117694909188,-2.274791981400736,-0.4214865482636898,-3.4339004392740353,6.226907643381138,1.4150527877718182,-3.4168316778502996,5.814853844199633,1.5163658013515686,0.911884533145497,2.1615274771703405,1.7640124507360646,6.437101897186465,0.1864596644770664,1.513500937255893,2.261265374107992,-0.2216883215955201,4.010109724712551,1.0372269497243138
0.5650712860954166,2.582752880790175,1.159863791383461,1.499629435443129,0.5155309053366737,2.1467629765480107,-1.1533570790004903,-1.2874912851984164,1.260660172865995,1.2026207634984745,2.1996344282727245,0.7646387302315835,-0.8758990937293967,-1.2214086070830925,1.1986107450033572,-1.215911877712439,0.8132978468265428,-0.28308706448895227,-1.857891623552472,-1.4076741550551195,-1.177375540610069,0.2648960385949761,0.05647468129592759,1.1027109299457154,0.8725475743207182,-1.3683617661663119,1.6136644761956294,0.37884044577779985,-0.07180919206679137,-1.5058172611348024,-0.5836728050344758,1.6853781683288176,0.04547151610690103,-0.6176574377426616,1.7058173761170399,1.4366643198111886,0.13008058675719725,0.08397996901594573,0.27105965437934254,2.250420402284404,-2.729345462857345,0.49165741373220007,0.4705404479735731,0.31265281526234506,4.119232624408623,1.3639183850376604
-0.11867002595776155,3.1588637897372345,0.17219337499131315,0.4541576618418086,-0.7190050872782809,2.89504849994932,-2.5225731615295,-1.0416953574458734,0.45468884317364844,-0.32227434513726005,2.270564823291453,1.2837128065461665,-1.5756407034752757,-2.21213002227427,3.0959920653337525,-0.7784121739490584,1.1775176549023143,-0.038703911725429085,-0.9242529448975614,-0.9152435396512628,-0.036241430070753644,-0.21831594289437506,0.33226039326051904,-0.577646297728126,-0.3209357601500775,-1.3240669965445953,2.8269685140226617,0.17612388614102925,-0.5350064971698913,-2.1764032685400987,0.45400618449721386,1.0491574701459818,-0.6552412861946946,0.34627096065013907,0.5382942800515289,0.6606719689362934,-1.6400275398522037,-0.31156074125190547,-1.5132052963717209,1.0759332958940786,-1.9335552193234986,-1.4929258373341763,0.7133595062286417,-2.368778001962018,4.6248321044255185,-1.7070454666937849
2.156899256133438,2.683841470570086,-0.069841466625294,1.30573350683522,1.0362668981083072,2.5243328885371747,-2.2571756206215716,0.3433263400040736,1.8672275378836232,-0.7938593535930303,1.174284485273034,1.7780562012669097,-1.111776615140853,-2.0724796988614775,2.367082571381676,-1.1942631982151144,2.0696690634964363,-0.8863823576339902,-0.9140171080032437,0.010432489640836096,-2.470684878381973,5.140811878853121,-0.4537632262044522,-1.1542376059689594,-0.05498993282360343,-2.2676436179391612,2.5525312282609143,4.29863030754682,-4.982452316832033,-1.7416367355498683,-4.2403582681294045,4.100650216361196,3.8184343801205136,-4.482084093167362,2.7542026117547396,5.143447475162034,3.75434417679283,2.8842514863326203,4.735377721823145,4.7381585474954075,0.05239272281085072,4.2616334086549195,0.3489753535459257,2.539223532458091,4.111586833817833,3.1012435867814068
0.43026495703033263,1.1416036609279279,1.8927028159244514,3.51562716043929,-1.0822986258207452,1.64648813835304,-1.0552204739749858,-0.880729175019489,3.244567672119526,0.824450953083883,4.107569001179341,0.9120781179516988,-2.4670026633586306,-1.1274516502178151,1.5416512314874256,-1.1831770477976309,1.6651930266689199,-2.1176610537953637,-0.7161051330989726,-3.0105415164572715,-1.5222029615225914,0.8464810633215618,2.9172238666238286,3.514116238926701,1.803564253571984,-3.564273528201651,0.6305960505731788,0.9973223550057545,-0.3452996877430259,-0.2616440398347244,-0.6024146350132401,2.14275406952698,-0.20001526540507353,-0.4763819573527661,2.3585565514720814,0.29653847477162687,-0.43232877836161043,0.5692389433914341,-1.215170225497711,1.9577320404056715,-1.7872397386101622,-0.9515191350046825,1.140242610328295,0.6690700962234031,1.9105990037756126,1.5467655450067053
1.3968100383005575,1.6202665011247492,0.8588119451185516,1.9862029007113964,0.015128788837782653,1.7854100563445818,-0.6817881881963853,-1.8348151567261812,2.633684841333693,-0.5277143480960125,4.036936406017212,0.9132358343758706,-1.142272102364913,-0.2658694433497426,1.5953474658136146,-1.748957970777888,1.1527267595808584,-0.8881830860788162,-2.3491415865080856,-1.7188035002136357,-1.5323732882064949,1.685400821120821,0.7776877270855932,1.2119995823440146,0.9864362911652036,-1.8301182786841526,0.4473440471392456,1.6558878561560788,-1.8045899805573316,0.8299051051908459,-1.9205880136068616,0.7581745031018106,1.2953790991787357,-2.365749463658715,0.4641336439387098,3.740767639070505,0.7830801882098046,1.65446995954011,0.42015242271386044,0.9995517427929508,-1.753096599386371,0.5373081568220003,1.3768439605553011,-0.3798260920445178,3.257127935653419,0.7472455656358178
1.3148583304877843,2.155436391981527,0.862322886192845,1.4068095189348746,1.4402971143998977,2.0840959576688083,-0.5803728743065052,-0.7728151450812638,2.7259226151972875,0.33750503466272375,2.6983925971429956,0.09003707684019147,0.4998760435438161,-0.7903060385952355,2.091036135087741,-1.7595897917322283,2.517273475654096,-1.7119896867126974,-1.5114118800585383,-2.474015966934523,-1.8260739264021404,2.6047222311005296,1.5678496194387401,1.4573909774185487,0.2545862085476772,-0.7042963342133676,0.01922474891125736,2.829213288198592,-3.291369804818462,0.6127380073560744,-2.4059857769059825,-1.3885306409455527,2.690357389931867,-2.8673829416201486,-2.356044529031311,4.035267299208169,2.53296098005934,2.6080681019701815,4.093240498336019,1.0365040079015175,-4.524909512886884,3.5822212082875535,0.48806329376373214,1.9846693280275367,5.1242064432970675,2.7711594038187135
0.35588361640510335,2.7941310113693403,1.1560875491339688,0.9781280733495372,-0.3990490624166291,2.5909178374746853,-2.493764723696264,-0.5135016387077095,2.192939640827133,1.024719528028774,2.6378347223256173,0.5367875235129165,-1.6100118999363449,-2.502889153272168,2.3200650949754915,-1.4422943884366648,0.5499046985192227,0.42710376466139843,-1.1867879425100785,-0.6548826320522398,-1.2789008544209186,0.9986920067111038,-0.041816663864918224,0.3868340178147287,0.7652295610799974,-1.9805111018001933,1.8928093571865783,1.3278217633132345,-0.537145127322181,-0.5304344141357876,-1.3227357746116637,1.0033336235991845,0.08352841261887956,-1.078103808845217,0.54946025348265,2.65325711313244,-0.5682619716303215,0.4303305094504688,0.43820947492284335,1.0028185524794706,-2.5478230875986023,0.8199252741721375,0.2990016807700526,-0.0753190786217971,4.562858051707246,0.6255694917174723
0.8463980383209078,3.431826498403545,2.38781671004095,1.6488136203965722,-1.3407703990682167,2.288124195477719,-2.8464248293381527,-2.9905492429770124,2.3786396635700062,1.9125333719376112,2.2534530813324563,1.6294658195328766,-1.8689019147600696,-2.6243498708330426,3.6965986626415086,-2.1657610736031656,0.9442062501498129,-2.551077664358883,-2.0043055886268006,-1.7911544613558228,-1.5822141076605525,-0.8246491030685883,2.782588277656299,4.06805079142309,1.9400816415094155,-2.720786804331734,3.238709835670749,-0.68728875792243,1.2085206585716628,-1.558040621541605,0.7981210702245713,3.5865502975940995,-2.2730188068635084,0.4822144502730732,3.7162726319096775,-1.7089394061045717,-2.4148388982552933,-1.131479098775227,-2.3485193149701304,3.532849824194548,-0.18314479342333012,-2.2017118599690666,3.8448479629246703,-2.863686576790357,6.493685143530206,-1.653989836855113
-0.08314854257907478,1.3715529004176705,0.49359099575800003,0.9164039245645829,-0.9511787695644865,1.8959308855570631,-0.30848616127285244,-1.3843094301466854,1.6421559877904661,0.26896420007155575,2.8059029670284055,-0.42787104525042396,-1.6158014122695563,-0.7769181492257082,1.344036557866626,-0.7686795105489328,0.6313502145489563,-0.8447955877870799,-0.7264205603642696,-0.9595473382538129,-0.9811493636101749,0.3244354608531965,1.045580148866699,0.7620824436332008,0.6484847041264101,-2.1606869651472724,0.02013014472408825,1.2245518655447687,-1.331034240255964,-0.1277725845093427,-0.8964446303971066,-1.1863690093352004,0.5914560025941096,-0.8449634095932305,-1.647929660160352,1.7210710940751843,0.6589881759139349,1.4351169923918428,1.0189793266005294,-0.9640242545393483,-2.248335763346114,0.46498052041646387,2.701766524256696,0.4921657634155098,2.125817613507599,0.94344312634092
3.7323707259739898,2.1102992070928512,1.064863421744783,3.240375780432932,-0.22586108697793633,2.386467832832148,-2.459655578116825,-1.8085237179650135,3.8521789755487976,0.2970860041379776,4.4268300989009814,3.052909811150731,-2.004594085278174,-1.8524796018112692,3.1981902462489487,-1.7354274724430918,1.4276264776640495,-1.598446480805317,-0.7499786144519928,-1.620762858289937,-3.7585228962994304,6.403754693292768,1.0436424588064104,-0.1492564993779948,0.4307581156551715,-2.888270665267789,2.2608403585323016,5.725110159264186,-4.596562941821185,-2.0418107238689283,-4.254397643373196,1.376765565041209,3.045145639715927,-4.092551539680708,-0.18714469478129447,3.309067360834546,3.712260642011284,3.085937376320523,2.5937612331761892,2.043162691209612,-0.5592034997056909,2.6347708645270345,1.9817624284564,3.4053180567210735,4.6915519752147175,3.1199104798056316
-0.5339158833796323,2.0799953787890666,1.7774899645765325,-0.9633311567122735,0.5384852009173577,1.8679958493456994,-2.170076045435419,-1.7858686554743894,1.1203975259972112,1.616848115928505,0.934448570785096,3.263357682793995,-0.40853287125666116,-2.4017143972505934,2.1995263679051797,-2.1548030113402366,1.4103695260441942,-2.366876906327108,-2.265802850633175,-1.2557744563780469,-0.3743924070647977,-1.074172728992508,1.3269487036441827,2.2825305780125036,2.202497018253484,-0.2794417266277316,2.446933762744133,-0.6529361296819232,0.24722609363259207,-0.8299361326365269,0.6687272316576263,-1.001723989068642,-1.1922487862418398,0.5458007898498383,-1.173057446858574,-0.2216641179618164,-1.3437604664064775,-0.5241589720823552,-2.0214816115150205,-0.9042035287069281,-2.1332525353261422,-0.8918046508781046,1.3484534630144842,-0.5427880497244593,3.8065840016377495,-0.002784345191850779
1.6653627691167139,1.5585342828757454,1.055226247899285,1.8535619319165115,0.9905826912567557,1.2057791199844434,-1.4006942923918821,-0.8274686971849917,1.8772408004690426,0.8094689419592587,3.2590118477585,1.2348271716745844,-0.2930630854028883,-0.9943470114752637,1.3890542938284185,-1.5688673683191152,1.5850715378256737,-1.0660805772456239,-0.12320758599112258,-0.42593429848616937,-1.5597913587429588,2.990266671109034,1.4089164861647339,1.7047456891136954,1.2400443922364754,-0.9873705913080015,1.6512819689459433,2.677659201238361,-2.679552720883118,-1.5105451981605151,-1.7911555912867336,0.607193929405421,1.7790302258846817,-1.308826556754433,-0.11689307812896099,2.9814877234401775,1.1470757778283314,2.051675481472497,1.2891497125581095,0.44061609410409863,-2.8064953921835682,1.1549950359164947,1.3519738131199868,0.7581271930567908,3.327018654827645,1.304367305265786
1.3664414799662368,2.207917583096833,1.9774201868650567,1.2535807885185877,1.1302365656838536,1.9471463550942731,-2.11244567757602,-1.5543128742155659,1.07486011542872,1.9035125676775813,1.9847410882392582,-0.2237911274999289,1.1113114875691208,-1.7279790672791249,2.603857516631443,-2.170079967517846,1.0544903852609984,-2.408911965659719,-0.6837530811878265,-1.0812247058856639,-1.7034254634738095,2.1518561513199224,0.8533902793067756,3.2108636043232295,2.4435678267234735,0.9832135710159884,2.3038482512356637,2.027341607015009,-1.8690102260819372,-2.5102966777478652,-1.487489385809185,1.5118948519798039,1.1753856972769476,-1.3183143067045078,1.0239101983527408,2.578711646947185,0.22457805605234826,1.613221443569747,1.7260487153067163,1.8394603105144751,-0.7358718297612453,0.8672193922788676,2.9595857960121936,-0.239424051018563,3.5964209489799615,0.8398456918360048
1.5859740719508528,1.4244821718218124,-0.8121873976263001,1.4845995302977855,-0.6738095619829302,1.5519819747956145,-1.5186191654142303,1.361433434892894,0.45712084163988287,-1.9349733069973898,1.654864605148037,-0.9501036546880377,-1.069584956213466,-1.8340883739794727,1.447620703638382,-0.9109240014665164,0.08636846273258403,1.0323540724589417,-0.11711272415010487,1.0131358687834966,-1.7925107239050129,4.323195358891146,-0.8955587871929103,-1.6829671915348643,-0.5345899901451416,-1.3995339529063562,1.2183955881864914,3.9718775974172136,-2.389826576605227,-0.3825100748281376,-3.095373402290244,1.8663999646070362,1.5267103915991274,-3.7108755514165632,0.22337290290831158,2.370236209540944,2.0285650663124706,1.376714931238967,0.7845772792433601,2.4926349692448606,-2.945252061478361,0.7351634786458066,2.468521671988332,2.4120989588169452,2.118807943694459,2.9873561753630056
3.301793716900697,0.9586691287126532,0.7354989262396551,5.863795959077294,0.5476713049077976,0.4167542948819647,-0.9486856524017927,-0.9338601322539206,6.4509540326375285,-0.985049774702071,6.747095790614871,1.0024539140493345,-1.6450246425702386,-1.4750330402586866,0.4886470873131359,-2.363527034970437,1.9481327688769436,-1.4884357576289025,-0.08660520569943175,-1.2919681765489532,-4.166783995891682,6.4819813973755895,1.5281172629786712,0.6030814351798832,0.1832178875596332,-2.7325606332482915,0.9869469040539829,5.27870377589589,-5.166589865564393,-1.4402345603284403,-5.077318836562408,2.429422576534381,4.483553919536229,-4.639016795841034,1.5046281103944745,5.214531821168389,4.759292091562849,4.090572107761632,4.004678605613646,2.9271538862398376,0.7565947110110229,3.1266862676087688,1.9499815718783855,3.7480148519828,2.067796466097465,4.284625278049093
1.2547248753851852,2.013593507603719,1.6163276635705823,1.4858692860657277,-1.437520975422942,1.4926489118015582,-1.6434183395074622,-2.169044443720551,2.687994577221688,0.7514150175963591,2.2085943231517398,0.9031179115731328,-2.3242207123383034,-1.7799520199524488,1.7087950447491815,-2.6476569740636924,1.9601235671351007,-3.0769374362717685,-1.1785065086380557,-2.724300104768596,-2.2096024324685395,2.23193624919563,0.5427367389073559,1.5033879773756578,0.9642098325818554,-2.991129427083653,1.2368835347043357,2.3070446978826475,-2.912127010220297,-2.005289643953015,-0.9962612677365908,2.1780606613349107,1.5507304656192271,-0.531842721626466,1.8202150770339078,2.3980360666352505,1.9594116982684442,1.0873945485297338,1.270258429428151,2.2911749751915917,-2.2080528047125925,0.7558304135693472,1.7267518169596354,1.2509595216017595,3.978152816882578,2.317300630659519
1.858884967633481,2.343638740732567,0.3587161066004335,3.702057490630556,0.30252635455361193,1.5549077985306181,-0.6031091297611773,-1.4523643750833126,1.8155828729073777,-1.2118158516566588,3.0758823087285228,1.9119502494731648,-1.5719335458804897,-0.37849681334083685,1.056007365259521,-2.4015407425262763,-0.22297122029252847,-1.4228050621250465,-0.6577934376176546,-1.7471387242931824,-2.0314836360819117,3.1815881946436084,0.5809370270792625,-0.37295198553376574,0.08780514140590623,-3.456330638042829,0.07919887952351545,2.7619590375696683,-2.5619589607215625,0.98601360098083,-1.8486825120066563,0.23020244491397435,1.757449125331203,-1.75931927020642,-0.765789238353412,3.8625501672487883,1.1683669863822264,3.100296270593102,1.3821079510217171,0.5179126908571621,-2.133970200357224,1.7374362817527387,1.9331437207938231,0.16673398478781132,3.5507331838784957,1.059759688112781
1.6947900092054322,3.607860558262165,2.649877691781378,3.7415627438117736,-1.116581446070128,2.9761846937928995,-1.7363545771539552,-2.7358715539570673,3.1033568336815813,1.621766589721559,2.3951235454411925,2.589422265275799,-2.7027685032000983,-1.6106510455578646,2.749813217634352,-1.060470074465636,3.2694199878862027,-2.5949928928016366,-2.8945238746165405,-2.126961751268854,-2.1822644238091984,1.7545624936521438,3.122261543596977,4.696466104970641,2.5462663678593325,-3.68644496720738,1.4083364083604268,1.7313999641995712,-2.3794955756604805,-1.0201874895990233,-0.062213058174942715,2.3228135869126922,1.4002305510709059,-0.215264486571487,2.072769875148162,2.485608149063775,1.101533610496416,1.5431476996457114,0.22981110131606652,2.4608386315076243,-0.762903617563713,0.5381308056283549,0.8763630099825855,0.8413379090346466,5.862148399557874,1.6138240577562735
0.9827151708353077,1.1234439310609161,2.1579036009771912,1.7908574596779563,0.19480557284681319,1.2281876066290993,-0.2281353250270568,-0.9690747839371646,2.4874508251863374,1.2960393002779123,3.9100949603545603,0.8863041770827376,-0.21231442593371042,-0.2900804932679566,0.7301280049942342,-1.74706435253872,1.3022908984973292,-0.640348998622732,-2.270892966387563,-2.25639075190152,-1.985296818769217,1.2373795538735002,2.3324954166938308,2.9139840325677984,2.1388971321967367,-1.6995216201316503,-0.2754481020587689,1.4211710224355028,-1.5253852361101579,1.1588466284794798,-2.222070981232789,1.6410213729783778,1.4150224069139266,-1.994760491221693,1.918264257937238,2.82609135706344,0.9774144428919488,2.050989457182619,1.2789299093094433,2.110375390139155,-1.5868581666995325,1.1247593940888734,2.4204223428205984,0.29243241124832775,1.7205222889774803,0.5736036246114344
1.1850937671254504,2.3260301377512507,1.8270475972300084,1.8719830660440946,0.03985535036062568,1.242568238318184,-2.1528859000288,-2.7287546936690443,1.1929152644360053,1.2106240813792475,3.770679189933901,2.6976159822432155,0.13915837690454724,-2.3255844373292653,2.2778123857482973,-1.630185607427235,2.3912242810119477,-2.8305119135339787,-2.6404814687583924,-1.704316303302146,-0.9651531138163826,0.8212656976219188,1.7273150145419711,3.3758578736201645,1.4957486290774626,-0.2903098751952513,1.439905879931493,1.390486147883701,-0.943695757524719,-2.0055470430179283,-0.8799491896371814,2.337273718370067,0.32036116934269676,-0.5367866551497373,2.511019033971376,0.6691446621692845,0.37561511333264597,0.4533200021070609,-0.3896795092710523,1.802328838916548,-1.023116085926125,-0.06561131059792968,1.3489864449617035,-0.19691361774332372,2.676610579521986,0.7640486549455008
2.655204081094328,2.6296950383618136,1.8078207143818772,0.516091841205618,-0.384561469614366,3.030953387646335,-1.306175648010036,-1.244987651504986,1.4449672269864628,2.518793121878889,1.7272845595498403,1.9498743641396126,-0.9076883426335628,-1.3273228037667282,1.5504594058130774,-2.038401813486161,1.143815755549451,-0.46255804526929223,-0.6590759121057711,-1.208709152447587,-2.466801025590519,4.23234201884503,0.1506737799467941,2.9264558377857117,1.8055838139274643,-1.1069099023416133,1.0929222994186925,3.8691187675242804,-3.0457948810643627,-0.7382904477844598,-2.173369535475417,0.5090117883211062,2.547470266824663,-1.825486796145318,-0.6090341376878483,3.000622353503019,1.3359157971239957,2.7672369178486065,3.7434603088751617,1.9057918992563414,-4.070926683116329,3.0335519646891007,2.674924030505858,1.1545371950929417,6.249162836654024,1.6020489635249457
2.1817758586880363,2.801900290062159,1.6133534186930847,3.7859540512897776,2.305598338445199,3.436338418327195,-0.7741547228962012,-2.3714981577410947,2.896290357365798,0.12417477889341244,5.103779929519792,4.45140015299617,0.24432146805827482,-0.577813758727142,1.3780829479645278,-2.4941030734920773,1.9910248833214759,-3.12136543704632,-1.631130058065171,-1.6886673878675689,-3.2808638485675377,3.2668368612036236,3.6044987633696506,1.9129422605131758,1.3214406255241486,-0.6797689334080523,0.8184695633900688,3.170004476789278,-2.0564600244623605,-0.1387222449793437,-2.007560054584721,1.0910661988667734,1.8206879408029426,-2.1961329271686076,0.6581563645772801,1.2697504215007513,1.439054624013098,1.7442547538719546,1.242079956387624,0.9405777928989895,-2.074789468551521,0.9951428239233576,1.1070221911835967,1.4652940812775128,3.346973130951686,1.9560806208195507
2.2397423983119062,1.1488352511802549,2.019470445132426,3.106909060649876,-1.4384440607061757,1.7955422955835658,0.03626787860104197,-3.5381925173954354,2.129334514365787,0.7824264759590779,4.690305113025385,-0.14292421876310812,-2.191933679264122,0.04845775523535445,-0.24059548310787648,-3.3643051753110917,2.5096998257864422,-1.8520994786418254,-2.214886348044868,-2.501965950273071,-2.7108380111350066,3.023145949492776,3.564620211580719,1.5667036606728764,1.9627508372348559,-2.7038334417693877,-0.7212084993953138,2.764239021452173,-3.3228736860344705,1.1884253101465918,-2.038176526848032,2.8082700144714945,2.369996704997987,-1.9225372563723564,2.6858682077176486,3.5468539697871018,2.054484994571498,2.4091117946648,1.9558802846500138,3.293488633145712,-0.18003378466348918,1.833188886361095,1.723528893645781,1.8363897069419348,2.521817170357272,2.126658328656614
2.056124861426471,2.6503221056157575,0.3573985577782879,1.0126973844032783,0.532729275217598,2.313868091396663,-2.2178590433743857,0.5805936062203414,1.3360051827971247,-0.38047757827779893,3.263913219122739,2.903395192854336,-1.2154639836921692,-2.6372533760334242,2.495929931099925,-1.0550847756815178,-0.9281313963464233,-0.08088480776165552,0.057573377369896095,0.45907310741825147,-2.0526766618805645,4.795609633314815,-1.1318151354555694,1.191935697055348,-0.05645403694261808,-2.326581576395594,2.085388873022945,3.768053590142146,-3.0479052456789857,-0.9256615158854096,-2.723451892292019,1.0229905014710026,2.1725409964060614,-2.781723155730896,-0.310441930105646,3.812635537855902,2.1119833153390517,2.410689072840263,2.324843155309243,1.8589065516080177,-3.4683132835965162,2.4200809811156665,1.0266898593274476,1.3151275871848567,5.826441560753645,1.5364384949434418
2.243356538481465,2.6332944142366848,0.4159434938583678,2.2431513967936296,0.1276026635656185,2.753961598383262,-2.7960984153219424,0.8029980886717598,2.91148177084877,-0.23289350937319608,3.390972438705873,0.421182964752437,-0.8273933085395516,-2.5064274354329887,3.0241554315099,0.5143928168575993,-0.9957377244864567,0.05698829899903579,0.11689413502909618,0.7813216297275998,-1.968291423287705,4.435706466505847,-1.5112122252119482,0.3844436829736919,0.20334488386423621,-1.4512891365059246,2.063336094996253,3.9936711594581347,-3.1284174414128616,-0.8038626517991243,-2.845019842519968,6.184750961465369,1.9527282073898835,-2.40623973573011,5.289575779937046,2.8546409378898563,1.8519599783792053,1.9472364811233132,1.7943495547100774,5.9751120764908485,1.7218962818759922,1.5735933728331415,1.7917756608898832,1.3358362783229751,3.2143276970258285,1.4557878888021423
0.825508758026174,2.242725132400035,1.6196579479031037,1.4456841943752565,2.2214765773654896,2.4362142489095824,-1.8844787365197602,-1.4472084855827507,0.9429075948177543,1.4711691635394024,2.078023533605168,-0.7492969820177386,1.469206476831089,-2.418396986746526,1.8109380961070245,-0.860790670504517,1.9311965115445182,-2.251077459547728,-1.6043976392775072,-2.329503475654294,-0.6591024323466796,1.235964494094783,1.6932191639136633,1.7374117695661744,1.777218935117177,0.47189350403797414,1.8555814351346762,1.3313244379424514,-0.5752143393258302,-1.2135264499754315,-0.47381709232861,1.961846845585724,-0.11427535509981146,-0.6630792327914975,1.8926372630091555,0.7449509787442263,0.13799307678431394,0.7449701929780396,-0.028273388283392542,1.459670634027627,-0.6837365291193088,-0.49172854177962777,2.2674062551113794,-0.3724412936046704,3.91477894687412,-0.06019435737535783
1.5324559950029442,3.7186982982231562,0.9860893953182472,1.7741435316703333,-0.8536252047423923,3.5002237602685717,-1.9488821095089892,-0.6219854924811935,1.460725157775284,0.7513340292899842,2.5265710664761576,2.1911253357584304,-3.365404135030973,-2.0448315326046753,2.2173013511886497,-1.0973263533269253,-0.37297171834673204,-0.6298828054942989,-1.2039517608843224,-1.0423807715795097,-1.9287308119557711,3.608477274852522,2.114341103628348,1.2151204915382006,0.7171262504633968,-4.41787219515952,1.9960154291817893,3.5698891792585803,-2.2793685384731295,-2.321374241769985,-1.7410157351695892,-1.160536988257357,0.7707995954870126,-1.902401215903557,-2.515777829208341,3.0394183062854077,0.6522726985130315,1.3352239798246806,-0.3317224398571552,0.007311897531593559,-2.944916100878524,-0.1363184053233122,2.157866949488969,0.7333217207994548,7.218684417056849,1.0994532041722944
1.5202661114997278,1.656174551729207,1.837133834702148,2.6618790775659718,1.2886103766026733,1.6612081702891501,-1.3003961678259388,-1.4287395046211508,2.4459023221083145,1.0516266497369975,3.278761739409973,1.1052475515295672,0.6378109558373624,-1.6047290231731404,1.175563306527786,-2.1543526847548993,0.4594417398470285,-1.1587496147996623,-1.687450632977894,-1.1536911156193042,-1.7476635543553205,2.3487934221081788,0.5348598195394988,1.902747248766337,1.081254510043626,0.48183728286945904,1.2680603243276494,2.11410275607334,-1.3759794155313791,-0.7137382650675945,-1.4439447113308252,0.06901409950670812,0.6923741218938726,-1.2532595604374006,-0.11268255284142104,0.5913826793645895,0.09865216575607139,0.8505301262262069,0.15803987599863856,-0.31713943023414193,-2.9498523664253695,0.20152833371795942,1.9370004195044772,-0.2833954574979316,2.335932260960459,0.350229124419948
1.7747738540256877,1.1183581275038255,1.382372516443764,0.986871413160894,-1.7752704508602215,0.6852906041804983,-0.8075002988889382,-1.064141979290396,0.24580506284903536,0.9021580080706918,3.3244093794894436,-0.23812440926875555,-3.3710276065416807,-0.535137106075664,0.7748790255256212,-1.0073546721232944,-0.11290187448208244,-0.631511795202235,-1.0684548791472515,-0.9587243796113596,-1.8067885418485194,4.045944118663266,0.9823064432043465,2.714019143131044,1.254969109393256,-4.470354166109934,0.7476489789638712,3.814182084671552,-3.8952935145995315,-1.51750455284845,-2.6864506285510417,2.205800189262025,2.9587921697412085,-2.658823917769614,1.1400929803372608,3.53373784520777,2.134183728746796,3.408811064311637,3.544519657623935,3.601895656772893,-1.965641024046944,2.8955556508532494,3.251612913601707,2.3288313693785945,2.404595593508361,2.72382961161773
1.107534418071709,3.0633635987780203,1.2740065689387565,0.46290018395331534,-0.9528542964320924,2.2757886329893946,-1.8719290628181016,-2.4063515197702174,1.612840884782003,1.542944890822477,1.407093113176067,-0.07871472262073187,-2.2427080508484867,-2.2439564397773553,2.512393709536669,-1.4016810142066265,2.108696552964148,-2.5995253775899334,-2.183810288060606,-3.3270933405286747,-1.3264644790326723,1.7504409079894485,1.6534657006005165,0.9504614192469767,1.5636003965177339,-3.2249016121893948,2.4111936645853302,1.9492064884501816,-2.2762273857746975,-0.6396492573513444,-1.973131861843243,0.2819396768532294,2.00003158699654,-1.3606503200578814,-0.21856181803563945,3.420402731148081,1.6555169790052422,1.5068760988712933,3.5547456051119957,-0.37671596500612403,-1.9865526283068895,2.0551050263928348,3.1931672763044645,1.7458893244492182,4.499017303596062,1.4460527660520417
0.9019284683720886,2.5904271164848987,1.3467229796475415,0.992273319566177,-0.8259435442438497,2.3062681501677598,-1.9921414426635098,-2.270331605846055,1.5214642676381185,0.918746553752382,4.047285748223255,1.7635214570135178,-2.5977195872645225,-2.121784979493955,2.293292922499751,-2.4048615998514413,1.2839938814440017,-1.858753119446714,-2.1523312208719907,-2.1775347054487764,-1.3668393846115885,1.3894796196092802,0.9844388757300531,1.8710846494751272,1.5110611877260236,-3.015700381519753,2.0669299945978508,1.3569557591117443,-1.1342566402218686,-0.947007017093356,-0.0736836147391613,-0.37118350134202727,0.02619053632909063,0.3551419513183851,-1.0221440736643828,0.9053196586079957,-0.12422786798622598,-0.029817375823234293,-1.0969712739192652,-0.8867602881830658,-2.5036505698604596,-1.2165984261721685,-0.2047752599207826,1.2882838030514518,4.419230919488891,2.3446352204084993
1.3120161269857737,2.8051207762413197,1.8627680445476114,2.2632224403335055,0.689018395956073,2.460622222371349,-2.3265421416245697,-1.210515925118054,2.1700780592336897,0.8185823823462096,1.8174020701702531,3.9542828132123704,-0.37493738045337943,-2.2912121205655125,2.9871683991094677,-0.6623508394160176,2.95569947932326,-1.6753716098463758,-1.4990013347737805,-1.1734943780757676,-2.5360986199157285,3.1879386278252904,0.22380240571850019,1.73527765331056,0.8505096212868205,-0.7309686090903735,1.9317273963565968,3.038197056439609,-2.4510371269753835,-1.0739087802491336,-2.0862640512146746,0.7520289058872951,1.565960926148207,-2.2243420525002273,-0.037918927386496826,2.3597686882740554,2.7976483845092477,1.577540651750082,0.879630610001533,0.7644414437193572,-2.645524103733601,0.8746610021663703,1.1398415622953675,2.2063462068145814,4.315752702617271,2.5202382113807764
1.4466424602209795,2.8924525249158943,2.8251565514358132,3.1936512782150155,2.917842331338971,2.282256614240234,-2.5050377795963557,-4.001673759880691,3.962501626379365,2.579122274340604,2.5254041697969933,3.0457278916183146,1.8173234340575588,-2.47898952089108,2.773227147760111,-3.3710066596836774,3.673900236116365,-2.8194322026191454,-3.2365758014655626,-3.194302759972736,-2.6564938974452423,0.7061993073879698,3.5936283323762277,4.8558415067345075,3.0653324956579038,1.1991283992266824,2.6380625508330375,0.7039696224155103,-2.3281187646902346,-2.4609763656044104,-0.14535035981747613,2.841742506603545,1.3248947737430918,-0.1237654655246958,3.146748584513424,2.381428838939717,1.579053803525148,1.5796941083472777,1.442679594251541,3.182587187580629,-0.46196434353306537,1.0133280817065415,2.442022342099433,0.9604342566567716,4.106622753954923,1.6151908437734352
2.036369576425956,2.5443097262857552,1.5562257565964122,2.4298358436989007,2.1052107411549836,2.2731167248017683,-3.0953987170711112,-1.0243293887135663,2.9207997134052803,0.9826170625138143,4.1470629238173355,-1.1588996733707757,0.6155627661618897,-2.9058782509353933,4.301274269782753,-2.5666630514371915,0.299980554093759,-1.1973873849885346,-0.4177701582566782,-0.4158946352395554,-2.7511396439977522,4.085520278720781,1.2540439325734625,1.895597005409313,0.35817499683175047,0.35175251194601076,3.136108246819753,3.3944764357195267,-3.412010690425756,-2.355159941942196,-2.8819591634117927,-0.9161682221902481,1.9974347950632874,-2.906897817926048,-1.4883796443281712,2.3101452410436982,2.002352314153373,2.189716617431733,2.461208860123154,-1.8995702691731118,-2.9074643215350253,2.0649868339131614,2.2811928466694598,1.7804897558181245,3.0831116013042568,2.2472543702106313
0.9338124152051072,1.9154874935025763,1.7863082628382858,-0.39641730441552103,0.30679349085037555,1.7148874574794888,-1.2912589005922461,-2.390436254043143,0.0066004793631151415,2.3114469952637515,1.1351748534788781,2.9273786607905112,-1.143207938955637,-1.6265692744446278,1.289622129849235,-2.6446897249110606,1.002526602447725,-2.774807815681845,-1.4465871574737559,-2.9807144524985256,-1.1924516550912658,1.361143207871136,1.2487277500647023,2.7316842897409757,3.365287820464184,-1.7748908060154602,1.959043316835785,0.9941194286812247,-2.5026808613539053,-1.8971136490600993,-1.3130128811423762,1.0842118012860644,1.7361466750571326,-1.8293363922436516,1.080705883863868,2.7188111572962494,2.1771636328492057,2.112060067713753,2.531367462825336,1.4529395159982321,-2.2005058903450445,1.966934855769917,2.785685045762574,1.6486023734752049,4.012836184317537,1.6660521762154008
0.7655968308482226,1.4626320919757423,0.9753605597286292,2.9289958112866707,-2.2778133621756234,0.9723182498932209,-1.0396182937321816,-2.3350671199569417,2.0821100068839558,-0.23671339063321528,4.228035683072611,0.24587771371695988,-4.029945407971425,-1.6371055730406865,0.983397521073441,-1.5257337496545735,1.4403342767652472,-2.7311446363467597,-3.000952153851821,-0.9976550027745896,-1.8552155467598765,0.42196071274535085,1.9725912247204898,0.48437058500858,1.0465788659337532,-4.9020312902458505,0.9959632694856804,0.34724968064549255,-0.15704285487765968,-0.3692811699098014,-0.7293452377619508,0.3293519934044675,-0.9841593655474807,-0.5398866792726655,-0.19558320651622152,0.5505194622143801,-0.6506371406824872,-0.44858192718918843,-1.1810213526969486,0.9389712960967377,-0.7653554776728066,-0.28374458684017245,0.6019371177485568,-0.3076969609093263,4.190242417655815,-0.26333135907728056
2.5364302398426015,1.9726452095966847,0.9959217908616393,2.089571581466938,-0.4504229555217846,1.4650804190255418,-1.3422125992111733,-0.11904225306751925,1.456307852914813,0.7734155049194729,2.5295160725953245,0.2639411073620348,-2.056861624549998,-1.1098496489575191,1.085634102208139,-0.4942175205685766,-0.05742790791219665,0.1076185715643252,-1.6464658508746228,-0.6027452551139088,-2.941255176672383,5.776375921076891,-0.19234218747968534,0.5342476371784015,0.48429250272208846,-3.0484387661613344,0.8298355184046934,4.749593217503017,-4.325615356117421,-0.12861984276080185,-3.2752918429273086,3.7919020936292425,3.808862250357949,-3.234935047160265,2.8836470741561673,3.99674086783547,4.0374802444493945,2.6206379712471404,3.2792848671815715,3.6019504354918577,-2.632402509678024,3.020063543085167,0.3786861410344373,2.824182458595734,2.7277081941456034,3.7602327119990795
2.1108756002710205,1.4872551070824138,1.813842331289869,2.246779566325232,-0.9154620158527832,1.9610351996267363,-0.38270731259399415,-2.9673161232666363,2.6323182952422703,0.816705328720455,4.080035206078293,1.6173190454507664,-2.6397291402112866,-0.4446313205662813,0.02614896468269401,-2.495531408271479,2.8198222432535625,-1.9257715979080197,-2.051131647867497,-2.466886877922772,-2.9894452456785947,2.808729270036001,3.30561865308393,1.4012025730053002,1.6007764368655695,-3.0272805289520957,0.19037430920649223,2.3264161413358204,-1.997266413713306,-0.3657635875257962,-2.570609109487796,1.8731054111882908,1.857479991219358,-2.944246849347002,1.9785875572706306,2.019204980933899,1.910408148727717,1.9318693632574848,1.8360208427066842,1.2848886950575062,-1.5318945173288356,1.3571178373443271,0.5468382599152593,2.7599327527613604,3.382854923206945,2.884049805258301
0.30981558875568893,3.3357164629192453,1.449586733732215,0.734715968704566,1.5893163332985498,3.2273985938564493,-2.7298844701366924,-0.8333383857265926,0.5834562598185546,1.7101936465594556,1.9855748221820906,2.0920020511869994,-0.2549713456700129,-2.136883202041978,4.477964659010214,-1.1134117320168113,0.25804899207695386,-0.9621180892305546,-0.39250179814474295,-2.418924026887812,-0.5266489759232917,1.147067617109406,1.3307295306431353,1.8712899676642119,1.0197659901694807,-1.4040427848891694,3.297030474135757,1.747596048324158,-0.7206045093278866,-2.370919417608935,-1.1420410955304998,1.6820273872162708,-0.15166451815654214,-1.2511456935772807,0.9672826210138431,0.8002859515841252,-0.6432029871247041,1.0467325048139124,-0.024735205127719206,2.2068562144126576,-2.9929018966519148,0.5439231610381662,1.8913994856398626,-0.25271046083058835,4.740774806687094,0.2974938232343842
1.3759528946328536,2.7705716328330725,2.175578552814165,0.45975066749504157,0.2102111962181437,2.0074582596057793,-1.5779136249420394,-1.8628550216554212,1.1396209235693053,1.7613468118515825,1.622127451854496,0.54195983249913,-0.5818684417748841,-1.5456370209219525,2.558552361181762,-0.7705183450003341,1.3633430562090583,-0.9689838074584971,-0.8039403533362537,-1.5875711972889448,-1.7705773562338727,2.8236577791849458,1.7909153142174596,2.975854896140641,1.5717430651601672,-1.4578330776555566,1.9045531192746206,2.5383269833311815,-2.6505133691747313,-0.8133075963060186,-2.6864201070778497,1.1762403067525058,1.9058277202216303,-2.3710054298559182,0.7672580339045747,2.7154226611812744,2.074929115024485,2.1616571161670426,2.0564836655909984,1.2085613107197524,-1.3142612188796685,2.0148362398400206,3.1564458816281107,1.8220606482054535,5.518311619008619,1.8345745945751513
2.35500641367379,2.3000476572433386,1.8183217821375492,3.3600854298061593,0.9749252239849355,1.5920252507707766,-2.4748572736026477,-2.545156350096443,1.7007565552659103,0.5971508762274778,3.395167087587917,1.337697647788156,-0.7730128982036055,-3.0304388667795177,3.251969829635984,-1.228337104070674,2.612058360615134,-1.5932437808750652,-1.3380011751070335,-1.2639972991685626,-2.675563962369142,4.190478526345143,2.55092532834271,2.3355805818265205,0.9189183198252318,-1.7697480192454431,2.2222183571936203,3.810333283063117,-3.725064091315227,-1.3686358626437727,-2.612386944275996,2.4128812042782424,2.9983628568768124,-2.7006738047480066,1.6917696530500463,4.163800406810411,2.5644607578183956,3.211838323428181,3.7516405485278863,2.57802569578649,-1.3373073820951853,2.719640180580115,0.1957232140080063,2.4017712552484185,3.0574674192539275,3.4812340467372107
0.7147049797995387,2.4057955714767547,2.6496948419353226,1.2740143249443545,0.4266427513105483,2.818556218548481,-1.5171655213997732,-3.942573368976704,1.6257775962461323,2.869671064687088,3.0937134105195256,2.4769021455903957,-0.9423834848518828,-1.4751435300861961,0.9688905038152745,-3.253423543957046,2.9042826557581916,-3.229673510889713,-2.6144196979278673,-3.4670611708120367,-1.4711742219102844,-0.24925999159997314,3.112297171345056,2.6620120612913203,2.166198473473088,-1.785328778430015,1.801941135081567,0.045618515537983795,-1.3400812861130422,-0.9450752708216236,0.17245720731639147,-0.33218161844749794,0.4142534845700597,0.6907389185166348,0.016309797963234063,1.210652355510823,1.0930855768183594,0.8188018486423322,0.1452063364096432,-0.09288988818539301,-2.4521153517628873,0.048948114597802794,1.915391191977072,1.038843307108849,5.082224849789835,1.7877956825350783
1.1569001381460742,2.4575691791904495,0.29834446637520085,0.9909266669779612,-1.1434551258444707,3.071600296894542,-0.7941243328212745,-1.9792122736645785,1.0750476976965868,-0.9207405398180109,2.7264575446375265,1.7600781886204084,-2.421636174632555,-0.8798157087626353,1.193636393266952,-2.0629814620251112,2.281822645107496,-2.013210850977729,-2.040804712490407,-2.4883152948260996,-1.5429638161110812,1.4942011000354611,0.21467881901743757,-0.30509534171430874,0.6507004379447396,-2.848342204648428,0.9501790467387086,1.5884608121498662,-2.510273458797221,0.07411308224271318,-0.8366339692807461,2.7812632638301444,2.1016263801332333,-0.5719987448266921,2.259468663026426,2.8455492419658137,3.0152498075378538,2.361749966640184,2.362286897856133,2.3440483210654097,-1.6441823566687759,2.0819189071551296,1.0012885258086262,2.31068245628191,4.108197036872785,2.9740535624484163
1.2000244319358755,2.1725777136070406,2.236944230569499,3.410497846866585,-1.7777210440529716,2.59555228582691,-1.7839699239901305,-2.8057787956235902,3.701277378202594,1.7264412201893198,2.561382946675324,3.6211805745172008,-3.4135896506821792,-1.6742043443955028,2.9537263613143514,-2.4607243616716925,2.273881957493186,-2.586520580215661,-2.9615335221592782,-1.937192693306401,-2.8226897639913666,0.9400978275806411,2.6412483158821933,3.2333753231274143,2.328192153176578,-4.012229980381077,1.6509285668370994,0.6996181441874023,-2.1762916411954536,-0.9911945074912165,-0.6764258927303276,-0.11420010063734587,1.2577603874560612,-0.2512760801113336,-0.11795934745406078,1.6529531730804152,1.2404868809687148,1.3508655666702498,0.5499378967811209,-0.22891184850977297,-2.5200145897232216,0.3074745438531853,3.2921914842795346,0.9591636443798658,4.562431925997822,1.5440378708548854
0.42108300341734073,2.9944444157593915,3.012980907525683,2.355239738793207,0.16312800408542136,2.5769167523704883,-2.1226520592860934,-4.203674360217195,3.3311002047852396,2.2077823062856203,1.9757658541604384,2.3583368757705045,-1.6665385089293987,-1.6694817083546394,3.060621666328355,-2.608371179926285,2.5583508546936877,-2.373563301397887,-3.191746420347501,-2.941857419182483,-1.4984300447688628,-1.1313493003902315,3.8414840471348377,4.613502193457637,3.0989615705800704,-2.5270090698851,2.075202445089585,-0.8583821920391681,-0.5238356039329577,-2.1004246566634905,0.7981275402768617,0.42320374641544034,-0.7866427054901965,1.2835846500912766,1.372676403039082,-1.6386884954713747,-1.676049488452077,-0.10375114980406042,-1.4538491426465388,-0.49001636563786843,-0.6917646677101666,-1.7179899059141852,1.863187950086345,-1.9663539809339912,3.299068279710994,-0.8690376998368157
2.196361037582062,-1.1400332669895636,-0.06748829868051298,3.949439561364237,0.6350344172755442,-0.2787418281758993,0.45219449901076314,-1.3986483033402555,3.5210829612923145,-1.7137236121178308,4.394063283481808,1.128184108859009,-1.0391107279176879,-0.16721160653793365,-1.3708802204569281,-1.2203702281305113,1.4241609260357677,-1.117637238671382,-1.5483582900872777,-1.6104358354895325,-2.4632820634647743,3.837931251330393,1.5939969644414533,-0.5838891914411064,0.05202976118184299,-1.2597362321838053,-1.0161785657809523,2.6348742178552755,-3.3953825045656405,1.9524122204392425,-2.517564175632816,0.9385296511316913,3.22255865662208,-1.9025735144215863,0.7820306114594924,3.8114555371456853,2.668143224364577,3.129721291982884,2.742947530678664,1.2195751524133902,-2.8729744131478743,2.0735563603245657,2.6854972373641663,2.433525969360191,-1.0149857724465647,2.747597772155923
1.3018445072721805,3.3730891414999764,1.145173259263601,1.3366265602059622,-0.27592051956490277,2.785911251885536,-1.8323443777902835,-0.39025984500836663,1.9627014222694876,0.7359098387857322,0.6766610413816196,2.733222995914557,-2.3049748863161303,-2.161065205527303,2.751168098073414,-1.1219249054171605,1.5761276858610453,0.4376867285254358,-1.5164088681103356,-1.303707833581603,-1.4626835931984838,1.7000937936957916,-0.8890948715843172,2.095508150858434,1.4057029424168255,-3.3747701278217885,1.334373160388271,1.9790312795934322,-1.1093850034214552,-0.4115098822861781,-0.6073719042887632,3.2061154764112203,-0.37902155234041857,-0.4489964891361271,2.6463899057479177,-0.3841313859540123,-0.7839199195706174,0.01788784221609574,-0.17311203967410282,2.669554174126181,-0.8191228043457548,0.4214660274727382,1.0573002800934268,-1.6831733409267264,5.157880725251031,-1.374009009693062
0.9671272174024275,1.7440732596814048,1.776903187160062,0.9751591330090189,0.7692231436387836,1.9684274469598937,-0.6038959870629473,-2.7849342955758623,2.2750388017421823,1.5423329790706066,2.171156218273242,3.35978130438886,-2.2554822717905783,-0.9471728137263516,0.9610361248713848,-3.751110483573176,2.1139227332879704,-2.189085067440595,-0.5734860045812997,-2.7681338862890668,-1.8047108914897176,0.060504447926498006,3.970609624713538,1.5614531247988488,2.207077970186742,-3.4727173472788087,-0.6718271152331154,0.8195986157493766,-2.792010190975593,-0.2258542225986322,0.3756371128561393,1.051772456669812,2.5714234144478265,0.5569357795810608,0.7640945839936581,3.219263832061073,2.1375075338815654,2.6995818041679915,1.4866802880616103,0.4986909429446822,-1.58758376733847,1.484026397912609,1.3812134795734499,2.0537152648061587,3.4059041263552596,2.6406096985833685
0.7044581045117996,3.023441150936538,1.6209528016514008,1.1892698945207545,2.826919651254943,2.700328929974997,-2.081856627086422,-1.990201484592364,2.0231874815569566,0.4862781159768949,2.4792293712568836,2.9990378022627855,0.9018968127069218,-1.8934403345054849,2.4688508723790625,-2.0434936309989378,2.8832935919359626,-0.8870667678654138,-1.3404161210650358,-2.466650295106751,-1.5257764276368089,1.0276255960735217,2.3563747892352636,2.406721530555494,1.343697070517111,0.934407370587111,2.2504315497815917,0.9286472314003831,-0.5782828163572582,-2.076111140116955,-0.7531844288699766,1.5636083120819437,-0.8602351198132858,-0.31396780095480525,1.1346261531040094,-0.3145820650768769,-1.2770638496640703,-0.017100402040443496,-1.978405411158031,2.517091954941573,-2.2106958058691513,-1.3854730512042437,1.9745774438707835,-1.1666689682552718,4.413707959750543,0.20886838687634057
1.6220721774127438,1.9312368032871239,1.1088588971041395,0.7314318622715186,0.03349574580341755,1.7324707581113072,-1.5356332022810755,-1.449560164964943,1.401362371520447,0.9646367824813693,2.3604530306841474,0.3473072138042108,-1.8034863295735408,-1.2424413420673315,1.3705300328641845,-2.0539930935513024,2.122714411603485,-0.6715858380241367,-1.096467792914627,-1.2309437347289316,-2.0231772893264743,2.5045163553226812,0.4769712099121086,0.9352259464206683,1.4269553751944861,-2.70265752499854,1.336972725791704,1.9084785409458478,-2.4910848423068974,-1.0885660823582424,-2.308154061989777,1.3862496253978922,1.7626409852302076,-2.247924706385553,0.8345616671563232,2.1063438689833487,2.0611474550746367,1.3476324532623756,1.9353936489096601,2.396182031566907,-0.7172938849774544,1.774709041097045,3.3967071049499302,2.213346237697711,3.2615048407122003,3.331258568871805
2.0982501616269085,3.013450733991625,1.8727173406157904,2.1713096370787905,2.7494078548895695,2.63403416369451,-2.470258480530644,-1.4911657705497983,2.9997976042100167,1.5417831490590586,2.528453271218338,1.9916784573331299,1.6535704154062891,-2.698556934257847,2.978927460953135,-1.3824443704222098,1.6837610575630706,-1.4636580453128947,-1.6514041599525875,-0.7853848143152313,-2.357376631224948,3.5339128287884893,0.34522957223667383,1.5186807337825545,2.179791338489465,1.1671176503954208,2.1025326143503538,3.2697751403019746,-2.746609006375554,-2.2519782536806785,-2.398181772430437,2.826849882964596,1.8166020579674682,-2.648385365079137,2.1121259905611014,2.7561356906413916,1.516453326714458,1.1833741399231326,0.735861118788447,2.7603401474595546,-0.35734962706069484,0.9860443414879256,1.5106442202898294,1.2595593549107886,5.603448399142199,2.7179609237354043
0.8465064037826591,1.6837494123758492,0.8922176254994265,-0.5936949685931379,-1.7317956093018654,2.1121960744143444,-1.05590009199008,-0.37134661871645314,0.8166081410952275,0.9342987713720287,0.9181471314016485,2.5660481844753575,-1.751486923200988,-1.5568695768821612,1.1685286252280882,-0.5346970433577798,1.6529944733356863,-0.695848673035196,-0.8038047346198446,-0.05917072811931279,-1.647492210172186,1.2474702964657662,0.11378211712566855,1.133507099255893,1.5121795073142559,-2.1801204662953326,0.5897532221070522,1.888720465795943,-2.998336071766712,-0.5260347993182974,-0.7230332287983828,1.2665532779029094,2.256675717206684,-0.557840513102657,0.9184391216489574,3.4842353642456594,2.1808419914414734,2.816135785573408,3.2535185329471448,0.7391971346123916,-2.1155092066276993,1.819820460921606,1.4883306238515501,1.4311096509257533,2.242548397085378,2.0426885975904825
1.5530428229918196,1.6543144054852517,0.46884050556313295,0.5162008523536068,-1.393381968614468,0.9618441232140517,-1.6559748255672229,-2.390548211289169,0.9664299984160625,0.5289845556472821,-0.30537823165271316,-0.27087345884449343,-1.630979078199418,-1.756587060696668,1.9585484494541685,-2.522412498048722,2.21725503982372,-1.5930769210854268,-1.3973443496003022,-1.4557591325857855,-1.671431737647668,2.741256549144954,0.14883067611768652,-0.16271025350465984,0.7293094745949918,-2.3301055885342428,0.5013521774298584,2.403597346595196,-2.0940548750424197,-0.12352192935630124,-3.217617116377373,0.32920361161516887,1.3620745238613894,-3.534671862178059,-0.590497747886926,2.5233006808666683,1.1743453342939891,1.686698097621214,1.7138955986087576,0.5896237508042508,-2.109563313735657,1.314032789454508,-0.33963411553283707,1.3022527300604065,2.2435778860382154,1.2159399464669933
1.573687384185837,1.2989030511955875,2.361706815223078,2.2633893962756337,-1.082024205641829,1.4589777164166073,-1.059369063959347,-2.106396141471994,2.4872267814464997,1.401001225733463,2.6703454365881703,3.7102084562688837,-3.1751580346629438,-0.9617130487396127,0.48511698340808396,-2.7672943014297653,3.648088204820442,-1.3381626029630271,-2.5850999692418193,-2.146617679123543,-2.161644871307193,2.119247654720191,1.8206857129659166,4.401877720613938,1.8688918080909944,-3.7188983546552894,1.1459779396632348,2.1213079305891376,-2.152727574449435,-0.018070045681107927,-0.9605047285931408,1.6745964749246687,2.003469189044634,-0.9634808349523005,1.6019892828589555,2.7592131943757443,2.1762756138716757,2.7464300753891644,1.990760197621655,1.530962978655986,-1.9029301462907542,1.8548567362849808,-0.021931907275781537,2.182008509194474,0.9037328262103128,2.8852897707795
0.01855597247055063,1.2929092508428748,1.285761294586773,0.5818081316339541,0.5008461666520956,1.3246997265115001,-0.1393304884316069,-1.975783680378899,1.397668390640544,1.4562137073420494,0.9405048727572984,1.132485128036703,-1.0652489616817897,-1.145798847303967,1.1569410463762397,-2.43162581611288,2.3499825510725683,-1.28487458648242,-2.2847165837188026,-2.266753057411611,-0.5453925695151669,-0.7456301088243285,0.39639068301868363,1.2910142557363993,1.7472122301424748,-2.0266298430753786,0.4008707299465808,-0.33477892935989684,0.08823322103776943,-0.09719532818948862,0.1273645997242452,-0.11504140871806867,-0.2814870737558388,-0.17234501410134317,0.5317928851870922,0.471678702369033,-1.3424253067870273,0.5861377111399331,0.6944964662742759,-0.2522753258892687,-1.202324151778356,0.34923750489737604,1.4541361610528,-1.622938390304828,1.5806206454183391,-0.5967773361758539
0.2803475227897607,0.9591679079587494,1.7023161103981495,2.2573455284003012,1.3223913504539597,0.6850344327132143,-1.0481789512451807,-2.638494829617871,2.7238043991608034,0.7545623956361155,3.1784012802718786,2.125662390073673,0.5062860102240798,-1.3490726811294473,1.0652050368596355,-2.2247030740306535,1.8953868395036477,-1.2208408014819145,-2.1815090956073924,-2.357939639908839,-0.6148281837864151,-0.17484978571785925,2.6675434211901417,2.1501728423136806,1.4720217220760607,0.4586726495240514,1.4245368676333925,0.2314760058022829,-1.3017154390054073,-1.4412518110453245,-1.2413122525620344,-0.3343362918924966,0.4617187096012402,-1.5426949109432715,-0.14711570410871477,1.637000848782791,0.16036263887578583,0.838482241738633,0.18858075217564796,0.2716015506815119,-2.163613458229673,0.24944166503027265,2.161456192699287,-0.04764440516298862,2.570582597255379,-0.05950273852644661
0.765436745168919,0.14235531786370914,2.0544297472732205,0.295044512927638,-1.1217018569664798,-0.3636578759035276,0.17174447450464325,-2.5143625741536795,2.035913325260393,1.8693956931287201,1.1012070312500442,3.1505566197422112,-2.356890789105763,0.9926097216757139,-0.20535441466960402,-1.7920887914968062,2.5197579036460973,-2.4878355847242846,-2.8708700007197954,-1.7197086741199135,-1.1624880657411796,-0.5896496274117924,2.1030358333336143,2.4312772817438644,1.8033181270165484,-3.20655107851812,-1.0723043287909308,-0.39622057310316294,0.508167747268317,-0.06325426072038787,-0.21723486956243865,-1.1836721479120509,-1.190541299612084,0.05342498288323938,-0.7866455174628451,-0.20025528503851842,-2.032833372063046,-0.10533479931360779,-1.5715121531072913,-0.07451172982745313,-3.3584812275760356,-1.0341997348421632,2.2228314686210346,-2.16382824129371,1.18976501956314,-1.1078695062412365
0.901420709391602,2.729718529572371,0.8793901972250889,0.4144711519945452,-0.11883589415556889,1.8786518344592003,-2.8180831777426545,-1.7299951644365732,0.631838026825503,0.42513456878427214,1.5012500033761236,-1.7538305737303748,-0.7994794141135793,-2.7470854370534616,2.687950168432848,-1.7425809027476726,1.8749589738382906,-2.917315480846823,-1.1405762201843315,-1.969206221182433,-0.8321836973140557,2.064469495050159,1.4301150127245523,1.2077232541719254,0.5915588120102419,-1.9409797460764726,2.6581784400646957,2.0058233512345147,-2.0342812697056445,-1.0587765825535345,-1.9507505280810362,2.3791404114556505,0.9854494167495034,-1.5561904988517083,1.7175454661983167,1.2166361488889996,0.23606967453087502,1.1320324313289478,0.6474751374847478,3.1150644368418563,-3.172161868512501,1.0779854604614638,1.8837053189886204,1.3025857112043462,4.613701829316307,1.149279991026375
0.7731151589752163,2.5757873964224203,0.9454565814231841,1.2293768157042915,-0.8096000693293861,1.9342833315058783,-1.8165668436047935,-0.8794313796396609,2.394071191255144,0.6573309189689257,2.266531746891872,1.521262876343774,-1.1825426796745164,-2.331826555692226,1.7892824082432635,0.8242486822961479,1.7274533050336738,-1.601287536888923,-1.1667058364769878,-1.8346006046778154,-1.1090132286912666,0.5404896241972845,0.8319111857568993,1.010211047797481,1.5264944511641243,-1.314123128172722,1.9835100551130354,0.8968117715880954,-0.1795303333290721,-1.783093384500698,-0.5640701439432647,1.2023950470208198,-0.576550405090948,-0.44935784084421426,0.3196501265521853,-0.43569298488904584,-0.32492923556672426,-0.16937696048121254,-0.974915647951909,2.0806678727374197,-2.016347894567513,-1.3765609165014734,3.050729948837906,-1.2768792757415985,3.9908095244321657,-0.6756926783814401
0.7003523827409157,2.6823987425327194,1.2471534170977971,2.046691705284882,0.9628775582452185,2.410544739889975,-1.0985743091903666,-1.130154933762503,1.8189832349545787,0.6072197473748744,2.4760262029832942,0.8688417156983571,-0.7770887726539921,-0.823627530822955,1.2311987430357043,-0.9806240712219172,0.7805063119189768,-0.7498553257016627,-1.666122056031092,-1.5488411855636905,-1.4797528205168853,0.7925430082343252,1.3270212663183818,1.3930796542405832,0.7707268445976595,-1.3897114489309077,1.273513267755875,1.1556000458315956,-2.206753956588571,-0.2721479600465727,-0.8218318605666881,0.07611952300043012,1.0042675450702718,-0.9216116299977148,-0.048151801074397316,2.6246821189621645,1.3322823800862682,1.2857863923724742,1.5874477742955766,0.6359715545322537,-1.2194327743464461,0.5519961947845713,2.4329180693408796,1.831134302938545,4.967608958403888,2.4886678334661254
1.7264264692336493,3.618154790849417,2.7613223922639447,2.302231245994509,1.2574456161942584,3.8605193035692933,-2.582479557337184,-3.5628748103283976,2.3459738094244638,1.864355283245278,4.187589917027189,-0.8214773543799374,-1.1286634621665903,-2.8468018418857883,4.167038426435571,-3.9969141483708897,1.7470906055634619,-3.5754541188978872,-2.703151103612381,-2.5691807959590243,-1.8301932939400172,2.0206703654319806,2.6588539373761835,2.8281812896416665,1.849950371764817,-2.4470632300178794,2.6170537892623233,1.9873854686366499,-3.4238669505357415,-1.6618396712875176,-1.9243822362660095,3.8652137111820695,2.4413802818466444,-2.1374701526063205,3.4720845873227155,3.943979611046256,1.8383444758468221,2.121846423448367,2.325226686384947,4.124491335469908,-1.7972209386156306,2.256644439753022,3.749290955851591,2.091406819557884,4.824748857481127,2.2341097940041372
0.3785846987975776,3.826169279876625,1.445478872118919,0.3338274536819801,-2.2106683097255773,3.0864481152576313,-2.4878242607339196,-3.1524520585838234,1.2126709332357195,0.8889526307594966,1.0595699855324097,0.6274932808513879,-4.154080966737311,-2.6493377235126765,2.2702026122416217,-2.7212046807946586,2.1254910049167397,-2.6178705398793145,-2.739632201156139,-2.459005110278874,-0.6932537277680907,-1.5259151461898703,3.3753144887672137,1.6403479267584786,2.027412514670196,-4.864197269399275,2.7390810945530863,-1.3348145325936576,0.5209490133676813,-2.1214460195221396,-0.1921043690668629,0.8985049413544217,-1.580992657106711,0.084209313621463,0.5829903863432493,-1.1348258184021862,-1.2830493838106825,-1.0448168101428335,-1.879741890829017,2.045877046807573,-0.2608092541246092,-0.5619561731101259,3.6720616420940173,-1.3858649708948731,7.82444836857833,-0.11932078648468258
1.8682758358872702,1.5495652537568747,1.223800282650967,1.938041323429673,-0.4897283956894841,1.577488739688771,-1.6352628214629121,-0.9763939819329075,2.753864492432256,0.1401960349676058,3.7809621034162197,-0.7922893881623014,-1.6655129212647357,-1.7946193539648048,1.6091588794115363,-1.9752600658899546,0.5149544274376847,-1.4650042882000867,-0.059572615786741334,-2.0355559171323954,-2.3827040007213403,3.4416663337356086,0.6207773352074086,0.9657388882713708,1.275207740144189,-2.930363320321117,2.076867585651952,3.364971324323453,-3.59109282974942,-0.7518594169460175,-1.788845171603108,3.0162643955500146,2.961671051150753,-1.7310453330329507,2.721927223912588,4.533745010832632,2.7480887214647267,3.4504603396295535,3.3229302451906415,2.1680212382014545,-0.32200678628946156,2.8918809719039116,0.5414202552061596,2.274886571008092,1.0337867933803904,2.5555273894242214
1.5750679845157112,1.8301535481203257,1.460718163996297,1.3960696775899828,1.672110808437528,1.2768406546929985,-2.0346797567269435,-1.615000461442774,0.7304850224662152,1.3041626558842612,2.3972131424527148,0.18720367317954767,-0.3970599291204391,-1.784907028120411,2.385299168502721,-1.6708646202258384,1.21980572035907,-2.3133895992889713,-0.2048302897155847,-1.924213433609953,-1.9857122733547938,2.5996027139645754,0.17609102308518643,2.3406039723189798,1.2052438992036418,-1.452748355658168,1.7355378056428976,2.569493271717138,-2.647305961129101,-0.18596847289003282,-2.1914211060438573,3.8592723317627824,2.319885978031629,-2.317587759298735,2.999024338212674,2.8474784467727474,2.239582704737676,2.903614530905004,1.7978450261725862,4.700389758017095,-0.05282818930396482,2.5069944706197873,2.034419276402489,2.137314019251285,3.192471889808824,2.1284187082742956
1.7603500184678187,3.154271338888079,2.1838923219313795,3.407666947170955,0.3236711940294673,2.5427840198235057,-2.0988012642292255,-2.991605309620976,1.7911442122458532,1.0027347671881381,3.477025166717756,1.6251567494133274,-0.3271497312232544,-1.8433795702133724,2.538829727621584,-2.8396107449905914,2.861350199143111,-2.0396967663680496,-1.3048619865669882,-3.5706328736659065,-2.661222610862269,2.4303387198643946,2.429512549177989,2.84339118833096,1.8496518020852832,-0.8320481816234278,2.4452374063903113,1.8295771136597458,-2.5325941849610665,-2.4389687151276886,-2.1349962007147134,1.9457078525069982,0.9463035159743458,-1.879978447656286,1.2631904324450247,2.124493197787476,1.078017754382707,1.0906729138321625,1.2121466449326153,2.697429176785003,0.26561118942584705,0.609048228468682,1.5107108684996795,1.0516347610564942,5.147172297819681,1.4045602444327097
0.6884265799461163,0.34599669742851247,1.3384539110382934,0.9962294595625915,-0.6093574653840296,1.3327526226742785,0.3217495272598414,-0.9551575501207398,2.5430444584264897,0.3966077574823636,1.5570302943248269,2.080030811684164,-2.19607933060088,0.5549639135465412,0.0693181315115774,-2.47173645739875,0.5199106952157018,-1.6432953795385699,-0.5228213285758256,-1.1348863821533324,-1.3875640739442545,1.294723966478731,2.6995772654696992,1.5122764240193352,1.7225383669212087,-2.9184106183015217,-1.2026578774162044,1.8125473786358737,-1.191644605008034,2.1261374802909616,-2.376559293705151,1.956786100998562,1.2200172471440205,-2.5106896802362595,2.0812774418721265,1.9727222923748846,2.0327524928028455,1.9966651898875831,1.8341644916808861,2.044188185176445,-2.6067250636716928,1.98414630229854,-0.9960121368967918,2.1614911176602614,0.22998775618053457,2.877407677078463
0.7367631802859208,2.4833599785198524,0.7154872604592143,2.5155524915891503,-1.5734507964101794,2.8187734936967184,-1.5561645164964972,0.3781516908387743,3.655370655568036,-0.3610829548305523,3.251588356845783,1.8858748563708294,-1.3199139620729001,-2.2012289690977878,2.0736608501570406,-0.09252244633450912,-1.3696770013020312,-0.9974488656609618,-0.5939737838610532,-0.43576375949254764,-1.2676045401329867,1.5175725604060428,0.17701985508104623,0.12490794715037801,0.924464111936629,-1.523097765517807,1.2385165671889404,1.8069623260397367,-1.1575104983142872,-0.470134825249322,-1.399267672806818,1.326224987864437,-0.2964355844609865,-1.4591162734280199,0.43221843279687233,-0.17046270673272135,-0.5444059173609289,0.2735456296019241,-0.43205789147955476,2.7123953481099607,-3.016638858105967,-0.1515897541020057,1.7691274061523812,-0.8776761386986245,4.466825309557026,-0.4156007166196527
1.6744594664176802,2.1123756129654474,0.8442140795076316,2.727777444332408,-1.3347595909208634,1.8551663804762428,-1.1796641034557245,-0.8791889002637527,2.4779760499687598,-0.5045471720622587,3.2918422708455553,2.6619277022478895,-2.235799300071325,-1.5666036959478598,1.582284604170644,-2.110094361124087,0.34729845035679163,-2.9361325542152663,-1.603904172069568,-1.3121907607141694,-1.8081341918492935,2.0962604317532945,1.7188106351085817,1.7916888295480358,-0.037089955974623834,-2.9741905460669518,0.8811556510782619,2.256057949813858,-2.0214872428282673,-1.3274433406139785,-0.9609849171092678,2.1925035621431803,2.3962054093944465,-0.6337235612087522,1.6102912352234648,3.698854973950681,2.234077996075688,2.052369158850226,2.926356706750291,2.7696464435146004,-0.6644155504813086,2.67084082427871,2.4156059479705827,1.5003809566090003,3.606667851723791,1.6935994623805484
1.541222650337823,2.7558189431289475,1.087226248646266,1.0115310747432638,-1.2019939902227832,2.8261644441931866,-2.1947612419663383,-1.6454370823953473,1.2907477600151633,0.40427385572672153,3.894365251258063,1.2349105860655345,-2.6515777359475776,-2.2243140585461494,3.0396971482501423,-1.4080035868784724,2.395391806314774,-1.4088022367367425,-0.5010993815616801,-0.367062768856524,-1.6633793557221295,2.635081406752932,3.446628592981764,2.4632881964566864,1.277721483574946,-3.920408414273423,2.5808847385077494,2.469608663942352,-2.1799801281619486,-1.99142707362568,-1.9835809860028641,5.015745786592498,1.7352198334512983,-1.4985483066623437,4.424957167972639,2.7468009574428947,1.7541365820320731,2.6675910710282205,1.8538783587112788,4.426936905664776,0.910432735460293,1.3631763746405432,1.413181454181429,1.2953877544183265,3.7519980334188134,1.847201185840248
1.7041577760264066,1.408751408549736,0.044304571281807315,1.8258359682351712,-1.9641913589031947,0.3040778850734882,-1.5480419617902876,0.2249122245649613,1.7482744026293624,0.12055275866485027,1.7730793955005213,2.55505396434357,-2.8555049388507943,-2.2990927325487904,1.3258825569177453,-0.0009722899054609435,0.06465314851029724,-0.7296159148698632,0.11106692211379365,-0.3094699899397424,-2.019817819702835,4.235298277059121,0.6570093210952731,-0.561783262360968,1.0749693539923986,-3.437192775636147,0.5743651602594743,3.830569548678049,-1.66362040836197,-0.23874142585078073,-3.4698682998282617,1.9727536978330669,0.1455053686489809,-3.3935154746577294,0.5009493582279372,1.5624453872059338,0.23084432090825324,0.9221440787828874,0.1252076314286792,2.6132286997907044,-1.4445896598240087,0.6091304159191531,1.5297097739537764,0.11435610496949822,4.909533276953154,0.5327338027596471
1.2907357891351563,1.6574740516713813,0.9482810252566001,1.2911868213468378,-0.30501619092421234,1.2756335072240144,-2.11243229786093,-0.43780209084987687,1.0960185952437231,0.6838528410836089,0.9856977876471036,1.2030314189986093,-1.253264576362609,-1.6517579416347208,2.3452235971808637,-1.3944162165416465,0.2564361411934962,-1.1834000754576273,-1.105459024859071,-1.8577106961954677,-1.126530612045408,1.4973041258915267,0.9257476597004117,1.8980380023566048,1.4500763070287341,-2.046665782456741,1.5652546483372347,1.6236666624830103,-2.6142938665581035,-2.6911894479249883,-0.9040440268667727,3.419343358676442,1.0331423527513193,-0.7855733775354062,2.8523236036366306,2.5644637415016565,-0.4406009394085727,0.5668155956195591,1.0513679665343527,4.217155647651199,-1.7195208427116158,0.7957169401230761,2.4110414675742353,-0.001315924759006104,2.620399135177869,0.22216563165874992
1.3611680191644697,1.2807012517519643,2.0902229216764194,1.2811714714521973,1.0046950685904763,1.811686727843708,-1.496394945606403,-1.2895572209287933,1.7505012667707653,1.4703615415521154,3.362946896192316,-0.0977617401963653,-0.5083169439249142,-2.48241155040639,1.209035955001375,-1.85780410274372,1.6573578769400394,-2.272550757037883,-0.9979877597963095,-0.6746206415046602,-2.199724095489601,2.3762329392895882,1.049000565984297,3.8776243133843833,1.781120205583032,-1.501052347140181,1.2128982843237628,2.0096488091807676,-1.3049707865414073,-0.9087919158908024,-2.9019902153956583,3.0917641543018823,0.7478634083203263,-2.7284461988587925,3.470273274173513,1.5885835686662721,0.030539180124836918,1.5299563014315984,2.255767449806658,2.07516835704038,0.07433623173618886,1.7043396596758007,2.1134118802861708,0.7496573659702296,0.8065838849328966,1.436757376860617
0.6153272298104833,0.5299966035612658,1.5696681793735254,0.5405457873196198,-1.2783829296753004,0.4532970394634537,0.13486706764243905,-1.644005897663771,1.944543115140642,2.077076660457387,2.419011570104883,4.334877164391478,-3.254800116362466,-0.41292871729881964,0.8247968453802954,-2.0538800241756476,1.868573450175289,-2.826090402791981,-2.3244865097173775,-0.38095936475408054,-1.550710706893565,1.0370500802871476,1.1721281810280202,1.3436877767543671,1.8309284010082205,-4.2357190226176336,0.16121918610615582,1.6031023622607792,-0.2775376998204888,-0.14965822329582712,-1.1543127748308515,4.520212012799877,0.011360642788188713,-1.1784347605777912,4.619195059568601,1.5101793665021193,-0.1388571271892972,1.2347912052995313,-0.09422925795513892,4.73829300956206,0.7512498960847955,-0.3975777338559032,4.895978044189211,-0.05189637404458558,0.8376819464379222,0.24758170112127753
2.3924761289329517,1.598138809858734,1.112625140326425,3.4989088274425537,0.9334733480598615,0.472280760707515,-0.667913265739504,-0.03829381088518047,3.7960389188208987,0.10211061935419863,1.4949485652226375,0.4601963925042194,-1.0012736389711312,-0.9325718948381895,1.456721460134661,0.6952260234698411,-0.9898130591141423,-0.0889430552914654,0.3062043906523717,-0.8921616071170076,-2.544033784085377,5.5341171753709215,-1.2111045534470435,0.4852422758714994,0.7062049445332199,-1.853673910898344,0.7480234850957597,3.997337711768851,-4.323334068102769,-0.3966722700784798,-4.165677067659785,2.427652443402728,4.147188993026852,-3.7205126000488473,1.8754194823578192,4.730680745955494,4.424331037619176,4.486889166598729,4.352889926043354,2.2367783529579057,-1.9572953274419176,2.8747110808600107,1.6688630219617375,3.8668511352651254,2.842631486559104,4.008661585791384
-0.11382894667017052,0.9897763753411724,0.8028605407581402,0.20291394067264057,1.6868059719224648,0.24924458210853917,-1.0606417585764847,-0.7479984150524099,0.7862320386022159,1.2075894783413985,1.897186298863519,1.3198400779216617,0.24859916748832633,-0.9130595820767932,1.617795666684458,0.4106871486169452,1.0141622089505564,-0.5142104493333282,-1.8738389335009351,-1.8309597835847273,-0.7306876161044293,0.43075920677640145,0.6693007738363607,1.3681548701452053,1.235529327983677,-1.3358008536043657,0.7550120819316853,0.5189165927050592,-1.7618170298620348,-0.3204185614956401,0.27050532756336887,1.822376078877791,2.07937074750099,0.06305075042349806,1.4407754552215968,3.482613998929054,2.3842454868847796,2.190414445649775,2.0248931813919375,1.655676445545124,-0.6103011017894228,1.5427093434529495,1.7623121121119194,2.8070469154353583,1.150124475719879,3.82990675679669
1.822063889497744,1.0563970413176422,1.8638559667104273,2.4032416749785317,0.6598389919680872,1.3764313067481013,-0.4589232626136446,-1.044606505538547,2.038827084404822,1.1343109944325303,3.0731641452052947,-0.9805157735567642,0.13989352873890226,-0.8516294375663441,0.7335822696121146,-2.433132284275686,0.9431631821603268,-0.05329994014197359,-0.8915848605331539,-1.940393351225883,-1.9696198997183898,3.6396623337090817,0.7271660535990943,2.719321261371054,1.4621577115105313,0.2336216535921689,0.7209855209791926,3.589249283428169,-1.7428711388126399,-0.6366084120246899,-2.710895024053897,0.6048789690848451,0.8908951048087512,-2.6898319183289074,0.37067409308855837,2.45491768762857,1.305342588956798,1.5174700684277038,0.29238220485222555,1.943576233628246,-1.63796469768175,0.28437000465126183,2.087136351079233,1.398407115837653,2.219501602362886,1.8498539773552796
-0.6333123364963056,1.1637604121850038,1.0821618818449357,1.1443058569431879,1.5697535914454277,1.9161425262400487,-1.6046883514557218,-0.30804244316196616,0.9937124572076801,0.3672764820517557,2.548182848587998,0.08637972100049396,0.40288797749220384,-0.8532239567209257,1.206884100412283,-1.801473952232735,0.2261198525819973,-0.44486385748524826,-0.925783031375377,-0.6840827557033204,-0.4593682853663794,-2.2746081068675,0.6830990608949968,0.7900999125533108,0.24792508839820349,-0.9837696706072764,1.869423784193081,-1.365185777265155,1.358407165366726,-1.0327906750370108,1.3835737606024183,0.6039927373004448,-1.1961523567804817,1.2959964223476508,0.7789657895227805,0.5028003647234089,-3.0006053097280243,-0.48099266242982375,-1.9836201138030314,0.8831899977968217,-0.36925479820203466,-1.2627994079794433,0.6992615360012626,-2.559268215568925,1.5437305773889833,-2.332437773728922
1.355950237959504,0.7105639771981009,1.4877204881857995,0.7422849295550481,-1.3972334151745662,1.1340842044912005,-0.3355403312289036,-0.4670109398222344,1.7220064854773869,0.38055076291200857,-0.12322763388515323,3.1780683466465494,-2.8362584945575877,-0.4351777240177066,0.4350607875406993,-2.5406117993016117,0.33692780124506494,-1.051183605161234,-0.4609590505477641,0.2437743446628864,-0.832403906207976,2.282357654391323,-0.6112747019522033,2.3840259086510205,0.23014813354825236,-3.278742333163618,-0.26730889016333936,2.3957096721570585,-1.988626492127398,0.9376534852257321,-1.708178448379717,2.6999555548001712,1.350494044262931,-1.3539130735540408,2.519901232988186,2.7114552254364646,0.8497643807978736,1.55147137501174,1.8411637660015425,2.786332772367449,-2.3558833280534173,1.7682056591166342,0.7015503953028084,1.136993455806556,0.5433852047031271,1.632959683637347
1.9297874682756662,3.35386251410128,-0.01274644318782725,1.1192080015101413,0.27339624658672956,2.3600947253065057,-2.1506759031797733,-0.8989731506744758,2.0264808522856264,-1.203491919118777,0.7371662492724427,2.224031369071267,-0.7806893304905611,-1.8636690677626917,3.3276825647143196,-1.0166672086889235,0.933004023943868,-1.4944101467070683,-1.5488774818771012,-1.6583826129945929,-1.7808574564943567,2.950242514407888,1.2155745071204502,-0.6727376950053643,-0.2076198098107762,-1.1060531126575357,2.157200179367438,2.2757897066702495,-1.4572921294404084,-2.1244656340238173,-2.1829961825557263,3.2630635884592873,0.10978317694029527,-1.758892934317323,2.582077964158289,1.530454755498345,-0.20009946156274439,0.8582109471967589,-0.2916474349438749,4.463548546155261,1.3004571213022904,-0.017390913185762358,2.357437763843738,0.5781935599925232,6.099114687547798,1.4971151799392541
1.7500350795595412,1.2359687689390673,2.44086184366288,1.345505373197245,-0.26331195830371523,1.370156727097911,-0.6919079595809171,-2.0394183717101333,1.1598572048600757,2.1969650963654854,2.6462749022008363,3.0412826839947273,-0.3531419127736565,-0.1289649212530164,0.7123234943269756,-1.837482316018464,1.7349080893597637,-2.011829084328544,-2.4283575894677925,-1.1946862813164292,-2.538024384896162,3.2033344108661588,2.6465055882532096,3.5825607523862635,2.0799307148239805,-0.07759924613971947,0.5837335218671277,2.3461925307685667,-2.9942321526511164,0.8700210395892298,-1.9565395502131686,2.0040489234958825,2.8117414854898746,-1.51522697811389,2.5389055497816115,3.719133358786105,3.0517763715533652,3.048937096671772,3.05575440061108,2.49666200624977,-1.9292454174561664,2.3323160635768168,1.4831548321270764,2.5105368774865315,4.308948822202357,3.2230430857848127
1.5996258458756554,0.038550121059860665,1.6566201763947666,2.161953010148528,1.8594028841390018,-0.33642362492833633,-0.43641266548534285,-1.6128122746405005,2.9944490428346113,1.2519980364399734,2.1088645280299536,2.3870818513504375,0.6221890507452137,-0.41572404839826493,-0.03390423460459924,-2.638243054857556,1.068420746211307,-1.8956065802172621,-2.2158355860073513,-1.2484886701813707,-2.205894649536398,2.479468007779725,1.4379222990612837,2.4208145260223524,1.6933988670492588,0.015781316456968897,0.1209125549797192,2.286810851612452,-1.9625910725827362,-0.009365925987657953,-2.1534288460195703,1.0276183695258276,0.9204916089408682,-2.029797413909767,1.1922079416792541,1.6144940676196295,0.7798505296739178,1.6460602055927576,-0.13973649429252855,0.8979332508140818,0.5066760932825092,0.009502381861364873,2.3092245842819747,0.3063165810751714,1.6182853075819854,1.4706332127562476
1.5051678285032628,1.4520493358067519,2.946516012386363,1.8499384282852491,-2.016403780500757,2.2616280937345055,-1.04369330624493,-4.357131145545757,4.244981219235232,3.1432929796190434,2.2910456008929803,0.6325946250600114,-2.2121447357378408,-0.8523778165279641,1.7909630513484225,-3.510761822045738,5.239052449785382,-3.6753837088498402,-0.9244376778857895,-4.09629996589726,-1.9521792755244154,0.79929316882119,3.5875957435827224,5.14054892842498,3.4025404074795853,-2.633958635246537,1.1840182799994716,1.4201427372263313,-2.0473544212524137,0.13406823743206187,-0.6326422312816514,-0.4908059180622826,1.6447634538382827,-0.3677777963733182,0.10423385686722686,2.3274386716304507,1.9848664240692262,1.7679937513682842,2.8319568351867694,0.7954474207283739,-2.5116938937449014,1.5713337335345003,2.4636399236456343,1.2956738593730477,3.0300569566371682,1.3657522975995566
1.3676147072293166,1.8829016845992201,2.2225910398611513,0.06771903622240205,-0.519178502667138,1.4526669361642193,-0.7650098309361558,-2.9673393606193987,0.9564871245829762,2.0427364121179528,1.966000202824315,2.6385105706822576,-1.3276437051175267,-0.297627722136139,0.17511433218099803,-3.5737576690936663,2.0306094893133713,-2.1496279210388813,-2.0004449173915835,-2.7487790545654525,-1.5073747376043076,1.0043651022300455,2.9567801450461397,2.1080634296122884,1.3884790463758305,-1.4099242113014996,1.049636004220778,1.566519582592224,-1.7609012239493822,-0.5245139047032518,0.6561601610403496,0.6384222498104548,1.0337675372139095,1.075266620665861,0.9965095802722359,1.9903390567782437,-0.08171099511204616,1.444156493628873,1.115137619867132,0.6643801495246597,-1.1338130340657155,0.8776533825639934,2.7934964717846102,0.3611787687345297,3.8354197618195367,0.5201048709521665
0.673029617010645,2.5198313781296218,1.8059892279705563,0.44361165347677445,2.009608859925837,2.6274382106576706,-2.4883522415016026,-2.748644882827766,1.6423010673478764,1.4284821542589854,1.8925005247170077,1.8356582720695,0.46757765352365444,-3.2831952219536515,2.5094663951417635,-2.0049638177422104,2.6104950330688896,-2.265724297342574,-3.4479928488313796,-2.2072951002213683,-0.8934914863425558,-0.009211473957783767,1.7407912456020747,1.6637431908390048,1.4268210114961013,-0.10115881253759951,2.433533468035577,0.1280706884824243,-0.5672702871943602,-2.7290323783257975,-0.9855952286308387,3.131372213370639,-0.6619891432938807,-1.099383609761352,3.2607266510180883,-0.10745820719435661,-1.3536206296875837,-0.06042356840733354,-0.8821723578169569,2.275998895752701,-0.6375387231858114,-1.236096341241125,1.8762564800854753,-0.7511726263014862,3.124854524469653,0.014044233009431917
-0.21289579264880243,1.092262499010724,4.17615368889083,-0.7627354576196659,-0.5901443145619739,1.0425179874666295,-0.40528502899308205,-2.6474981717149246,0.34884928267366866,4.8949467932068655,0.7826132326073021,2.2425243799293577,-2.4491915913421876,-1.0818102197124821,0.15215047032511486,-2.7552817192611516,1.6767380394361862,-2.811214891712216,-1.8193159222250281,-1.3463047654420541,-0.3456556264556716,-2.7137796055540817,2.094830372854797,6.488266207855056,3.003845267738501,-3.043018781268847,0.17626851673125654,-1.121044585457449,0.4775958616547793,-0.10377045475418023,2.1618574353995426,0.5729542661420157,-1.1151729420218888,1.9262964700996705,1.84536944670745,-0.6638182386262699,-1.5260065898316948,-0.4014671930396734,-1.3957586953856709,0.15500946568368756,-0.9441064175867342,-1.0388455795675813,3.4658139655422726,-1.3709172097158313,1.0145205434411624,-0.10991620506045785
2.0231202059285414,2.24639770063342,1.7870371671072571,2.4846881155571445,-0.03919547439600435,2.051949462682728,-1.13306993397409,-1.3690935716887525,1.3485240551805424,1.3713207328419614,3.905167638362112,0.242635588675566,-2.072687810756613,-1.040023088284594,1.4736148370537374,-1.6304585391376893,0.9411168420034769,-0.5719818823133831,-2.030137833797913,-1.736357455925912,-2.3799491445868943,3.8850944914838177,0.6812926977935467,2.4773206300980677,0.7961489334601071,-2.8925036107936526,1.3865946545307142,3.5977233682074026,-2.6010908455948725,-0.6665727549767599,-3.3662142524118757,2.368992650458996,1.8369847140845637,-3.5449677783029006,1.4916616447634166,3.155384853084379,1.5764553086203392,2.084776964581336,2.0841641927685064,2.677545994036881,-0.6500963507799884,1.2470363188959666,1.938635100497425,0.5628027957276646,3.428376930107313,1.6777938477949619
2.2313368266100766,0.6854824884804172,1.850696377682213,2.097169310231153,-0.35078756641826225,0.7801392058668544,-0.04398096585792466,-2.195756270512936,1.2710904749635716,1.289113767269371,2.0174046182021033,3.1665258183286165,-1.6060705632014605,-1.1322980184566616,0.19183999047527256,-2.019949378634158,1.8580482595047427,-1.6805184420740562,-0.9604299878954905,-1.8927932559508944,-2.8326509022074617,2.3166401955669658,3.752414784522101,3.4939626801158976,1.3877851353907704,-2.28737983628836,0.5792408018021742,1.5758311578880604,-2.761555443946982,-0.11437035179045807,-2.59483340420453,1.3322593633879996,2.1668533040937064,-2.208397114683406,1.5786840317911197,3.6666849518929836,2.8980536433677933,2.1112564377322625,1.9042884087895418,2.012530448308146,-2.7873851490035726,1.5811938577131053,1.6441318718419276,2.1574506697063915,0.5909283713881228,2.507637941002295
-0.2600568855570531,1.2874541911387336,1.3747300710419839,-1.1357971640890416,2.3827827750822457,1.3031492710337904,-1.472003993111371,-2.736252878478064,1.1324303609049564,2.55150724622668,1.7774742679402458,2.277455963210375,0.8560494938829701,-1.9953825401153422,1.1810278192576495,-3.5990297858984612,1.5972198771239112,-1.9434028836060895,-1.548924424649277,-3.3309068745289077,0.07297688083109266,-2.281211906613485,3.540030321959922,3.2442190337123344,2.3796966640320836,-0.28535281886143427,0.4679286220036012,-1.1319194430885677,0.36754801222129463,-0.10197866821803792,1.4076187911652618,-1.3767527594703963,-0.8378161503133015,1.838271773165559,-0.8934391513541071,-0.054523134099164317,-1.1084188791050567,-0.41191839944212805,-0.024256992241497466,-0.9186144690898079,-2.633501675635145,0.18816101974337818,1.0896637266771676,-0.31313800033234673,2.607916026276782,0.8510749020494592
1.5547588717233105,4.231416618445426,2.129957949881305,0.9619287063582389,0.2158390582004054,3.2716310601433025,-2.100514899898929,-1.7421412447316165,1.4319429124184744,2.1737340196097366,1.8603600088498604,1.7802373810261554,-1.3210494696442026,-2.1583625129213058,2.2459124909680503,-1.258969170629972,-0.14932126185400385,-0.4184359912145248,-1.9136659934052034,-1.9468849842192055,-1.5405003290702817,2.0680528233135713,1.2221276872316171,2.4949340284137604,0.740215158210302,-1.9502561183592964,1.9053527255472735,1.7110799938582093,-1.750797499859833,-2.061105946048456,-1.0759883075793726,-2.1695604397026305,0.3262423266346508,-0.9225315021427316,-2.900512405909721,2.0882147572395042,0.08252149788529939,0.38525973731875585,0.6843524930792015,-1.60309712086392,-2.971926528672196,0.5604555147039729,0.36996332466048343,0.46079712591232735,7.252811988226878,0.9678536034909818
0.13205834443227737,1.0746133240411444,1.139928488966426,2.138912348104911,-0.7827449808365127,1.556517051115126,-0.5583590029677464,-1.9253990973543704,2.2432726438199073,0.3622593212780342,2.8428382055397616,0.5717403013685031,-1.6250227930726013,-1.1101106043365796,0.685285820159339,-1.6332388102633029,2.590222230014542,-2.4193806514647305,-2.7592390597991523,-2.06085897775783,-0.9579568624317857,-0.7856074605349272,2.0866314305463667,2.37912137758547,0.5958760723658334,-2.4980705807373007,0.9272599855789911,0.19012690124119613,0.7112337060121432,-0.4078934595702485,0.2872733242698007,0.995284963054174,-0.7728622228313029,0.9878699083559552,1.3707907432375317,-0.18740327565247528,-1.1555470985607692,0.08934058232818476,-2.369902909955873,1.331184331744347,-1.1402697880104948,-1.3030194487669569,0.7068730199899989,-0.3546295571525466,1.9910679938325508,0.4370923624495302
0.4858117950897177,2.756734196379025,3.4028049120176926,0.24262360727652066,-0.6176749998577208,3.2081788208987616,-2.11289034227401,-4.7193080082785155,2.255609179080177,3.96776299642388,4.260098601900529,2.1354066102491576,-1.6851791802467326,-2.0323154196653634,2.045952799300766,-4.630679375547756,3.337527450078095,-3.4742771519515245,-2.9645747298306384,-3.7597517923643036,-1.329401640130594,-1.019503758959507,3.259620705155201,4.230564191350886,3.214112496745752,-2.4910710929985393,2.1793936039985997,0.05181942668047257,-0.6083116605941759,-1.0208893160769574,-0.09287846415914824,0.6748805586634854,-0.18972039769812632,0.25026371273660497,1.2159468443958112,1.5668521146580465,-0.31354883308445036,0.3525083972569185,0.7648064595751138,0.5043727055576319,-1.7919812011894858,0.14726874092516806,-0.41921360026641685,-0.18939464480384638,3.7489908177596165,0.6741892201155345
0.3145861955738455,2.032753408832031,1.1619842332483643,0.6365157052146176,-0.2646697219526309,1.8330357831144746,-1.8269099135119067,-1.15650979601797,0.1899606520401802,1.6441654010677986,2.411050000322805,3.5790169675860852,-2.2974242003439906,-1.4386758334857666,1.4004766939598698,-2.001272467466573,0.7655665903259912,-0.9036670961510693,-2.8076516759975716,-1.7137949240781716,-0.7951825894732828,0.6851971032541482,1.6880000325040119,1.5663986291023775,1.4285781479141566,-3.4622046087749903,2.0202643475252327,1.0123092864613552,-0.686644873206357,-1.7561670498962507,-1.894580991929613,2.7715978758205466,-0.24193691320236344,-1.8966555010012036,2.043754729585032,0.6715015590525024,-0.4790055220658981,0.31404639083310304,0.25365796477225433,3.668326033661267,-1.037356853616854,0.2953106840112535,1.6975383580151473,-0.4436748171386873,4.266164088511971,-0.1296336738444368
1.468249426516078,3.551883263279392,0.7595960485061767,0.9977449319094491,2.6543873976074503,3.3939661499143687,-2.327115597550611,-0.15594101711412178,2.395467820221233,0.5605582032953064,0.9223686479455604,4.872651864509484,1.1085952059105573,-1.9988215060606003,3.288025424979458,0.23079654038224873,-0.0690648945884762,-0.3463658770356539,0.2179743865113568,-0.44294827532278735,-1.3973236847635981,3.928943006026177,0.22067989675539246,0.7544621386874257,0.6608090458760523,0.910280359146368,2.5309609940597566,3.89436091474536,-3.10873638311642,-1.1767097920024654,-3.1822591799240065,5.903001625058944,2.149085398768742,-3.4834961108304734,4.719112540572654,2.2156322862684936,1.0024749271284579,2.259139138454166,1.9278082529514617,5.334536932918948,0.23267662386663912,1.8849561979553386,2.296630524348259,0.3937832791192712,4.885970713816038,1.4203613138933595
1.3740205667587522,4.578597296696353,0.7235732846737917,4.009058864879449,-0.6012245219378314,2.9116677225624246,-3.873314718315523,-0.1683928221360811,3.7224563025409623,-0.32933457247799613,2.8789381263809415,1.416140538158375,-1.513712715647963,-3.5667314627279376,4.73370591657027,-0.8288152660753249,1.970435165909473,-1.393332932534591,-0.4438590176350823,-0.1879635207030128,-1.9447796368866457,3.373035654888075,-0.8387738784860717,-0.27530668879901676,4.249161402181123e-05,-2.1102817495993733,3.866587838502734,3.4714109792449754,-2.824747288036979,-3.0871352084786743,-1.9415921143081154,1.901370056114339,1.5696287274232377,-2.1867668336848847,0.558141915665469,3.3414260851489974,1.6439238125787112,2.057171672365421,1.9117146819927142,3.6131877694352887,-1.1791985421484041,1.5350060957295915,3.030568651154441,1.4112365999245065,8.8824905887056,1.7650399558128975
3.1464042946885993,2.102068072917627,2.367291386302049,0.3955609382706513,-1.2877870133514215,2.4669919200998125,-1.8733209292540256,-2.691769113563379,0.704834663810427,1.8723264695334358,2.173731298015695,0.38191566563235546,-3.6551459888183975,-1.8228380578201973,2.338095719981294,-2.3732936378754923,2.328368931556988,-2.94109285032631,-0.6761307187137958,-2.0024601221081593,-3.057320711582908,4.0226167228994765,2.703310943331064,1.3188128534279513,1.9519802465000156,-5.081406859409371,1.8290140362537575,3.534458583346014,-3.762674812563568,-1.7021097859961345,-2.5230343883030564,-0.5916417334089801,2.501028831003276,-2.842988126068682,-0.5514634946657491,3.5628926366325224,2.168438591968633,2.586445215739679,3.1462811854299195,0.4698382060784636,-2.490400647997822,2.4503469235854984,2.0338546580942247,2.858769318107237,3.4242149902757943,3.1974391078639868
1.1064707685544801,3.210686169924502,1.232535232507993,0.9860051807274935,-1.4752894832266144,3.0177154159154185,-1.9355096130700167,-1.0216184669329607,1.9479599992410002,0.9552158378881803,2.0086451891843553,-2.5843203643931023,-2.175343895811669,-2.101230340162659,3.045309676758607,-1.4947653189972712,1.7111773394759267,-1.0321601669713862,-1.9977921886455454,-0.6611045283088534,-1.3721860826542298,2.842313963356348,1.7010575946564077,0.7416879027754352,1.2568316158894866,-3.2702105287551433,0.6979376057884106,2.398738588192356,-3.052632769095592,0.7904446785431629,-2.432287901449806,2.5073611962709554,1.7288342896709814,-2.4268833568471155,1.2115191530390368,2.7903868820208793,2.5391774958507534,2.1566046624762656,1.4897401231829863,3.881163593916181,-2.6232987038686493,1.1816896604487748,1.5556246794593334,2.3058021572977276,6.66652443262906,3.46796219005855
1.5035120720392186,3.6118804284192287,1.0173673952560403,-0.9816492325012964,-0.17971286788140478,2.304890511580872,-2.3382318674045353,-0.12472634180632136,-0.2123000806726414,2.260525696643589,1.6069011584714903,1.1081928341281762,-2.214905720933972,-2.272544016774732,2.4284642597898816,-1.2330112991448527,0.527627884372768,-1.2505923183846737,-2.865621129058988,-1.1706566506884204,-1.2147068857646972,3.01800214106792,0.8464545909024819,2.5429830516980383,0.7926433995002602,-3.1892459051844275,1.529681824477525,2.9560157639187166,-2.242080517300926,-1.8894195047899092,-1.8822614245839198,3.8832002010753026,0.5069433489919445,-1.4420129759747369,2.331774999710303,0.5641825507876916,0.6794915402974642,0.8748577501707072,2.299920201316632,5.480044912616197,-1.5219623891333722,1.5135567486296606,3.25133060578853,0.3684477632986543,7.355413970606792,0.569112439771728
1.3838400876593095,1.308881894774235,1.9726149521894794,1.38444582837432,-0.036405857781595385,1.208129293477723,-2.021086024255923,-2.5282375601393676,2.0572455046468887,0.8475269103640408,0.920325674534715,0.8071972624030566,-1.6333219187121184,-1.6377802701341746,1.9105758788842584,-3.5797761595932522,2.2012055466313902,-2.13546097951126,-2.15513751199535,-0.7409714531288265,-2.336301189079848,1.7651935756920882,3.019462286211728,1.563135732958644,1.1829602927518328,-2.9868190795100094,1.146110819409996,1.6777905146923162,-1.2662937241591004,-0.972738133328234,-0.4399343702940557,0.765985205554684,0.04876413966754889,-0.6710424021536887,0.8615853380008104,0.45114775994488654,0.7275696551242525,0.13388447672981463,-0.13474815078258873,1.3800793164553584,-0.5436059328973282,0.16503813992484406,1.748378191677294,1.4745654415762748,1.807348515092758,1.8770909311447765
1.2460730530446211,1.484664715133858,2.809030942305531,0.3639932933107737,-0.7635477539876557,0.8824393636523864,-1.3606042715900812,-2.693034378758274,1.0643415480354688,3.044896658188158,1.6578132686458722,-0.4608095851136884,-1.959155109606796,-1.2576987226507637,1.7919060220171823,-2.7652059928679704,1.2204378249007302,-2.711731049123836,-1.0798506318638623,-1.4905916447402459,-1.4520929723515072,1.9610215181055528,2.7994194668108947,4.51133557324037,2.6723296102919205,-3.0470375064923285,1.7003108515105407,1.6484919526843438,-0.8439010237126514,-0.742349663574498,-2.3227461102925915,0.814312968623174,0.04031652356805715,-1.919303001497878,1.2698807540325743,1.5359050566084735,0.028588067360048486,1.9067681113778667,-0.2064996703424522,0.2704262830774513,-0.3757996794631959,-0.5340512130866171,1.3896800571849728,0.9217893767894594,3.822245435095973,1.1474500875228528
1.0300233979740918,3.228541137485175,1.0512672096636173,0.9766226237611257,0.7350716464348818,1.9735872505663297,-2.119105137368204,-1.7526081561857165,1.4308403476036173,0.4257646932353022,2.524401106497457,2.384660409487721,-0.9625330396479475,-2.3304215815034253,2.1581701343821953,-3.032489681693191,1.9575604205091368,-1.616418719820604,-1.6515419241982323,-1.4894918848573593,-0.682466889908964,0.9275877313531713,1.1370729819122136,0.3087794231093337,0.9438361229339072,-1.6187533818931552,2.1088678149312647,1.2742550740474077,-0.9554168856730919,-1.639874943367869,-1.2359761446460522,1.3138402908511375,0.13234084548554348,-1.4116288572866786,0.45779323420105444,0.45079076476884805,-0.646283743954522,0.6278599586883132,0.3192384828852278,1.9895670306700115,-1.7434821204584303,0.5197452403995003,3.2261531252887927,-0.21182325084100917,6.521179951109726,0.2086384841107891
2.5444149024112375,2.1400617258973,0.9888913978632516,0.9440711108715273,2.351990074515831,1.776879121808884,-1.9207334162124161,-1.9168526369570649,1.8540615762800867,0.23846429871027852,1.4048236563453083,3.2113288355299696,0.8346469842657451,-2.370604887327487,1.75617306476314,-2.478562395062327,1.2661242128712784,-2.9287939721302108,-3.165958087543716,-2.2315547612521582,-2.1508391546027887,4.0510422941014514,2.295098643455683,1.7280774278270072,1.3368495486644838,0.8489005397801086,1.8121204854088995,3.975947747592344,-4.239971600071632,-0.8978963663145646,-2.8769137299758984,1.5342808065618332,2.612449626732971,-2.8480682522753726,0.5035379335314872,3.967330331107563,3.3820012015408776,2.5966403679450587,3.06835108530937,1.5479628503664795,-2.589980677769683,2.4213080664047286,1.1548811432137582,3.209786257536252,4.310946264724571,3.3721828319065037
1.190606985475893,1.3408005495266337,2.580349717767181,1.811040659904902,0.354246704561981,1.048428190794167,-0.2825313370902425,-3.456806521882243,1.8663949317466235,1.743117341308011,2.0760451701451688,0.3139737306682746,-0.1749447444057064,-0.023540419602188667,0.06273338917496862,-3.072263552402031,2.7215498448521207,-2.6565088707691173,-3.871143733650727,-3.0557951136063757,-2.273450942900975,0.06628578287107123,3.716347200372992,3.6044672588404465,2.806133750567916,-0.30765050045205045,-0.09259391852428145,0.49587438434415687,-0.5836696299708075,-0.06737858445406653,-0.19698233727303727,-2.0969954765677743,-0.2492115432438542,-0.3354062924842296,-1.8844605332252262,1.2948586705291474,0.246697548784385,0.6238874589359581,-0.5417746623647703,-1.9772258148718633,-1.5103391778059614,0.06270880024372116,1.512816406455816,-0.5295324379439434,2.8711424217279125,0.24913987951024286
0.5125915224221116,3.4603420539214342,0.5263373489439033,-1.8398236287587157,1.3175505887728693,3.3222430353994423,-2.90687472887348,-1.1159716025523352,-0.31813053700891913,0.5075896754899374,0.9884310992175558,0.699449933806561,-0.25148296580403995,-2.5211389089750695,3.837851634706566,-1.8117065840720417,1.3996590244910938,-0.12875568739231924,-0.09643892534851628,-1.1293996517668468,-0.7131079194647445,0.8631291186759293,0.4135881154465195,0.4099438931101709,-0.5756839877627409,-0.8411191150746425,2.614457209911171,0.8997792025460787,-0.11685369525655753,-2.6095544881650707,0.2668177462362362,1.2789772963531396,-1.0176334528694326,0.7149312663037084,0.5694766642736757,-0.6071298307299537,-1.9635499772546767,-0.0038510526776152076,-1.0690140615852195,2.3394612018167678,0.2430198336644136,-0.9256073452197697,2.7729404757480625,-1.62281018210642,7.264992007461029,-0.9357342068099781
1.9302178274905515,3.1250836392588544,1.0031786894867176,1.5333839675353054,-0.01865671704538116,2.97735381796354,-2.6289864291226035,-1.9735415264695053,2.5161508961756023,0.9915233338488556,2.4080818159445987,2.3452000485485063,-1.0443626823387586,-2.368822005394323,3.5376920587219,-2.602811008161923,1.7651506088468691,-1.367318494134647,-2.3589465222420385,-1.585034607059639,-2.387717829861345,3.2755313592274256,2.2906715736820864,1.4732140657241706,1.3398601103294012,-0.9254038528498072,3.2229124964305926,2.971083111126813,-4.335235375409585,-1.0319303513468665,-1.9474663748654502,1.917533172256498,3.325076512197497,-2.111192433865873,0.8169210940072629,4.366889386394959,3.0783261173923844,3.98443986753787,4.223815970128376,2.06684631501469,-2.994989989175901,2.9011664556994474,3.0473450293776385,3.7136219742146546,4.099486705211221,4.279795084364132
2.2398094065296803,2.6825585111224126,0.7213673967495026,2.285212069122328,0.5849926547510166,1.8076600033380317,-2.085929770261041,-0.21376251859965567,1.9151200365571097,-0.6783354889212387,4.040929874903897,1.765728682623001,-1.3094317468958914,-2.1373544210942077,3.5348110142670537,-0.08825476195795612,0.6303215524716225,-0.549560827270988,-1.9771745378408596,-1.9128852544931818,-2.388739346723996,4.644778833463972,-0.11851714834646154,0.05966082667762551,0.5262800744999516,-2.3225167268623803,1.8616070756833043,4.2116451084125375,-3.3541910190841646,-2.0963250213940086,-3.179162176192726,2.9351189879327677,2.081542535133355,-3.0435799918707422,1.4907789962884022,3.6263118087247537,2.6714636561383465,2.46212902300946,2.179168258516685,3.4648954145155866,-2.7828592220823065,2.0801414909487086,2.314156267923525,1.764829135828468,6.4092423004302335,2.047312176213009
0.6499300912841944,1.9561526268236147,1.5648316245252727,2.997390641419301,0.2793127758028382,3.0912200881662235,-1.5634836594371857,-1.4883092341969157,3.0043463601564633,1.0868525779100973,3.0345772508266275,-0.3296720518661911,-2.3285004922539168,-1.0967165833611072,2.935561742442916,-1.4605996121831055,2.383854944683509,-1.180460862259814,-1.5005958209413301,-2.395376418476647,-1.2094835075391175,0.20044195203575632,1.540609882469026,1.4891755463716458,1.545777440275486,-3.3733907390625903,2.163644077079938,0.5311043967537314,-0.190412882151465,-1.7738503691865213,-1.0294668158515985,1.5671644704964547,-0.036722985506416395,-0.6666848900690566,1.4936785211604735,1.3681152833408725,-0.6271081009631375,0.6908216653995471,-1.149904598842108,2.6289144879619726,-1.1785778046598465,-0.8249584734589714,2.2897568701350313,-1.2217251690140487,4.499710685272699,-1.0738478407921752
2.313428154267421,1.2181660691153828,1.053298181816014,4.062993730378137,0.538840257472804,1.0378726421458246,-1.175565551597261,-2.03643432266938,4.3150654153379495,-0.07429118258225043,3.019434214181951,2.3733505159091166,-0.7511357166313992,-1.1516823328758679,1.8370015004379148,-2.3297304234837815,1.7032658502034383,-0.8258571396701672,-1.5114846268021256,-2.2709852961170984,-3.102288871736179,4.283561781908329,1.8958843530895526,2.077061385069504,1.3974603845038123,-1.5200698694793613,1.863695966845123,3.73928956297705,-3.4809604359147013,-0.7652533889894301,-3.232707042818912,1.9838151291051864,2.648928358426443,-3.0899076082857126,1.525419334691645,4.087286156513852,2.675004654279541,2.8240890897004487,2.6750775114691883,1.113235968974958,-1.3181215872108976,2.1430630244275317,1.2630293199188185,1.9159550004264219,2.088435102795149,2.4754962238301976
0.5082739820837473,2.5208490816828797,2.598596289256618,-0.050853239163997976,0.454012310176078,2.333247392724665,-1.121806790210941,-2.1828161674607696,1.1747305509333161,3.3214243769197083,1.5261407911332379,1.3893764814456688,-1.249932295417187,-0.8768405224765174,0.7539019565304825,-2.009206911748659,0.8044190709491807,-1.3597422596153175,-0.5470563302005659,-1.751559201161076,-1.5306218459890986,0.9704655179593853,2.451760833786579,4.983777419465622,2.6261762433736013,-2.2441176141746437,1.5177825750065561,0.9383895055871807,0.02631919759679202,-1.6618525476049189,-0.5310624268687318,2.170604243084773,-0.43248804988898026,0.18073389681565577,2.114086062677898,0.5681703788009373,-0.19852263558943017,-0.07028834988225285,0.14263241529222948,1.6452305454643807,-1.6453488050097265,0.987744792529825,0.5370316289321235,0.0625183666916459,3.7766166613171626,0.022589958633440155
1.3665697072220657,3.5332566040830815,0.6994541498230217,1.5688112387770643,1.5682741454483828,3.7507417297975314,-2.2256525535590677,-1.7570028785268539,0.8308221886669223,-0.3020088296037795,1.7903420828068808,0.5427156758023862,0.2915696138248316,-2.5447986500556223,2.2795127849761796,-0.9727463523306364,1.204453342650453,-1.4761627546503404,0.7598819605733438,-2.1900234916299786,-1.5144130199225885,1.8323304053746803,2.297604176908619,0.9582980579101448,0.9533864374144314,0.24629456138316375,1.794984497972436,1.7314646724815794,-1.7522544287720425,-0.15087090002260872,-1.6897024607191504,4.793203876783478,0.9019393203814893,-1.0876617432931783,4.156873136543483,1.7852158098146012,0.1002756546425615,0.8020529057633646,0.14310320594339654,5.15422962552022,-0.9150858614068844,0.35829336126567557,0.648607417690974,-0.689233868096119,5.138772502684841,0.2385634060671038
1.4520482938371324,3.0321697496651296,1.850388371322623,0.8139756937751952,-1.872739289270525,2.629572999251181,-1.590463545472907,-2.626418114422181,1.0209727469662613,1.8161215723676265,1.2564386647151158,1.2092045906378845,-2.131039395960818,-1.4317170783517874,1.60640811914829,-2.0985320759167516,1.9344088723326538,-1.2471936583629923,-1.5783739310921738,-2.918136785920227,-1.9301692865371662,1.9823469491476648,2.2288697562428044,3.203901395141888,1.870424043176122,-2.6819175077021833,1.9759128509481414,2.185583062280203,-2.7928690090120982,-0.9200431005864225,-2.771284093390422,0.2154888026257733,1.7815621985030101,-2.775751111803924,-0.3271593926796956,2.8178759105554825,0.97133124269437,1.912465329192657,1.949800437040224,0.6869894749035657,-2.6708145820312685,1.7465277730787117,4.401088235340085,0.7274506984361018,4.019238144561891,0.8432839186497518
-0.3382507141123716,1.2699417649344928,0.5287377550460487,0.7438358842955174,-0.48403331099070623,1.0302338542991825,-1.721635915541745,-0.811712706602688,2.4498790889892477,0.34289678462219997,1.4476924869014973,2.6682120390423525,-1.325268875469077,-1.4543051521558523,2.3634969574329276,-2.0795102834575827,-0.7770570007992803,-1.9212568027938925,-1.1111091967762232,-0.6554806537932469,-0.7048522428579521,0.2247178855226173,0.867156011909459,0.8110252623373514,0.6623317809489166,-1.0259410616821136,1.860026855613517,0.5171617172876719,0.8994216796237098,-1.0368964278771144,-1.0007846739265907,1.2818790293279432,-2.417960614016208,-0.7879310201973663,1.310610758309533,-2.408683892442428,-2.2829471496058997,-0.973770921023082,-3.602791176031059,1.0943712472296303,-1.9048306396005161,-2.404902771553365,1.9477800236416027,-2.521270223964152,3.0011073560867416,-1.8752416814916528
0.9961466077848584,2.80649563175153,1.614619064559132,0.7618806526107272,-0.6100241433846021,2.419969934224318,-2.1870683833541102,-0.31997469512275467,1.2839083833667586,1.5463692300418805,3.272766692852497,2.6756926752661094,-1.4705206575483678,-2.200627090993005,2.7936638012901316,-0.7702678160309,0.1049316996872427,0.07898401034808344,0.47699396130097416,-1.2302092114182086,-0.8582600354472877,1.7548560475284933,1.439028839412663,2.1291060975867984,1.252758407758392,-1.5426938680427278,2.4571405950614147,1.8542574000206191,-0.19502194122476113,-2.6707293230257725,-1.3989171680459616,2.8780705861326648,-0.7018994365833966,-1.2352313671510944,2.464837587269434,0.4564528391570697,0.08471982807565881,0.3573580156829803,-1.2610941686340633,3.84918410341231,-2.1021716589887496,-0.5185722543726392,1.3087425837762088,-0.5901745219870043,4.5499689085173625,0.18678602277014766
1.5956745202159566,0.1413184183195022,1.6308668472127126,2.717442446278536,1.0711396632897427,0.657166976168535,-0.43945180005416606,-0.13549787331273344,1.910337070202883,1.1133121118531304,2.282143432750635,2.6030128005567352,-0.4301498026719429,-0.0731673144467675,-0.6590839321702118,-0.36857611323704487,0.3140317138133918,-0.983243477924441,-0.5431331062544765,0.01739574779091213,-1.3876569214127041,2.31543550280735,1.1445160335552915,3.29224822971044,0.13083879115431551,-1.598838834443732,0.3587817430963456,2.120091292932223,-1.7607957666249163,-0.7588413511142765,-1.897683616229129,0.8803793458896497,1.6180199940144977,-2.1886247456057975,1.5616495246996196,2.1600800111074356,2.0316485871572474,1.9521102566131754,1.4051909774144205,0.6347064187271656,-1.9438603687861267,1.3006588246890616,1.1130029084680566,1.8345009320659604,0.27323842610380034,3.0432511642034443
0.3925221301803983,4.308459012746528,2.3355128857395124,2.2655140210718874,0.8136642084278367,3.342930326747892,-3.4158910141740266,-2.939850692658664,2.27276651342134,2.3108972087893793,2.306338859558755,3.2709674277849747,0.0010161166694839796,-3.3108688131977115,4.664473435823741,-2.3863778010215544,1.4457180550259476,-3.6816136241378348,-1.9371667056234165,-3.07363433642238,-1.6168964560046586,-0.7781602542251349,2.5577433902438336,2.193166358632716,2.89277845033057,-0.14166070106101047,3.901622409802681,0.062173567957497955,-0.7217595843132643,-2.4707370481939606,0.5027298967495486,2.070661262745684,-0.6904540269542654,0.37815317775410584,1.5222883086472754,-0.8820871066368947,-1.3769019249038674,0.08914804215695216,-1.4436003447491548,2.9809398944454806,-1.9457173843846358,-1.0332490384148056,0.8588094249358361,-1.189253768098799,7.415054758129795,-1.101355399702478
1.0518198696127026,0.6305883418790585,2.1395779598504934,1.4937910742148304,0.7283781905878504,0.4642278762563339,-1.129703815031731,-3.126303728965783,1.350107884532145,2.1702763792116677,2.0957454945365943,3.6586607566580804,-0.16666204251485028,-0.9406414207016086,1.0404215826108243,-3.778272284512609,2.5113214806104436,-2.6694056856281216,-1.5858181318512132,-2.2759349810698155,-1.3570073953033712,0.9582381248215874,2.1619845236474395,2.9272714936769297,1.8013874817383035,-0.7385625176133764,0.797948904645385,0.8645347307780908,-1.248870926787824,-0.26813645857250135,-0.8902337052105712,0.8044951390457226,0.3906517558309701,-0.697144887658998,1.4891165050031978,1.662497294064134,0.08970714325245588,0.9907384225524035,-0.09089278903196174,0.5927029930074936,-0.09173796881886198,-0.17662933828147698,3.484616202550024,0.788643476208361,0.6446388142252721,1.4832859308421444
-0.46349888781754234,1.8272016504949735,0.7573268392045966,0.18161923760027565,-0.24890699446675107,1.8056947054235977,-1.0677731112958186,0.28507182666650155,0.22571779353989707,0.8351317606213284,1.5487540410874268,0.21855378119143842,-0.7959882706523675,-1.3612352879161276,0.9537716845294143,-2.2749156876198224,0.699694535031558,0.16116444206277958,-1.538874189766736,0.9742112987070215,0.12589409776384475,-0.9475655027556393,0.002532936382659612,0.7590192545483395,0.8356288588085342,-1.673416754912015,1.015503511485684,-0.2389526533976436,1.0084525307133079,0.19960750953254025,0.7151294758564946,-2.64567127555208,-1.4747944703573173,0.6812924159884357,-3.467092961392286,-1.5505866454020265,-1.5961354305776574,-0.09663984508179091,-0.9203697014020362,-1.4524597005934157,-3.758712712690941,-0.804521824375064,4.801194690970425,-0.591207879490705,3.2931595776283884,0.2923096426081382
0.35485872247468386,1.0841532533536893,2.743096935045841,1.5803323615219536,-0.7235897439534356,1.1312138509191678,-1.5096325518233529,-3.7122217013854253,2.5347497883081624,2.2310904464259282,1.6607036660176233,0.7056601712921937,-2.3298608253096216,-1.0104062890182093,2.003788354177206,-2.5712820080629655,2.6962218520583425,-3.946456253408168,-1.7021535781775767,-3.00876219595085,-1.1522045309056952,-1.0687620301318859,1.6105409608973642,5.070795413325191,3.1261666522398253,-3.9577760375654245,1.0660462358820055,0.3712681721235034,-0.9794960208592071,-0.23607254790450738,0.44807384934853967,2.3862666786673534,0.7002985484603316,0.6847911526406052,2.760555635036469,1.351882070781425,0.6854320623554779,1.7456394306100413,1.0657341132551283,2.4062275139389953,-0.7639371920827375,1.1657072566975748,2.1565982903015297,0.9838178177476372,2.5141934660054317,0.8943542223852369
0.22056923128347528,2.4841110229067906,-0.601236874843555,0.02577845726010497,-1.4404304595444062,2.7742596754497058,-2.2654694685967387,0.8272552640524733,2.211043548651135,-0.4530127417371075,0.25119267198878914,2.1707258564157565,-2.7273371044100756,-2.1799613495331727,2.2955755210727484,-0.28603754014829685,0.7398198039902832,0.023945872776638844,-2.0354394629094017,0.3876542444304445,-0.07020904080085666,0.2729133585754724,-0.8922723261615206,-1.3747701247577722,-0.610128091964321,-3.254879508046888,1.4527503489102376,1.0637929843819063,0.7721751173490368,-0.7285861487758034,-0.7086345362833562,2.525143676023138,-1.3835339755651472,-0.12111082738053192,1.1739578407740223,0.5167926789123158,-0.7686867267009271,-0.24305717120777026,-1.2917679413255574,3.479112273643285,-0.47461596878350787,-1.3844398203847947,1.2103825547376754,-1.3295480449509545,5.395723400444378,-0.33970588101248644
1.4028930027467887,2.8006094628485805,2.6614800836281365,1.7044515379441405,2.190404014030361,1.8932130724260225,-1.265078860217813,-2.6571010729858004,2.1695967223728703,2.259292314640313,2.460994038135391,1.9555588029253292,1.0036720429238097,-1.3941797011939694,1.8229917181486077,-1.7745045201610292,2.242923040743313,-2.2970944294226285,-0.9079211741097953,-1.9175997596125844,-1.4964347301561924,1.262874708312165,1.5614170913475176,3.3639203584689374,1.9541321664563718,0.894425842475985,0.7424101296588816,1.1834009588095231,-2.745230332456463,0.4738948988994627,-1.0733202664908528,3.6755338247791274,2.292922135072172,-1.4859742572729802,4.2260369205125565,3.2181826592924847,2.7436818528148934,2.3947854491463665,2.226922467420815,2.8205594604180937,-0.7194364040944405,2.0292847259263453,1.9824796179302782,3.3714328666791094,5.052362120032226,3.801825137333483
0.9476649000618971,1.2706182512293305,0.34578354339177675,1.966829975166119,1.2291549980565692,1.357889375889778,-0.6588018649891892,-2.3928460903958926,1.3577861515725602,0.2504742161180763,1.7694081894054265,4.4282985714058505,-0.1951494296303905,-0.22702360864979365,0.48530455913024384,-1.5653677316086974,0.40078630343408883,-1.7484078801714042,-1.7511640812103137,-1.7466914926990469,-2.240325827949804,1.1564690963215305,1.499567034494804,1.109471259040637,1.272872281150651,-0.7330672317041833,0.6099935853785524,1.1907168363834881,-2.223599825703026,-0.35141602600780086,-1.5460455473621295,0.17092769946079578,1.7554552043098974,-1.2324085979520505,-0.45492410796818206,3.492185732551421,1.7941522895145423,2.1745434982404808,1.8034412488921183,1.2084694224740051,-2.246786736057979,1.9012816179921495,1.8450503251039112,1.5737856446893215,3.440168999780273,2.0447016487917096
0.22603992420582442,1.5590872985205435,1.3723963121033558,1.3531501714837935,1.7853481893334866,1.7601788085707855,-1.8766961025962585,-1.5787590135129972,0.45517109295468305,1.467714855278789,3.060763867885236,0.521954013608753,1.341088275328663,-2.184470926609105,2.2795932557772858,-1.1953268144335447,1.5586084565116436,-0.5084507043494101,-1.5421850306091334,-1.8312930778925653,-1.1881207288624591,-0.9811914604785898,3.258615228304409,1.652757700396883,1.3364489369620751,1.1402062930167092,1.897462759655181,-0.3659647514777349,1.2770319697467014,-1.0346202399823075,-0.28017615057824985,0.23555403475071213,-2.323593052926263,-0.12112322530570863,0.41001507209860844,-1.0949152801450999,-2.486236468233369,-1.7106118951711273,-2.995642435547686,0.34603054399430055,-1.7420023221741687,-1.8628131416497258,2.1513967552140714,-1.7028482907014602,3.1251205806655538,-0.9860659232316307
0.3517156470544517,2.7926982051987435,2.037307328248407,1.2831713087803807,0.9697590154618144,2.3359966869323268,-2.289880643309977,-1.8039748448908122,1.1061193300993208,1.5029039546041574,1.7181825395688533,2.7320130568567027,-0.6281638743034789,-2.5039353024639834,2.437130847955262,-1.825611353501806,0.9686049487061181,-1.9851373962704928,-2.546536653906905,-1.2308925869129324,-0.9285078595702321,0.7113321995529995,2.222821185659309,1.7014849816115094,1.1879391387587808,-1.890054866488352,2.288629413375909,0.8441375363421606,-0.05310814849000334,-1.641808497651975,-0.8670141778863907,2.7820365565882366,-0.128013862861595,-0.6399332548127374,2.7637274628684256,1.5339830462116444,-0.8745241884993095,0.6829821415693952,-1.4320172782231289,2.439537946931053,-1.614817508520491,-0.7961835345029022,-0.2161304917251965,-0.8469980059787179,3.536765409910465,-0.18362230162735282
2.08235453435604,1.1780126109263582,2.870829456296155,1.9671968783768807,-0.20297866107412282,1.476511358463094,-0.24323889885068883,-2.0113734576828644,2.494050148000253,2.2730282862414075,2.473161099795405,1.286470935991054,0.2802016258273965,-0.36817214639113827,0.6298047569070011,-2.065906617882058,0.11316740068717035,-2.671619706785945,-0.8713378828417017,-2.475226541438307,-2.403994112669898,2.2100661522207012,2.3230836377260324,4.114877107556392,2.4464764522062854,0.22148992907327258,-0.22482921560745184,2.129030024266156,-2.4582567724189546,-0.4093594447378163,-0.8987567700464479,-1.7309742661604812,1.8828358371883547,-0.8156437445938928,-1.6165210260668437,2.0832105482049657,1.5727955871062789,3.2186500171151513,1.362291409089017,-1.870651907560484,-1.9475471869419445,1.5456058047591998,1.3393589419550829,0.8604995891142345,0.7274648993784574,1.2217805355251474
1.5438000423840692,1.9233207196618571,1.617200693393083,1.0482609744279796,1.4477693338411854,1.243116322325319,-1.0020702030853528,-1.895763566911018,2.1128385990622554,2.183961789474459,1.577876924657983,1.377900718344567,-0.1662985087506359,-0.6761604305425579,2.0128560499131027,-2.344035061501936,1.812082183636782,-1.543005298894132,-2.1285513276264223,-1.6472069829347236,-1.7417883161309842,2.3659170247581223,2.4236375674954456,1.9248136310013573,1.9166975352770113,-0.7994088352542491,1.2586070361983115,2.384442298514608,-2.7262387541558217,-1.2010313687170837,-1.92137578978417,0.7854277605515247,2.566935405452668,-1.670519408841224,0.355456559264815,3.518761752127701,2.2550032920151977,2.2874290046212624,3.391138670376784,0.7099369993508085,-2.0248682156289384,2.3176082556533197,2.2952967674683045,2.4814432330572966,3.4940811091547666,3.4793680806242504
-0.14314458767644989,1.358911380036504,1.2593836913191863,2.780046108869321,-0.8273137716132313,0.944348713440173,-0.5844323660981805,-1.9168301012831117,2.710906884402257,0.554126199746904,3.069393191987614,1.721758303220177,-0.8120927669925586,-0.14817188221027933,0.2575733999077787,-1.844408729550648,1.2125271782175435,-1.5849808208812135,-2.539520214358624,-0.790236556370469,-1.402280128814402,-0.2065315968909438,1.7295724511202537,1.4319505610147427,1.1840875346342603,-0.7096668844293119,0.6047194846590777,-0.16065292990900848,-0.509512009411023,1.400044239003383,-0.6333137630480351,-3.9897750407356583,-0.6666871794364211,-0.5202252121972799,-3.989446172566687,0.5740927232029744,-1.2933767148593507,-0.31127808501986576,-1.7925491117256047,-3.4570624232692477,-4.123889786324901,-1.3706838685279088,1.3565607454479442,-1.7533922822711987,2.7291178299711154,-1.5315483294680616
2.2267983005703975,4.378766401723741,1.9202597032883886,4.291262671812193,2.592888581114658,3.575233479802779,-3.7163705636233164,-2.07603787720024,4.376247793053159,1.1061426456479948,5.229123458224055,1.7511466931262625,1.05951259867085,-4.172478833300094,4.163208766576241,-2.593072398278645,1.567851258608143,-1.1674185999812525,-1.2199790555636596,-2.060353924190308,-2.2947014753694064,2.900966498265203,2.0973269286770977,2.6363111322995696,1.7669039271452778,0.7135430404072638,3.1877844284459704,2.703037517360305,-2.9371754099343876,-2.3425707659405486,-1.6727879442243376,1.4892497830620646,1.6410878614780415,-1.9011805343046875,0.5864525348465726,2.7488670499762637,1.7961946186667226,1.878231706189403,0.7031060996728391,1.8693700492477994,-0.9433987581018219,0.4898519651039306,1.075572989700799,1.6976338270239477,7.03359079888993,2.3259927947818677
1.197022518320578,1.8800799261553325,1.7478775777307118,2.455960471287987,0.3565242631348011,2.1374205720048245,-1.001037708468007,-2.4424465482922857,2.15433474487234,0.7432323259786008,3.332629268852941,2.306918319749219,-1.2613887548503329,-0.5840882639344482,1.7878569437940757,-3.2646134639561075,2.301896190377042,-1.8715198587820394,-0.7454789525556094,-4.037812444536408,-2.3322452333782855,1.744635156390453,1.5719816404309443,1.8361258176485231,1.4325349459545382,-2.176725999063167,0.6215572920146263,1.842378192516538,-2.8046744624868887,-0.00468303899884015,-1.3965913325912214,-3.4871688432517187,2.46571867928067,-1.0467119542532488,-3.9044524277622736,2.9558648132271905,2.6418453670554434,2.436608064952809,2.2171359765594065,-2.943124601734606,-3.9205414908398506,1.682757485368735,2.0876629718832005,2.7258067813938647,3.6804176348361577,3.50503071730319
1.0410819668618816,0.13596636927881267,1.3867991974068232,1.7086572958305595,-0.5768093774549541,0.7552863170112838,0.027685088293293525,-2.5382134211352056,0.6877817657007925,1.2621356847261764,1.934875899593969,1.6758893003544284,-1.4391840226140513,-0.28242848875183024,0.14688788372843908,-2.0781568961127257,1.618162208430554,-1.6229992051745694,-2.5553062150428776,-2.1414548903281863,-1.5410128110448202,1.8073213420033405,2.115815540826645,1.5085228005254652,1.8658337485285892,-2.6697125742059455,-0.38278005608020105,1.8421525052434389,-1.8844339369178742,0.98217702034639,-2.149675925488158,3.3964708846853497,1.475152308918962,-1.7506431278075556,3.806763447914033,1.9373969966146816,1.1509420712322542,1.7474615700508478,0.5886709221968119,3.3401826126819927,-0.10891865458965544,0.48872936658165034,1.8574545409360241,0.8403155772271368,-0.5934943664755652,1.4800869200238909
0.26332144431110827,1.9189248054122507,0.8192712783528213,-0.6284934349622455,1.0050624355433668,2.702932878847138,-2.0765540411150183,-1.4992777519501068,-0.6547204273511689,0.8144016601202474,0.48122071829587854,-1.738695003649313,0.11995378947403257,-2.282143855889186,2.141918994574559,-0.8348679312639239,1.1107474541539988,-0.18708319909127424,-1.3821102748497178,-2.3931122569345913,-0.5892198312248986,-0.9194294770200258,1.6830540260241769,-0.6742098736652109,0.6335493087638597,-0.07983979273462949,2.460199334196739,-1.0553969895657291,-0.24427797021618503,-2.290635608579256,0.4063968917375278,3.9479490350831794,-0.6218726774775463,0.32328074455048683,4.096483248298711,0.8296679887357314,-0.7879869020609468,-0.2515840067245061,-1.3848930354187516,4.22006039014286,-1.3965872302390756,-1.1577650166326712,1.8763418379526364,-1.716729147725533,3.9083994554579,-0.2586236454572737
-0.18795512197724684,-0.0853546097905169,1.7752560033965707,-0.8462492196086395,-0.5383375568581708,0.15999855684596676,-0.5286049687830513,-3.177356612053579,-0.06947876436869516,2.1187065831393093,0.45481096412945443,0.6665493875858496,-1.8827478560513229,-0.37603786635286474,1.3952685047859854,-2.2967828641534727,1.6425739021279284,-2.841419137153208,-3.222987616284465,-1.767464415882389,-0.30210051860489173,-0.4274822140927461,0.5754278817625731,2.1340282063733413,1.929340574947153,-2.243148003471729,0.25390902116003566,-0.3300160120149809,-0.19744779165456938,0.5011774211095721,-0.2319509561111155,-0.3003380241199938,-0.9554369882580684,-0.2044061882724728,0.40264611803796924,0.39575266233984907,-0.8979052790140091,-0.2359524652333178,-0.1551461809800334,-0.7218228595952565,-2.4947543230554743,-0.28804230033915146,3.713429541470336,-0.6932762975438347,-0.7415908671979974,0.7150018290813913
0.7545730540418979,2.671619778824722,2.337138897563876,1.1010103504427278,-0.9392491430993465,2.5386042842719325,-1.5981219468124932,-3.5667698761524145,1.7134960654830147,2.4054984041030893,1.4778160425732896,2.8175553893151974,-2.0282062703005357,-1.3608404568507777,1.1493441851896735,-2.2496195130620538,2.601415128064152,-2.883771425188737,-3.5120047906785583,-2.712851278906944,-1.193613639804104,-0.5968264430323647,2.3000138366581977,3.3347144220043505,2.9452664685122185,-3.2348794538147665,1.1349767456132127,0.20798353999569197,-0.7935508730315726,-0.3796319732589203,0.5582992633510384,1.1066669184913107,0.1504573727463645,0.12473698937208022,1.277265411064525,1.333102123277693,-0.540805570831273,0.7444276670215279,-0.37263855560758397,0.26563085158402977,-1.3160105631582977,0.38697845581922863,1.3055471344812002,-0.09153155656219847,4.011112641462876,0.003211544902737007
2.2327601098120144,2.669037404656277,1.4061187709307592,2.450325996510645,-0.7289173357883505,3.0403606252554516,-2.29206367676919,-1.3527131694313077,4.21472731674641,1.0661005111538149,3.18672161904981,-1.275737461700894,-1.9234420634790015,-1.7349390030133889,2.3200124736595384,-1.7754063102223396,1.887646240916631,-0.8639026314780759,-1.7034452089434073,-2.3349020978766744,-2.7737407412710264,4.289408135670844,-0.320896702142216,2.1391732963591386,1.0982502136555239,-2.279038705830331,1.975313456251857,4.12989739172738,-3.129456833399847,-1.062159311354459,-3.174737038072439,1.5973447698886798,1.8608699495359469,-3.763996927100256,0.52208626407264,3.0156622584556505,1.618847439658495,2.601206269937599,1.889250433616233,1.596479108386448,-0.9077579403543746,1.331017329469484,2.359035584582231,0.8389024113893718,4.835696392244751,1.8014649283051483
1.6428484837679718,1.5070943188391008,0.4376232060462758,2.0827550606330156,-1.3515696652239986,1.9223141364699228,-0.14209529588682157,-1.0990435145421373,1.705692840061154,-0.08009932751384297,3.480647871323562,0.6058248145186423,-2.639667698490187,-0.9926550222632485,0.19266082281203634,-2.120215055310764,1.5203083317934643,-1.1980928305398606,-1.8084805120619811,-0.5727212472279029,-2.1021766643773256,2.7035687641153423,0.5490854717773465,-0.48784292182627875,0.573562898982286,-3.7634324782573954,-0.28468437584297335,2.5183351405657057,-2.1028179320875897,0.2658421559228279,-2.0315418019163336,4.632621352551197,0.9851679841752073,-2.2298567258017328,3.932225780577145,2.400136436368432,0.661188523465819,1.378430873098756,1.2816379049930735,4.846517858561192,0.18478723756409154,0.5229382063817357,2.5689850133093337,-0.3116347927203782,1.4016977511320072,0.05960726878377409
1.3702472002762116,1.2908353690306964,0.8281773162299999,2.0178658801873985,2.10401061517057,0.402452321167436,-0.2758848574604018,-0.502607378957525,1.029214758315807,-0.5618907684185475,2.366007470710862,1.4227230478048034,0.5107779708242417,-0.4763506227039962,-0.9852259736092315,-1.1521988031198962,-0.13026554546135083,-0.4004709772967623,-3.0513278811843216,0.4676971348923793,-1.458585926599882,3.2110504927583032,-0.24860494766111452,-0.3139613172303293,0.3282501486090553,-0.060071027082214457,-0.1610071203779586,2.785230630769801,-2.5693709241624596,0.33051320987826815,-2.7094209696289235,1.9255323129143682,2.1174420205083857,-2.836638414597778,1.5510570503811496,2.379390689934547,1.4532314731417277,1.7551725295365732,1.8750935052958366,2.4030884594519506,-1.9363980232584488,1.8964288800283584,1.2707278205178432,1.3306014069285519,3.3207439514744346,1.839347326389855
1.781583626886008,2.542833189855229,0.12711420487860625,3.1676454445259914,0.3996177426211296,2.2324286638949045,-3.3051647836384133,0.15780115780548076,2.0402595782461437,-0.7159083672468993,4.426983937874072,0.20326461663566264,-0.5948586772640011,-3.21398797662858,3.433341020444533,-1.223587666110663,1.5654024991438549,-0.9859626980156889,-0.35181334742682924,-0.09276363325104331,-2.1998835138552697,4.525703840029673,1.1555473308630435,-1.091553130710986,-0.09454342881388955,-1.2512059186961255,2.918131243047373,3.7669480535950166,-3.7278387057283693,-0.8397372311943313,-3.816480320835894,0.7380472345580676,1.5419915936434656,-3.8003984835581854,-0.9698748500039336,2.015059242702898,2.067361292264693,2.2982492903101317,1.6669840802973699,0.19041241620445826,-2.5134652055729925,1.3303994543523847,2.162649149528393,1.757624163698495,4.004249383554326,3.2408085058711977
0.08039584728498128,1.5500191341443512,0.31829157404233976,-0.3004022791248804,0.5280002357896789,1.098030411940022,-0.4107318859644291,0.8896651102517046,-0.5365451449274747,0.6412900548097407,0.3079496764235481,1.2351496964910536,-0.8731175284441848,-0.5697888729079971,-0.48164442657999396,-1.5112078945120861,-1.8659383336180984,0.11570166623510647,-0.7032575115862076,-0.1158570718746621,-0.14790223482212328,0.7535988575280719,-0.0824585329662193,0.07736711229774684,1.0002596423677084,-1.7085690936603501,-0.3630687241410655,0.7977489393633943,0.04281366709871448,0.6274312036072358,-0.541810926421002,4.985538532980939,-0.5218402444025547,-0.4962040013425518,4.507674195121964,1.2767459681572482,-1.1988168622924618,0.8867835545080544,-1.3506220084148388,5.122155769508889,0.2714129612180105,-0.8521154531762363,2.371191038325528,-1.8797486460665018,5.373582770561361,-0.916611453777211
1.1725163683690702,0.37998930832671207,1.0525810223571306,0.5724708045134878,-0.7028923183201564,0.9047139665724836,-0.5928622809893043,-1.554128173973104,1.604717997045429,0.7589448492922192,0.04386195205004917,1.273378471092908,-1.3143348439268001,-0.6015424139055294,0.33211304018651844,-2.098164968378938,2.623384959148353,-1.5103830972670766,-1.635535532763108,-1.9602441059675655,-1.2550381388892977,1.5996383776874934,1.7407636207826644,0.6702086836105784,0.7644533344003339,-1.8864513747673652,0.3355939433673416,1.3646718549290533,-0.39470424603323306,-0.001467100593398829,-1.0811052182506056,-0.21228853212349375,-0.3121006533303905,-1.0038125835455776,-0.4891804575708134,-0.12370326778120999,-0.15024972084325328,-0.08393305327925882,-0.8418917888957038,0.6158500817122237,-1.085645209451239,-0.37536622113433293,1.6941327499259868,-0.18726523307394105,-0.13153458720979216,0.707187146423113
0.9417731029638539,2.3197839815372014,1.0087067436330233,1.5654912400551124,-0.6189409678132088,2.198728194352283,-2.0290621576362406,-1.1340621421117412,4.391495072252196,0.34537743098300583,2.821465912424615,3.312696067532494,-2.6956518981301762,-3.0589198091350833,2.8437943912285917,-1.8173310747412883,0.4214802932295816,-1.797376418332028,-1.6600307674981343,-1.7255588549599734,-1.5417945552010273,1.536973503035468,0.936702981174651,2.3568397210253447,1.0066560546815593,-4.011263948320412,1.8245557339928584,1.170537443450378,-1.6737023554470418,0.5303224233535544,-1.2324211637888092,-1.1127769826008216,0.9480250100452975,-0.9210405359272935,-1.4104259304232143,1.9658238844039349,0.9947601315385751,0.881961922005057,1.6058204143216044,-0.3825445358166373,-2.8696923102343748,1.323972404097695,1.9271187621817902,2.003177110441616,4.496872822228106,2.8065768150689565
0.6725436098183307,1.5864933070655713,-0.08477028031605571,1.1573443887891557,-0.15090173191137513,2.509267436024022,-1.29236588074661,-0.4177010939390735,0.5037987026897937,-0.031173160961759483,1.7388642303067985,1.461795134778906,-2.0368449987805746,-1.7632419733442248,1.4433835526605319,-1.23051503357697,0.1770487917337542,0.2960861653964848,-0.4695952962186096,-1.1339284536533083,-1.0979134502199552,0.8860662624012621,1.2427744427195697,-1.0901044185558233,-0.5648141687245738,-3.346237805996757,1.2081572264983296,1.0135546395204422,-0.5575009378703957,-0.6036319378415781,-0.8381417683664131,1.6659444742224794,-0.6638036933967504,-1.2688215445591329,1.2114827511652806,0.21932342936527593,-0.6868103352840792,-0.0010677179663511893,-0.7968461285399173,1.7702835180286782,-1.3628764979331418,-0.7829778041847768,2.089721613316608,0.46286838977454675,1.7071866081617133,1.0118192884144865
2.6673179165663203,1.3380755110759612,2.0223437381688187,2.76546312337921,-0.21550968985956243,1.5448955943048266,-1.4891966828589467,-2.542722880088227,3.4765318501027123,1.1073481925195776,3.8508123119906656,3.126616420596008,-1.3763260070305225,-1.541089500334854,1.6836004602799104,-2.869899961619823,2.919149007213651,-2.841056436008485,-1.1087144047817301,-2.0096125713181667,-3.2620437169139183,3.15628979037011,3.3168719323902347,2.5884309702464217,1.5156743466181197,-2.1998838253040778,1.4063539679903436,3.0979520858954355,-1.8199132802796825,-0.25336165544469624,-2.1128538625416753,3.8630174704772653,1.2558058761656878,-1.6416466495063706,3.7377292671146503,2.6242055239880333,1.4325529335609823,1.5869973980674226,0.9664419797059198,3.6439283401777494,-1.1641373800759873,1.5116864528391232,0.950988083834749,2.005171907929683,2.006501021189206,2.603343686506581
2.5862263474212055,2.4778245396483154,2.2553662845084617,2.4588799846367824,-0.5883408958635797,2.4349754673371384,-2.2221111646468854,-2.494247789986253,2.8638068697260226,1.553393012728508,3.2959631994759673,3.0347770600739796,-1.3391035788739893,-2.2101763170456383,1.6172793449687406,-1.678538089573886,2.968257805581938,-3.6671100686008002,-0.8832471692321787,-2.847058614878313,-2.9554627378925016,2.9065735416772904,3.274773936101614,3.5105796628464594,1.3888343103196432,-2.398804171413002,1.7927370479170817,2.9335155561923365,-3.333258868675495,-0.29887532184938714,-1.3396854492418897,4.997434851849305,2.8741208297536955,-1.4441041914821604,4.885668880763071,4.0805928690454225,3.3833141176875596,2.6114676448914476,3.1982093015899027,4.8992801844799425,-0.5380405715750489,3.017959584588764,1.7670976011352735,2.363747806607095,3.909858224387138,2.880456413070569
0.9219127999345275,-0.06216001289914441,2.4750925370657795,1.4204870465436976,-0.6422927921663418,0.9511385264122255,1.20279444362327,-1.9866234717663822,0.7011297233485141,3.003436419706949,4.269564318668324,2.1627161493334133,-1.6889379393004864,0.7873456346608283,-0.9207441065687176,-1.8632164263715207,1.2709599567153804,-3.1476247069564334,-1.1903492865631993,-2.76169710315858,-1.902909646767249,1.3983522589101036,0.7244212232283459,2.760019703152668,2.2491578588191494,-2.60126921338923,-0.658991162085576,1.6403398408979282,-2.3217898445298606,0.036612622960433217,-1.0027945657959179,0.9234962281470679,2.2419072673634277,-1.1514968613565153,1.0423646064952636,3.3534224693766297,1.810403740090435,2.0463035589449765,2.6928704508487726,-0.03518365561976,-1.2165504714670479,2.055577968050554,1.8387230385822084,2.119183833488651,-0.2669447550942663,2.06826080572705
0.17580369432915943,2.5857610742206836,2.6012351614420313,1.5471483034155007,1.8361386609282255,1.973639024087631,-1.7692158167241774,-3.4359656599983905,3.0864113062723053,2.610532657534792,1.0680507182731944,-1.5394906723850263,0.04241817697773809,-2.0920312862536017,1.9216693638774491,-3.6399292950233093,3.8110099348592197,-2.0582663418651252,-1.0488435876082878,-3.5419193857603455,-1.3022228864055903,-1.1803428677606185,3.376868003765703,3.8891017568754416,2.512444584438249,-0.7810510600081775,1.6149897988265969,-1.069208932336007,-0.3387355470868474,-0.5418597121952726,0.31812573127985244,1.329512123434887,-0.41629101285849934,0.784168211930365,1.9253659400757739,-0.20446551969381144,-0.7051486361768288,0.8230384063494769,-1.063663716618058,1.1991310123241878,-1.810241271038728,0.06292510212800695,1.7435413459354097,-0.320630492676949,4.776857108014584,0.5613732707916873
-0.0020470715016174257,2.583692605113948,1.5876521668113133,0.34561866480987957,0.6254177477438118,2.3740717914137326,-0.8450084794500746,-1.5370874679398734,3.4891332695067407,0.8514320718688215,2.5501148164105785,1.0553992532666217,-0.562712322022867,-0.23756613498504175,1.3490360522780942,-2.5176284682107015,1.670325460148642,-1.8316006983477184,-1.365181131227398,-2.9258788463068632,-0.7307019792953547,-0.03109981395864958,1.622082910338325,2.375620160423764,1.5164697713538922,-1.3487155229160637,1.7301583194122894,0.1924192476368105,-1.6129016194615018,-1.0931344800876874,-0.16730183530974663,2.424182758337643,1.0033346443042963,-0.04064622343791502,2.0713230259283284,2.214899971716389,1.1046048541316238,1.722577861159641,1.451290133010964,1.8564570295676504,-0.6063163397427591,0.7337841687088609,2.0321938026765403,0.8913728276840931,3.3116254714183917,1.5276682458683624
2.287855273252866,2.2775599673401508,-0.30378382079764443,3.0846248994188072,-2.3758811408586866,2.069367372341995,-0.856084895403327,1.446455817298224,2.5598187965632935,-1.0549850322622234,3.0267553378662946,-0.5334122798179022,-2.9511091182960714,-1.011301300330007,1.350175463252952,-0.24337240462368426,-1.5348136562355377,0.2978097359567242,-0.18472919506959462,0.2629901623214588,-1.9241875565898081,7.127407832042296,-1.6424712248986837,-1.1893451964199058,-0.947294837800537,-4.099649462035128,1.1384215997373859,6.769384110064385,-5.171644599118242,-0.7606608548010676,-4.457531496294763,4.856132242253606,5.05079160922462,-4.569587636571038,2.708274326564629,5.656509298023927,4.633186026953909,4.744580753894856,5.750482599741545,5.483241746480358,-0.3280458543734639,4.5047747850625335,3.2415661591404845,4.249042156413147,4.485255140709287,4.724342194833487
1.1613250957334826,1.5833165206504662,1.4147468038382647,1.218934331909697,0.4308894291379074,1.3379117855860714,-1.0275025632639745,-2.2852020506185,0.38609847211580006,0.7088093736014844,2.0338121952320494,2.542847227304573,0.03742338976429238,-0.9085086393991995,0.6407412634682232,-2.4406773749464783,1.7707378838915968,-0.8390319900861165,-2.511958313221086,-1.8129832961087775,-2.2501550365881786,1.7752471003031216,2.4294077893986374,2.026304999662892,1.2160972817715126,-0.05129841426195103,0.36937353224859093,1.3139018452581146,-1.954098092898615,0.1692003839731795,-1.9997634297937084,-0.06589224941397509,1.4937935557724111,-2.2773265479541327,-0.4110813430304465,2.217317783162137,1.0940271325807134,1.7449744467057189,2.537827665700756,0.8757773145739507,-2.5776043152733568,1.3695733202150715,2.8110656271850476,1.9866548981091998,3.9235973096615644,2.4280070280941053
1.753037879565971,2.4121030206941865,1.0287395112745665,1.1667793931759334,-0.1898157440650982,0.9134159475964897,-2.2091770892391898,-1.119658785166423,1.848510707423314,0.530274593803441,1.896290626853564,1.3953057048103925,-1.2494754786405453,-2.6833996193677585,2.8429150332900432,-1.6086423347551044,0.5010137784567021,-1.4738083680572276,-0.8967199612239526,-1.2887064660763532,-1.944528896987681,2.683893347844011,0.500601426200506,1.7440949693238754,0.8280680232064366,-1.9219825726205186,3.1059367655841355,2.3991938415438487,-2.2345509647437076,-1.1530051005337398,-1.5532862812591872,-0.7441043627234076,1.6167622163344122,-1.7962745443020758,-1.3338142795178876,2.705217572328348,0.38431093689030005,2.6312993501691824,2.592847952049584,0.20008304409298083,-4.192495780530678,1.9700497004652928,3.4322917942896014,-0.02464332760927823,6.1266742213787335,-0.5467060835998028
1.403350571247676,2.4548751285613823,2.4406195422499835,1.799089445091353,1.2009923496649013,2.086809194728217,-1.4537782704568492,-3.1185552554213576,1.9391284630305674,2.0977525001175046,2.024505982384371,3.1324530736149074,-1.1688363653886034,-1.7466915495030049,2.147310016154159,-3.262227299915171,3.320740155216773,-2.343517089680315,-1.0703050113100523,-1.7763491729095398,-1.8438799904762158,1.6525657438828447,1.7454424577238563,2.4375476704285566,2.324047425967588,-2.5179162695765727,0.9405404286382206,1.5533945345473754,-1.3823213460478307,-1.0304842835995922,-2.0635946307807878,1.3411062314872777,0.4805316264535392,-1.8090446976891845,0.972323095668624,0.6751555431919616,-0.1413988574013102,1.2842819803989898,0.7055330468370056,1.3888854770385788,-0.19112690726105952,0.40082488242452696,0.46511037632975083,-0.4469419560198056,3.3076079239349796,0.17859785711586107
2.610719577669833,1.9334934160801303,1.2392829880761567,3.8598673798719356,1.8197226821295813,1.8014095622252286,-1.493657198019604,-1.1528876069974476,4.568293863617395,0.27028885324731333,3.135957034478404,0.9581892573919532,0.040357574177111166,-0.9888014401729873,1.297318891156863,-3.2529645084515817,0.21709847479529876,-1.7796344989789115,-1.7030790800065339,-1.2861368722280777,-2.899942911917848,3.748535253726055,1.3837235557875776,1.1933234097728598,0.7132932575382436,-0.2601236692126163,1.3774046871499745,3.2626548569716265,-3.1045723395614075,-0.29520607528740606,-2.2719605699254917,1.2298167330913363,2.170290666514864,-2.255048392459788,0.9503564473202206,2.6110185303244835,2.742304063916317,2.48248463024324,1.5610834281508965,0.8331755666054529,-0.7058267250864356,1.419793969079603,1.5348602187459073,2.519774856668898,1.7430191785535882,3.879593913964203
1.4217372976785572,0.7847974704513261,2.036826980983474,-0.05328067661100366,-0.5351322900907869,0.4284740977362109,-1.0773681613801651,-1.5009075462741968,0.4639723639469706,2.283428684002022,2.07986021268436,1.973687233372943,-1.033216811337949,-1.3588037576353267,1.1259177418590856,-0.2717505549332875,0.5892023949645795,-1.7025793890281418,-1.6949322220799568,-2.168154617362145,-1.7006462459571703,1.8559593745962664,1.3821417707818082,3.1326106688100674,2.312615697362712,-1.3760246927403104,1.0336046234410046,2.127067888768458,-1.9944549560283966,-1.0026268438393602,-0.862115320862211,-0.31157566462794284,1.190761057116794,-0.6836571849041869,-0.4216970321065503,2.273954507020891,0.1496125743125386,1.5301772354193863,1.0785820612249377,-0.49919870702282565,-2.464364651247977,1.7966625956808455,2.180255211532849,0.2266593459503845,1.543455759808241,0.9643117421100389
0.6978365749421159,3.426766022599974,2.3067797941475865,0.04719502864654701,-0.1684686405410728,2.3419754768532313,-2.4630719065407733,-1.838090953529149,1.713158441754089,1.5578627686286173,2.1164141243871786,0.24596341403714028,-1.5115371627771572,-2.4284101757953716,3.3275325163549008,-2.560163149096039,2.180886281966473,-0.6641648158719375,-1.6759388160658735,-2.4375913969694647,-1.032318513400043,0.6826651715395688,1.4870537131565773,2.84339027069176,1.5632453041997212,-1.9824047062101517,1.866693197636474,0.8380425707315804,-1.882799698541852,-0.41016556491413053,-0.6797172560499244,0.84721598267347,1.1050082204582756,-0.3582870957426161,0.7324908536746211,2.609725238079463,2.6046280460092626,1.381100178041166,1.7945743788110007,1.8165429774539699,-2.5930598797838185,1.6886123263910533,2.990389518606828,1.0968229030887786,6.7644282573336465,1.5970069293076612
1.2736081795374998,0.9100435967052578,1.0975443932837616,2.2443448300216433,1.2104608127647878,1.5507918994368262,-0.5065293935904492,-2.374756894138657,3.017313625500127,0.4534418133692264,3.7181035852684032,-1.8337967191604998,-0.0348890662078325,-0.7460722390146485,0.9142736594339536,-3.020035712814265,1.6364833603159321,-2.336823293999069,-0.3443463099154864,-3.0593521653745537,-1.8247617598259032,1.5283119569363341,3.0755352843234895,2.041256791911236,0.6840188712028009,-0.49104465211173,0.15934670625725444,1.9618829897325172,-1.6700720531721216,0.45837514895819864,-0.3304692410407466,-0.5405444202408172,0.9866888840596959,-0.3694112966584857,-0.5741916777697449,1.4473762651499618,0.20321654521181898,1.547538226538139,-0.9228995912607838,-0.7006594391946697,-2.2722115166875128,-0.18322273599433903,-1.6399676700855157,0.14301469961759194,2.0591115959368285,1.1205740744426391
1.9908381298573334,4.467753825014276,2.046041091047158,3.146014095486927,2.6662764817727007,4.606293438673235,-3.462810037110515,-0.8478986874205138,3.7360410295143596,1.5428365219626814,4.407646194342316,0.562426926981204,-0.4409445754593396,-3.3469734113982934,4.724882402575482,-1.9009603429381665,0.6321325012741714,-1.0858303822134876,-1.0187118319952009,-2.1562973403117036,-2.0001347982351887,4.405858104395058,0.2508037356607562,1.1786551908615475,2.019253826298497,-1.5795850513272036,4.428271312377442,3.578268920522848,-3.8009816945227146,-3.491409291720946,-2.74163794799082,0.5144439372276177,2.782311916221469,-2.6367144550919335,-0.32602801643072876,4.147230552620869,2.7861691978532517,2.5242790462327083,3.0162313307581714,0.5613330117493658,-3.174224238586266,2.490460575512928,2.2152401704888693,2.6427118141614376,7.92726616177346,3.8755517615809976
0.3072925837733337,0.3351389625422774,0.07253862513038745,0.529388221221529,-1.8665794049375783,0.6437738774148629,-0.9635266150266908,-0.8393760956868594,0.36162200411376233,-0.27442603550294553,1.3963346563883139,-0.24692789377228497,-3.8484510253928197,-1.1765126338702265,0.5710717816860573,-2.103074626956243,1.4848519535432565,-0.2528234610816711,-2.645118942050883,-0.7952472257266986,-1.2448792574603316,0.42951502374249295,-0.22014993269030247,-1.0803563284889497,-0.19575832267062077,-4.229878457627203,0.21741893445092342,0.7310678072526369,0.05017266544991417,-1.1360252798829036,-1.1855704019575972,1.586810623818013,-0.9707599127881896,-0.8424163591874482,1.1233145193530232,0.20509192419404898,-1.268577666559564,-0.44986662917479614,-1.197157147199244,1.5417779911098395,-0.47052337193675275,-0.8480211771206754,2.549373765409082,-1.321186548214487,-0.5929259452043807,-0.41955374450340366
0.14581673343717116,1.6957914528567242,0.4642464252975006,-1.3296958035979776,-0.46590276318293433,0.5377170371965116,-1.7828809824250034,0.023143603010133074,1.8604928286920372,0.47149183841980125,-0.6002063040741814,4.542069899648136,-0.9008793599139564,-2.3450384029845246,2.4418413741581806,-0.4644350953146483,-0.8165535554608039,0.04747977933013403,-1.2895572182015462,-0.7710649300669178,-0.5491279617026301,-0.09706630400136795,-0.7914638304524133,-0.4352167651102674,-0.0955700610580339,-1.2373474343423727,1.1471609985741889,0.18497561150589714,0.2045086169707313,-0.5155852901581583,-0.49295535605728436,0.7899561313006604,-0.8094410141329227,-0.5133800874387733,0.5690361942488729,-1.1932013358123106,-1.5510105972319645,-0.21869158649062692,-1.2915275711538292,0.6231268825716476,-1.7257509461439193,-0.9837558235608679,0.8926212905890311,-2.0868804169776682,1.703857197577553,-2.0306313957836983
1.8370155536617203,3.649006467335698,0.11733228796587647,2.33984687577911,-0.701101352644343,3.449823591859154,-3.0422117942341953,0.7285462177870032,2.654654909798852,-0.3710088921256649,3.324416070097984,3.34348172280036,-1.533194770505268,-2.8884207889881233,2.562271268604261,-0.9364731540594544,-0.6701871621189122,0.0767201601165004,-2.2741130919788737,-0.7149681097282485,-1.9075651072018363,5.302362749202021,-0.7394064245657557,0.5552980008657191,0.724402818614271,-2.5585574886988196,3.1215297643409583,4.7281987864933335,-3.3345196615504165,-2.6729793925779806,-3.7872792897851344,6.499095799605794,1.929391720103347,-3.8603647869670668,5.163140215913369,2.624269031771111,1.635817324274782,2.1892360170803955,1.1469687886912623,6.942132042815623,0.16205984103150617,0.8519833378956205,1.0996252718892117,1.466710676771344,6.482859879139191,1.9489125964636975
0.33991297924449904,0.39094752269459554,2.799251790459171,-0.2559350505300442,-1.7085868865850453,0.6762558979581725,-0.12512902582139196,-1.7373558653564891,1.2069930214854026,2.0539306569810094,2.5270589012187843,-0.6109360921720761,-2.4029123695246253,-0.20680217082869867,1.2228900757021002,-0.9392580525805275,1.3320608880159903,-1.4210075238439703,-2.135128968047621,-2.0791614400315974,-0.003652662345765556,0.6723118229160627,0.0356362953924656,3.552501912835387,2.223589385755858,-2.736680162738806,0.01291484164783352,0.7876145818223677,-1.622551811329689,0.669476091646156,-0.801335931789653,0.9204102017555628,1.354195640037511,-0.9766693421166366,1.793227365971899,1.3730140468918186,1.1832548002057428,2.123054645987486,2.4321334089072346,1.1572928903588884,-1.4477737932199575,1.6983778148907,3.029108028487635,0.733296309862822,1.7279041635947676,1.1706108725250082
2.436415458354083,1.8976567534549234,1.4871495839954165,2.1665385196695652,1.3517548866790028,2.7846456978441556,-0.550854551226889,-1.9250647579523803,1.1231808378874328,0.7146022252057258,3.1393798504111334,2.8388375650523807,0.3137992824937883,-0.398692650353875,0.8828198383786879,-2.4790773411079217,1.4050170456929751,-1.0799742929078695,-2.190782364386843,-1.7235794857097646,-2.6400324785615066,2.9103638584562335,2.184367841571174,0.18116285045333402,2.0018806612334963,-0.49071520926363776,0.4387440509746945,3.213887111459038,-3.2363356740552955,0.25223339080354634,-1.012790490295432,3.3548600803930118,2.635682226803033,-0.5034777181548425,3.2004343900202636,3.5461164938259335,3.1758319541104822,2.7096188671507773,3.206347693381659,3.2096175129471205,-0.9958121548407174,2.2141640214085014,0.7526279033601051,2.962636689183161,4.501869436349239,3.4384228648613258
0.6953990836052041,2.740943149012201,0.6610840154168521,1.8440284113709642,1.801680558046471,1.6978527924280171,-2.225231387468433,-0.20489735393170228,2.400802550268973,-0.49827404644586015,2.5449789475999194,1.2726000598587053,1.4731069764086282,-2.2069452499863216,2.8658073703941014,-1.25587399936458,1.235927638084174,-0.43211669085615045,-2.163850259240536,-0.7970649600185329,-1.7155191286838203,2.7204300496875145,0.14266034386164206,0.4359029047827261,0.0658688808307637,1.0509342726598963,2.016665735962702,2.604149694316614,-2.722419619231349,-1.4861140608361931,-0.8832879486820289,5.282159493131871,1.538433879120137,-1.0180130549473576,4.697556358109419,2.716490427641655,0.7196987521084439,1.3403515731578823,2.7427937335697825,4.6215175663745764,0.6013516519180173,1.9904915040371947,0.6818274088129543,0.18830486440799077,3.168155902112805,0.628954109433325
0.22231885664211548,2.6875002748886914,1.3403523139079507,1.2423061696500786,-0.27714306406719597,3.226643910103955,-2.3139742819957516,-1.0407010790092142,1.773406536881829,0.5943830970102236,2.3602117992597003,0.5716855962373968,-1.2262422957533718,-2.4630602195285065,2.6849298093619196,-1.2612693536689867,1.4278217336146812,-0.9050210942242658,-3.0105857646790755,-0.7773271332544209,-1.1061501995644307,-0.11969580426491344,0.2506257439162971,1.3498506969182447,0.4330234104841354,-1.777553682355862,2.080708285645487,0.29903484860734464,-0.9524380455473791,-0.3542249574684434,-1.1007828399811994,3.5083821896918472,-0.13196196313670927,-1.035595152904852,3.6657256958840083,0.6257481624255294,-0.1003145772146169,0.6459912318829347,-0.5536639867521,3.427019715572615,-2.817046104984458,0.15627222238266736,3.273556985290144,0.9880259092992237,3.8273994626226244,1.5649328630203128
0.8999949668486937,3.5692759020597054,3.121583292864961,-0.3653242314509153,1.0438906437333346,2.892019846632438,-2.750344326230144,-3.504926892148838,0.7818564505267795,3.7650604582031413,-0.37482264006938504,2.5771687235917504,-0.4271841338389559,-2.847582324202143,3.931660407399982,-1.8450233787797186,2.5612441545957063,-2.0061036941979205,-1.523278447405215,-2.8465675307220852,-1.1233601522277032,-0.259930556701232,3.1013642398495502,4.144446493188536,3.2563326241995387,-1.3665159009491676,3.7096418777987323,-0.3910442979788116,-0.927683858254823,-3.146380247608894,-0.15852314404768086,2.711604365942909,-0.23004537571865513,0.3035020474446941,3.250331748284567,0.5843505690646367,-0.43913308255152106,0.1361907972505656,-0.1512883259359039,1.8016524630139354,-0.6636808043015222,0.9867349310383694,3.8147611750699815,-0.07873734110420816,5.410130746979911,0.23322623878084503
1.0004764232869285,3.5097072720861817,0.8366384021070811,-0.08150717723740875,2.397065195094243,3.2272965339454984,-1.929644037511693,-0.14035218741641642,0.4762402315110168,0.22954885972848094,0.5095094168479735,-0.6864861714995787,0.43154984409450736,-1.581928670810532,2.36930532192658,-0.7157613909385261,0.573275524700006,-1.6286807487410733,-0.3430619504135868,-1.380400341984956,-0.9093310206784826,1.6048603619016582,1.4451996198118817,0.04677552557845632,0.3381276755119156,-0.7782752884571931,1.5208052028096446,1.427924097989668,-1.6055577169247581,-1.2057010183711832,-0.7173473153498174,2.850489054786182,1.227694954048095,-0.20425056249017182,2.679529516540871,2.5088087291231096,0.18468452551198788,1.4851281419004765,1.970742358638633,3.214947788282455,-0.329113179641384,1.77474937085332,0.5660226246548408,0.2900046217638677,5.690694187849248,0.7668086687454336
0.5534532037158891,1.8412465529807909,2.7936121162285095,2.061340404427415,0.38307217380782693,1.5795377213246924,-0.5194119118352151,-1.9061244713132117,1.564125400068946,2.0821363967814,2.978399176798874,3.38204873919862,-0.6219879841732892,-0.18203239927318737,0.6359897438188515,-2.9904938804019157,2.0287230757101855,-2.047606148327554,-2.0108733262713887,-1.4621221659093624,-0.7626871471152867,0.8018658345018346,2.1199892389415966,4.65433182117612,2.89940065296875,-1.4911671027115656,0.9937287147354941,1.3878747639066114,-2.9303350121762577,-0.40911907377168716,-1.8997478439823443,1.5131063282719195,1.8370147943181496,-2.0144325241908763,1.362129366765349,2.5580583189918022,0.9294292783074974,1.901973949578387,1.1821944557435127,2.490595516029636,-0.13218458627107288,0.9675994046808092,2.707709343332095,0.8226206128104256,3.5978454356133063,1.3956250010414544
0.8413978247137306,2.7492367622675515,1.565380189620428,0.4024577032768131,0.09230591002024467,2.452727713966123,-1.3788995447565635,-2.5692591309260875,1.8579450205214816,2.080489108044978,0.6809474917301588,0.09396347210851896,-0.7819595842721808,-0.978947604507385,2.352765048117189,-3.4947377215323687,2.2975774221168157,-1.9262457821698322,-1.9975600587402575,-2.0361309180673683,-1.239295669743876,0.41770005511659414,1.8811873270343482,1.3484508425441062,1.981125828135046,-1.1294950520871794,1.9032461744982063,0.8106176674596579,-0.26334821221791493,-1.7212753646351606,-1.3213977096199216,0.04751422624155088,-0.2049759065098724,-1.258264778160022,-0.264188695623752,0.9661130486937783,-0.17524817156508832,0.5199548165937855,-1.3129461076818376,-0.5091439002007168,-2.0691835621567325,-0.5547152321282334,3.566256815359882,0.21990813778932716,5.0078103799810325,1.4290193133561993
0.5229987545359439,1.486387375168636,1.1225367431843287,1.4474528666037472,-0.1720567196065751,1.406133123797001,-0.4552162788319123,-0.2484738222405567,0.6230299948295928,0.7464791358844743,3.096926805217609,1.7198761502543634,-2.0960655226079754,-0.6695534703833673,0.291224963886056,-1.2699914326096247,0.2816538554646377,-1.3079435683412919,-0.19324716548568577,-0.4048060949774952,-1.3484565817757332,0.5342904988860318,0.17082844977540446,1.2128286806821522,0.5868546047242288,-3.753808762719525,-0.10404702872374538,1.1227634697881979,-1.4837338718798412,0.27283926478555287,-1.0737211561375528,-0.8741728417665253,0.8092286913714289,-0.9614995053930845,-0.8973050763474797,1.924960087586493,-0.40398496392795236,1.5814933672223506,0.6834984353933546,0.3186067921230942,-3.402360861473581,0.6914671031685141,4.933413339332336,-0.4983897762103351,3.064138407012763,0.010775849083191957
0.6189803275046698,1.9056476600046492,1.1978577403288986,0.7595549170135901,0.716950244205504,1.6149344745180776,-1.7935162340066046,-1.5193065433815165,0.23370209999275593,1.6851779601773105,2.10319971897827,0.7451599676997507,-1.4832844345368252,-2.3707687198402816,2.7223698043090385,-1.324910869078969,1.5899790481076896,-1.6677428027672787,-0.748173960044837,-1.0664008412235666,-1.331024777242673,1.0920094904281514,2.5664513020451385,1.0386867169912086,1.2497991799793349,-2.3014050275440887,2.2164108656285206,1.6842669931515402,-1.8169653819376266,-1.0506059300385397,-0.41397307807900496,-0.5663573417667906,0.7449689442512897,0.24457186233901385,-0.8592133965340762,0.8531485776955001,0.8955765308387322,1.047408251819121,0.0576428130461506,-0.0554254164325807,-1.8107722146347716,0.3826415990301766,2.0269820794246383,0.35067392908447487,4.081004520377964,0.9521327894285299
1.9365625697393196,2.4448745873569675,2.245524002759298,2.3914408373953098,0.30558068417477624,3.1016733815730735,-1.0169156456298376,-2.2862720282160724,3.228506456987878,1.9683183047086381,2.6169586064580534,1.8722312277410538,-0.8138414783370483,-0.4084101105575877,1.7323686244134904,-1.3274183279163556,2.0834229356178238,-1.9632821001148923,-1.619022232886616,-2.6774939966105014,-2.462332966099759,2.228110502882829,4.332470816140889,3.357930816377934,1.6776785573380315,-1.7927931491650257,0.7204270564476482,1.7727810779044382,-2.0142056725256063,-0.5814156755023867,-1.5649947927077437,-0.046824958958946894,1.5285286466852785,-1.9241343978380363,-0.10124519433104928,3.133220568307185,1.2074876763935625,2.3609352516269944,0.8124677257589413,1.2101233383477294,-2.4999149192307546,0.9652761087135628,2.1913015493496926,0.7400428602692612,5.578234793925744,1.4952034644780763
0.6066016822333922,2.967100160252487,1.6458637092999844,0.660821070019129,-0.30554896051171043,2.697535559593917,-1.5051573291057856,-2.7928426683451226,0.6994700321046368,1.6183913424453165,0.9173189907966275,2.655137543189718,-1.6195733162762707,-1.2096385070330595,1.7357237732977928,-2.5745767417282943,2.227392478223745,-1.9193588160770756,-1.4904782071513496,-2.164722699441177,-1.41871004971705,-1.3847084457173962,3.5606796966417025,3.3827168923087405,1.8749767133648172,-2.360706594865666,1.6158497795960112,-0.7977916835355543,-0.2708655352209812,-1.2497334744993709,1.1233425921113078,1.849888949407316,-0.13692187446082582,1.4415274497951729,1.8305808395808087,1.850513920983313,-0.6226321264469504,0.6914876342170623,0.6592051409090315,2.13557559023406,-1.9431075440648133,0.369798892837811,4.204740300003351,-0.4243399348256185,4.183872576530742,0.006284062858080919
1.3397262034307815,2.5789509488287052,0.5494680400239292,2.438507535711954,1.5026175349101454,2.6214202656660297,-1.1776060489941866,0.11395737174049447,2.5936609998158486,0.0027316194775858227,4.153531716572816,1.1882848355444358,-0.09552288075802362,-1.7358248701742172,1.8354267127420618,-0.9399928735923422,-0.5952364846686353,0.5584175306700514,-1.8173540179737921,-1.374392652433022,-2.0125778664451746,2.2624278951329115,-1.152699537998037,0.12279822918460992,0.42162087584716723,-0.7665430051318864,1.548747449573654,2.292950115520046,-3.3057925068411294,-0.746454489208619,-1.0612734893448077,-0.43310054836457823,2.273667400001819,-1.4625628845774574,-1.4146044050256863,3.38756931282295,1.2064122011040523,2.3663354892627506,1.7747771748829,0.401811627286365,-2.0397052022686886,1.7652683773179296,2.380894097084754,1.5209522605624675,5.09108661335601,2.2396276932615162
1.909451902307091,2.7989468100635335,0.44621553393346514,2.4706480217177393,-0.2114411538788606,2.74842306068552,-1.5704063664444696,-0.6316758917912851,3.6175108785763426,-1.1322917063150042,1.723725695831488,2.065453221893428,-1.4842096206734234,-1.3654808553377311,1.8530878548671523,-1.9839846482694745,-0.5883845129235727,-0.5174903214555656,-2.9898119993697714,-0.4449939543230026,-1.8061954505469235,3.27488299816505,1.512936804510371,1.210067762731256,-0.6411548238649944,-2.321582294179137,1.042587239403161,3.0875435621257794,-2.331076703443868,-1.7073651004651125,-2.4464894631112966,-1.5606791756260818,2.213334502639361,-1.9086334968846683,-2.8034519450140003,4.209651355597643,1.9383779892007849,2.2884805001746384,2.5152685191283872,-0.47492915700315197,-5.1743274299919575,2.3061651503493152,2.3293377091401752,1.2529245897585184,4.1051410554123375,1.9687399459079336
2.754236679082072,1.97601036545075,2.364969996890979,1.582493127290716,0.44536304960207673,2.0511425238660825,-2.4464615702621613,-2.886548475352148,1.0044604333170095,2.626896160223192,2.9692865380358464,3.886949630038047,-0.7379246698312019,-2.496099329308473,2.6029273247173093,-3.2088869668222086,3.0041756420445207,-3.4287747551622916,-2.973041281738089,-2.9321126935521757,-2.8063553859532644,3.9650657142094987,2.677587002769579,2.802553871366814,2.6280783723198025,-0.924044202942958,2.0870868121947477,3.520379826029389,-2.173963987660521,-1.6607333496545778,-3.127498149935393,5.207768702970798,0.45303291325554196,-3.473509796590627,4.965119109314113,1.9845590710893033,0.18045998071353664,0.7796562830981629,0.46341121661093565,5.593652807426522,-0.542027314904999,0.20835528309885099,2.403488534496307,0.34306374859762023,2.6478760521545524,0.989888490974898
1.3171240076985877,1.3078536384039539,1.0122831838148638,0.4003758997009734,1.0656302629850818,1.798790380251651,-1.6353313386351036,-0.9735514620996607,0.2539216718069137,0.8321298630789082,2.0204653747781944,1.9276501244143438,-0.11744378119722287,-1.8332290026287235,1.4728481902776098,-2.361002782362572,-0.07467216690408685,-0.7869333709613758,-0.6434596142968362,-1.9738822317074005,-1.3475169500882573,2.9404938359439226,-0.04312325555395535,1.615525650648793,0.9556393806511844,-0.5850570776767956,1.6569335467022004,2.842190841515404,-2.5742631745954867,-2.2122880132330534,-1.6462426687809166,1.2079699592589992,1.5719606589682948,-1.679835413017877,0.8740060123417641,3.1822189517965316,1.6576144930273553,2.3369366249795407,2.864357635230583,2.1738296106949107,-2.7847040808853873,2.212435767369751,2.2488684147157567,1.6787316772002656,2.915460874686602,2.289457378082623
1.6216250465231479,1.9098813249589144,0.957678157268149,2.7401905760121172,0.8578567213218777,1.5981033202846198,-0.9683838323405738,-1.6482331605528353,2.4244832999140176,0.860011071434476,2.3070799945212013,-1.7071025722098374,-0.24652044437585685,-1.9100629573511354,1.2098708316438485,-1.2649730235419234,1.047106831882626,-1.4914008964163727,0.059297107544468375,-0.6603424069944797,-2.294080512587237,2.2211105547439174,1.1133338724838988,1.4863189005580983,0.7212791926469091,-0.5140522752919408,1.4012142957313074,2.124490790621135,-1.6822907356819734,-0.7927660653331782,-1.1011501759998357,0.8213760542821966,1.275539704230807,-0.6310451262502236,-0.36000483616833456,2.4114202307863564,1.5408963045090276,1.738098273337924,1.4430086744709651,2.3505226225923153,-2.8472693248972645,1.34185730465166,1.3616668010412205,0.9925614941840611,4.044961315422577,1.738163701226311
1.1184890356144082,2.314141287814,1.2419504928670477,0.08007711599721068,0.7312533213370099,1.7501111267950733,-1.6153269430059007,-1.0385037026114818,0.30925410767718153,0.5829943886699026,1.5757474868345027,0.2829294253096677,-0.03261094067644432,-2.0821855372920997,2.1707672633590493,-2.733535157123402,0.4986240746106728,0.17986796516178494,-2.22449767621304,-1.4986777211050641,-0.974392215628371,1.5724570159300302,1.0268346410096691,1.315279078406051,1.0957138705977354,-0.7578181186208673,2.0123178671809328,1.6669475884428442,-0.5946730736973544,-2.0532888401378084,-1.5910797022608165,0.7891048955253467,-0.23453731210057005,-1.055710560915794,0.6170649516099966,0.5605005583497698,-0.7004146538258677,0.7071070696578401,-0.10501970515747261,1.8007437847008414,-1.3814427894845664,0.39857541981949973,2.90427803255265,-0.892046575014928,3.8785463819564905,-0.02114669479020348
1.1166608709035057,3.651296184516884,2.3858037108296264,0.6432763142738797,2.259841359926953,2.882261152044731,-2.2524339709957206,-2.6124440709937895,0.7731116933242206,2.5067089990970297,1.3908614450210146,1.4487697133982738,0.15424213467558734,-2.309598686172686,3.1394877818250846,-2.6424881068851525,1.2220306762395396,-2.116221059137705,-0.9591514722039631,-2.56008149709683,-1.7161442104589897,0.8689167154518753,2.3986485134086912,3.653638618662576,3.024459411065595,-0.38360639058149903,2.081005347900851,0.8281781270756008,-1.999335575300249,-0.9985930358904476,-1.0783655966128491,0.3780195888642748,-0.08616034760471125,-0.9297988543303166,0.2844431810019612,1.2395436796670822,-0.26631199658595783,-0.16846916009437862,-0.282760811694305,0.4259801822612612,-1.3260597374856222,-0.36004803415499476,1.5089091313071077,-0.04258613935262234,5.274296849024398,0.19910639991540835
1.645544950960991,1.9528443182149817,2.256656527107409,3.2093318449040273,0.6053837017223783,1.0385111992754776,-1.5983863394676745,-2.3853565511548003,4.462293170134659,1.6445063743020296,2.837935782571293,0.5782790499522681,0.01334746335353132,-1.4062969745757408,2.017899864941424,-1.8269641514702328,0.9938555074746527,-3.055946288292043,-3.3322543441179904,-1.9457861103086178,-1.9168852979401674,2.5770218993574097,1.681556748048806,2.7146671293380047,1.7973688770966247,-1.0678573918646375,1.5312767154951967,2.057306999197245,-2.9851945329183343,-0.09772660211989426,-1.5607033623845794,0.6744127555118931,1.8839469902830184,-1.3226959379921694,0.4702471263677528,3.396163744483763,1.1319896987011706,2.2536259362974063,1.0336136525611932,0.9608662358752129,-3.488454176836342,1.3667443776043309,1.6506291033373497,1.5818482338902822,2.188757400617098,2.9608920722600987
0.9228297457101986,2.4800163881778956,1.8432901520146907,-1.163686607825921,1.1520004309396943,2.3889286342660627,-2.565679130552361,-0.652611839974505,0.20164258982863226,2.454847759309392,1.6712105844654745,0.027457599873006222,-0.5869032213123375,-2.7452764833158287,3.241803323026841,-0.8880463465616605,1.1766281150034776,-0.43336740360501436,-2.030375604643473,-1.1000630237185456,-1.1349788447939289,1.3636800616964788,1.388039936391333,2.909704950264122,2.5218632296356835,-1.6537698901315998,2.2788665925044267,1.3434092514230642,-1.274549944499749,-0.7410897256064609,-0.9288374883114554,2.3245048530510317,0.31742704764071195,-0.5711598765121103,2.4720116722278407,1.1552090564854338,1.4600308549383465,0.7744138965009248,0.47348991553452147,1.5343777296721952,-1.3362878929561501,0.47036809474128005,2.563489868639564,1.2051632524951024,2.3436989966789845,1.4770083856680152
1.7564951621188036,0.7498168611374632,1.464586344366965,1.298649390321427,-2.4079284132406666,0.9990084943793858,-0.13475992247356916,-2.0368327667980584,2.1755607806825696,1.182785111124849,3.2456558501621307,0.42957436305931185,-2.9753524384767633,-0.35376763968034264,0.6761636375603985,-3.67313620546574,3.903602290838487,-1.9871939985215472,-0.9569968302866618,-2.5594451200369868,-2.183793293820691,3.3528310474109446,1.5466959578001498,2.181798317110803,1.5241555927961468,-3.3265124378030375,-0.5082971619051202,3.351281119521377,-3.0931636278578294,1.5132641316842832,-1.8470530292917164,1.7790855979978497,3.4662278516088882,-2.3276471063886213,1.3832256137964638,4.2669209150485905,3.267804227453693,3.185809384189937,4.72296404108766,0.9686903076007728,0.052030154770118076,4.392965871940234,2.4626326750202727,3.278602459601981,0.7141592224915634,4.226729053474843
1.8567645222251272,2.9355061728429552,1.918163148925432,2.7168201147683018,0.4469481516625376,3.178933493542378,-0.9295834147656331,-3.4868728532061986,3.9601752689969585,1.6073131798117317,3.2003842221413765,0.5792180753535175,0.23094099273814517,-1.5968789584383138,1.1748469474762846,-2.1644957446004067,2.38001702197094,-2.460976332657763,-2.798877801522267,-2.1637918269815897,-2.60250542392441,0.744300370188407,2.7388326983875717,3.4696251754079883,2.35176861079118,0.12422857850598179,0.6116341258882174,1.095971245553329,-0.6837233533149192,-0.2537454761704606,-0.4977017925184486,0.8269978524824124,0.7009413142984207,-0.5385094130940993,0.25920750879320553,1.7342043721708085,0.01333854469550988,1.5048185595921082,0.6154527176520808,0.8324907627047178,-2.511173447302432,0.4534004278401407,2.9941760811701634,0.2528561169028607,5.09943948570358,0.7286470220098858
0.80408888945325,3.6297198486867703,0.808435185416299,0.6416688644597407,-0.7135565723076851,2.9440286691693345,-2.143758783779007,-2.7694428976354217,2.634092429434372,0.3632988016198426,1.654558331590812,2.1324540180246205,-1.3253703327775308,-2.09966553127984,2.319312272809853,-2.1129296231978274,2.302797370861378,-1.302490202338105,-1.5250135761190062,-1.6591057115777907,-1.268676740358318,-0.19631948286209466,2.8748179839222816,1.7926626678554891,1.2979118556520786,-1.8014493558041789,2.6231464978885204,-0.10585542646330315,-1.9191310971396536,-1.7552840045873592,0.041415018897269285,0.5670389455950684,0.2603458295616182,-0.375788271959141,-0.2504584431241095,1.7194182575943957,1.2932991792717747,0.9863074640752512,0.3466989151177322,2.094863079179011,-1.1114766329731436,0.6524394435028824,3.548787729315758,1.03472261079177,7.575635289466892,1.2217628153422377
1.9662782812684723,1.4930933044496446,1.9545155620837056,3.054278470171592,-1.0355321438659177,1.811360851521278,-0.28431914338950537,-2.6143249746906285,2.5087519068643545,1.3611000898167398,2.3598064576261217,1.3278710269092988,-2.40107637971289,0.20798303283240394,0.47569307897298674,-2.9961489575705946,2.1855896257591376,-3.5038885778445237,-1.0840367121854269,-3.565379468312079,-2.607839746268849,3.0945143489647857,1.817954499275018,3.0574657510514065,2.1693880007177464,-3.1785320479248,0.4820264580140864,2.4967640918129854,-3.6491751715345293,-0.19225954088984587,-2.3047214463973793,0.3909953574580718,3.3027443991398666,-2.236807482452063,0.2266776948446294,5.268389499772378,2.7290865838957634,3.1694182599131526,2.669316123018543,0.402797879918779,-3.239467910130179,2.5151127509653994,1.432307635893927,3.430301195214427,3.6444050227761013,3.341729491031362
0.5763423723769202,3.4948321354837244,1.9859578180735062,-0.0652857098361852,1.6345656311712493,3.312958937900148,-2.9144349988892593,-2.1195266744731294,1.9594949709681397,2.8676732720640006,2.702693091670592,3.932333766052632,1.3087217377323515,-2.849525584997932,3.1591715019106577,-1.4766344870255677,1.7055238689229175,-1.789951408309602,-0.30791811539618585,-2.590391333827301,-0.8259374608141912,0.5518854351348572,2.971994868222036,3.511005654011105,1.7059767431159323,0.8321472237043248,3.037794742450715,0.596942057516294,-0.6253848013248704,-2.5395074402446367,-0.42707677882649353,1.8707999483610056,-0.2743830573167536,-0.0060166887410357806,1.6092233753938125,1.3824072629530457,0.16731104601353297,0.8015470199245162,0.9947623839181123,1.925300356816901,-3.158361773011021,0.8295877059253063,2.3122175647674887,0.8834514969990866,5.093055074692059,1.8850679819101348
1.8463106121907025,0.528364690900049,1.9941624750445546,1.810550275364665,0.2219621526882709,1.1619555228019016,0.2653984816005115,-1.3312843862427877,2.6398998787736025,1.408299054421521,1.763005478563034,0.5342531984416656,-0.5062526706944719,0.35263547494355585,-1.025881493413192,-2.5472311988377516,1.3097154466453642,-0.038758629358468966,-2.2981851562526203,-2.0343568299449,-1.6788588618394775,3.174425847388082,1.087291844742266,2.7915124814509475,0.6282285308541549,-0.3550822190566636,-0.7828505470775715,2.641142250798733,-2.8129160523768983,0.7099587212053249,-1.5706887440341455,-0.846525627124689,2.6569699016103785,-1.2167863354940138,-0.8557736662968984,3.4146533408964093,2.2904874522359036,2.1676493310335156,2.8022680839385137,-0.43641664324637097,-1.420820497900065,2.2266968980579867,3.0450859831645474,1.9763480706264913,1.0746728848941478,2.5379942621921403
1.5661473882952461,-0.20749125073146457,0.858885657982046,2.361116827749963,-0.21705530561399994,-0.4943537117758783,-0.0017290056500165463,-0.4460088206215198,2.090575095650193,-0.2492440479778828,3.193224732617618,1.9065363737515009,-2.30259315937605,-0.028472184351778562,-0.07967834149102737,-0.7455057830306495,0.16864621635476085,-0.17884547411400842,0.09099806332657812,-1.8512651279370482,-1.759051993772307,2.952210139829631,1.1108930295679391,1.2998940494173956,0.5555689362512352,-3.449162248731289,-0.46358679253787405,2.6478198616728776,-2.693488240436388,0.2624072835534472,-2.6722064205059004,1.5672600315218959,2.2160350768512265,-2.4469121962679874,1.328192583481787,2.8113486368414495,1.684838797022374,2.504415335634194,1.9566120792748665,1.8565309773756866,-0.05047907934308293,1.4538114473679353,0.8647412428563976,0.9810887996835922,1.407635859769016,2.301335654116244
1.4028826672338048,3.036861070395625,2.113038537587771,3.5178887490428337,0.39689146910809897,3.4300754006320764,-2.6067128588217057,-2.644600710051029,3.437111075223152,1.5872792582603419,2.003972394085648,1.2440108100814076,-1.500736734683926,-2.8347042054472067,2.7035018254751075,-2.077172689025379,2.6710337574435012,-3.7818638640395017,-1.6478275880535356,-3.8071010190808057,-2.20688636437714,1.420314918259784,1.3372472842026906,3.380999787371822,2.4397020963907776,-2.1913086684485803,2.53106126096677,1.3200776011599489,-2.6712656345013857,-1.3804199589328667,-0.7611942818263453,-0.8312449612429986,1.5481866513401026,-0.6969310947370467,-1.4749370486309685,2.251870050387267,1.849591076952351,2.11027998089335,0.8207014858849777,-1.493992702585757,-1.541383037936285,0.9324467672915153,3.226575924434966,1.79288962022484,4.26101539184101,2.390055512533622
0.7221818879242329,1.3868917308603366,1.3232871885844486,2.8688605564984435,1.4903916497583944,1.7642954444542576,-0.6470994859110593,0.849386815656787,3.014244915810554,1.1166589501483912,4.077001679842326,1.8993952905521287,0.6898024415014365,-0.10287640182372182,0.41131080839599443,-0.5717496244838709,0.3421886761593592,-0.10755002771537403,-0.9003060842639516,-1.2834406192712924,-1.114361022009105,2.7025227502378897,-0.610300021940793,1.695155243203265,0.41653111690046285,-0.5553058266582478,0.6105830422287043,2.81872859541106,-2.1590008175278044,-0.3217409153689963,-1.3900202290795611,1.5058458411687479,2.366407737747654,-1.045200717423934,0.9200443312184448,4.268021210920958,1.3808389953176312,1.9668441404313928,2.6738650782013638,1.3323374709111606,-1.607924446989576,2.2891765795218566,1.7120348001842076,1.6535885854781243,3.214857995677302,2.4456121296541795
0.2515680725968734,2.6901550076647096,2.5615736907915294,0.16432464915987777,-0.23323925829129033,2.4176892482680055,-3.43163473609349,-1.6478654935693948,1.6111611973379056,2.2426044496253006,2.14032984561861,5.5041491234605076,-1.7040999997792932,-3.969241304958225,3.9295540101345114,-1.7273606071038923,0.9601604185392529,-1.8021366832815175,-2.8645448634207913,-1.699223095392026,-0.6998298244309129,0.7038416403144458,-0.1150458042132072,3.362601761150006,1.871418969547563,-2.011695559748854,3.5397839884591873,1.2308768435242654,-1.9904272396659868,-1.6787964958305341,-0.6917865055695502,1.0934430525992092,1.5635544503146683,-0.19325160730514424,0.9369245177214012,3.185140625696918,1.0535996691112464,1.7737517897866475,1.5223420112847244,1.9558141500947208,0.3486956577494911,1.4178440756496584,4.087708333066584,0.5030073013601697,4.5773100377023574,1.1435746396893849
1.6009951645804896,2.2671306227800057,1.0372839029820475,1.1685299115838939,0.9437718256428552,1.8536810926137095,-0.8369651466786521,-0.7272748694166101,1.692940675938989,0.49889706170012643,2.690406907496031,3.7413762164015028,-0.029218617681937786,-0.8290829979438555,0.9995467548794214,-1.2709464347759427,1.353770207766569,-0.13565022863654086,-2.3589704618223566,-1.4231874755910714,-1.2318872826795402,1.7624425960626715,0.9518171931544948,1.7558696094274318,0.6800164713583797,-1.130726900081001,1.0514175818730385,1.732624623797294,-2.5914225116518086,-0.2244513117056267,-1.8443521933160265,4.0073426088250645,1.7375648192684325,-1.8406547401483546,3.3209353627474707,3.631368989765877,2.5019310171342877,1.83619049579478,1.742616736097921,4.251933539378718,-0.4319513812948699,1.7253591178375225,2.520616494859752,1.3191260792795765,5.059071882941778,2.3370835640747214
1.9533777573309625,1.3362233442422586,2.1662255126277348,3.5679549033493205,2.3043132414754326,1.721613929208115,-0.7327539019388315,-3.547052314877365,2.370315341905844,1.0662428404178024,4.088207181168444,-0.12894254545074313,1.6314259919227743,-1.2259028016433442,0.7740033168701268,-4.034202437152366,3.257208836788745,-3.450173012636202,-0.6888848086967949,-2.8142745551125308,-2.6080971265447532,2.995533926689985,2.3511173851786342,2.7442103081002633,2.1053816489347876,1.440794167652233,0.5223739461562741,2.37940765755035,-2.9472874022981115,-0.2916659463204998,-3.0922291580422767,2.9285581018242617,3.0341529264184075,-3.3224390567588733,2.556004516459721,4.733651926366795,2.765041781316359,2.413341297962651,3.6496218150861415,3.9941262431165114,0.1543228142375932,3.0701038648720576,1.8376045823587552,2.2173303976299805,3.7572530854550212,2.0306942688274745
0.7493294430629632,1.6784074754133775,1.1617467076771717,1.4197927378663027,1.9932567837156232,1.2828530735042456,-1.3939023904237726,-1.9289475442170543,2.4038447582301607,0.38342611269987703,4.514042291850191,0.03247372803377435,0.7424891215593439,-1.3874849329769576,1.5901183311144587,-1.7520403528946389,1.2719545196843587,-1.0364498349121805,-2.9211425076001025,-2.9392318647916835,-1.4776609678420893,0.13934220775025308,1.0117119808278114,0.12187433578287465,0.7288926016308068,-0.3299963977349707,1.5778630028780662,0.674566965211,-0.14123337766107458,-1.2679827108217343,-0.6565799465307098,0.4281069585622028,-0.5685684680753229,-0.10584059875578866,0.08378094705216854,0.25924342107194787,-0.6855299209317053,0.24169798971032086,-1.5967500713235288,0.6176364413326656,-2.433149012246085,-1.2812875287770273,0.6513487745955386,-0.05771103413684109,3.0658560535721224,0.9547004870931598
0.9885519969590673,-0.19566375669984426,3.2616695999817304,0.012622112523604345,0.44221217729994755,0.21887600844026434,-0.36292897118776035,-3.826083793586653,1.0752760121010665,3.497922465203378,0.6630009413369742,0.04574601836414294,-0.28950939488938954,-0.803085155902656,-0.4743185140595674,-2.7656500236283974,3.6518898202469456,-3.5912180772351827,-1.3835206111607516,-2.970483889738482,-1.6362341342503655,0.4732761548961151,4.128019135113574,4.947630707361906,2.917681672391962,-0.5559532197851149,-0.08290673277019156,0.12449309402411424,-1.796015407326164,0.002689799037769003,-0.6078537673206849,-0.2790114394304102,1.3431140976666982,-0.821916632758757,0.8244257654830642,1.8919962691235859,1.2674818870621387,1.776405009678859,2.175778112430031,0.7555591522291285,-3.7355410405863196,1.5119514821690667,3.4637178224258314,0.5176344875419662,0.4065627419740583,1.0796813921536632
1.022428109550935,3.3663428188780826,1.4365187438379863,2.37860107699298,0.29668202663081855,2.9243503932965718,-1.9421058322856963,-2.776445116729092,3.6109771481346735,1.0255102714324205,2.30484174161994,3.225950354108574,-0.9922564009001693,-1.9951213411324769,2.230763032726201,-2.784135898726237,3.2352022801281857,-2.4765209161115456,-1.5829968532918919,-2.505134865173175,-2.0291012729255633,1.4658249366505471,3.2065034059686406,2.6619127549610324,1.6587579034770736,-1.4332450700843438,1.2036425298898492,1.9724982328831449,-2.256536978876952,-0.9339226652501392,-1.3192602303860474,1.6478112486777878,1.3301538141414329,-1.5963688710453734,0.9050795178820759,1.862696066646857,1.0201123534211358,1.9676218999761064,0.4135886859470116,2.146355544931508,-1.7590526214157947,0.654583327776912,1.284722608778314,0.6140208352878282,4.3084460474727715,1.927947524756059
0.645947421348152,2.6445218483185666,0.7300068273926927,0.9728525935264128,0.18629661111705376,2.0448548815882694,-2.2075267662460734,-0.8932723144027401,1.8052836445289502,0.8421876202915682,3.3903786718011846,1.7189741422402818,-2.1537257604822257,-2.3754213871351384,2.5929328101246085,-1.0971504817486033,1.7072912396598816,-0.7702584082474261,-1.0321239256083423,-1.5642414552681696,-0.9136395511314566,2.008145434796552,-0.09295528514424234,-0.9464796176211501,0.6273380903104171,-3.778867675539368,1.7243153505808788,1.5575073256905192,-1.4211973822784718,-1.1744645532474927,-2.8013144317615883,1.6186447833111097,0.5178308868871628,-2.6125450394463634,0.8249724515246539,0.8871507721105949,0.1623900379160309,1.2007987869915133,0.2862881706496677,1.477008407266228,-0.697293785436957,0.5612156088207125,2.625288656583384,0.4188609150158183,4.697531676009317,1.587519327672813
1.358044811705612,3.7235564640557763,1.717298184324022,1.8944573657502346,0.169820113657962,2.682263284267247,-2.926526408195244,-1.9569479225185449,2.249769891455409,1.3884506431660562,2.918517842228859,1.6100925516873996,-0.6313176306778768,-2.861062367324876,4.088766660548256,-1.6606297960382426,2.31028456751067,-0.16159584875787347,-2.6554907209680327,-1.8824908253628618,-2.0974698182396767,1.4720443007135409,0.6218642507523321,2.3929619152426866,0.7792639180578131,-0.9310195214411747,2.7393453646349397,1.505626628364731,-2.1462327462735757,-1.9082517294854249,-1.499807587595529,4.316470649307677,0.867069391119272,-1.6191870560145047,3.8810327894908294,1.8184995579519447,0.9112798984673987,0.9426799707746143,1.5747191884832787,5.01186314172378,-1.4311670297042893,0.9548043979266072,1.1711775302778573,1.5365316353425915,6.069884509680935,2.582155012130624
0.8739045336623419,1.6066893257498174,1.7734525654217137,1.3735543389200122,1.7398499587266891,1.0889223178287515,-2.238256477826854,-2.0470224445480865,1.5951717359142,1.3215940703036653,2.833760610724396,2.857437935106675,-0.28182313338814347,-2.1292792490352404,2.1809268469571768,-2.291227849654359,1.5950552036465555,-1.50389210361511,-1.130651328684094,-1.6786641828662459,-1.2071216086368968,0.9529767813404706,0.5330017805957585,2.1739209072572927,0.9180376151392543,-0.8281482339654594,1.9547656253956425,1.6680815823060995,-1.2285508347370386,-0.9297055361686585,-0.22213989504616327,-1.4287160599562536,0.054690538786243525,-0.06270371166695954,-1.6540460123817684,0.6354247137758826,0.5107155107815424,0.6442243879897454,-0.2466133802750612,-1.1989206171972533,-2.313896829162494,-0.04462067171918327,2.27742929435633,0.7450433197656517,1.7216943127416149,1.1448460096288091
1.4791579447581606,1.9291801849284562,0.5491088455626797,2.7904264683067512,1.0514767523130324,2.0132364479880964,-2.6999167614067483,-1.797953207232057,3.4228915481427897,-0.1922021427521512,2.874736493432004,0.25038692404385854,-0.6199082966003238,-2.235537324267512,3.3297690680794325,-1.958588006592111,3.145842960314778,-2.4953082809011873,-1.558645877371246,-1.9915339742658453,-2.300263769093459,2.9427955122193246,1.5810840249020095,-0.02958733497154542,1.2219065980634067,-1.4939841818326123,3.118183265935272,2.836393429377656,-2.5310200010065973,-2.387557551484375,-2.899083344406396,3.0567341949597617,1.2227238670448306,-3.5523196683719216,2.000895747375207,1.718525403820433,1.464251258925834,1.192787252590073,1.167657677297102,3.5954043478660638,0.505832627149345,1.0090805633379398,1.8780373157417896,2.2689940091817666,2.693865606834928,2.402181646395286
1.659095176682058,1.2865092409888295,1.3983837728699393,1.2501708714282271,0.5174738072954816,1.162695265722121,-1.724011491564314,-0.743431388113046,2.9197865718841505,1.1572781606252827,-0.11665266441748345,1.6166356055641316,-0.464501272417824,-2.018830699574339,2.481469203917999,-1.4096512842092488,-0.2791793197758048,-1.1749995819919512,-1.1602683090487784,-2.013474532211149,-1.353562727422657,3.571854199443468,-0.011539254140561228,1.4918951439926005,1.099547183751946,-0.7356923470667295,1.8223371148086867,3.705357625793215,-3.122914431926181,-0.6630516343075179,-2.361774514247115,3.2035906301095975,2.387457223793219,-2.6044429334554304,2.3964059145968215,4.625318922688219,1.5852969301192066,2.0324767933198378,2.4022032905904673,3.9149927810055667,-1.2814029438916639,2.5368292869633997,1.5611273967362047,1.3718108710175256,2.61500117110369,1.4884595386387538
0.9849294222515315,1.5266766415872992,0.14606833269184527,1.134651873100574,-0.22548732636185015,1.4752636806079409,-1.9281715834275193,0.48757047106024953,1.1749820208347774,0.2080794983937947,1.73669085847426,3.1241021728613796,-1.2264191799417425,-1.3141462675010052,1.9612909502556817,0.12825848256845607,1.0151634330399584,-0.5767255287342687,-0.9064443016225828,-0.9200105925944517,-0.9507407028912036,1.9477204908685808,-0.5614679362045525,0.11282684703307844,0.15673469782440774,-1.3892473875105804,1.6830756031685865,1.4487446337108443,-1.3842586129182053,-0.5130072142078836,-1.8422602952246951,2.9736145749815153,0.1942902478768287,-1.8905998490241966,1.8385242990657145,0.41000008512013775,-0.87391872458505,0.48121297601067625,-0.5029233033307481,3.055899448237795,-0.782227493464282,-0.0696553276001064,2.4667498308102935,0.758844626432687,2.075657804257018,0.7035060103327927
2.6713892037043956,1.9298924745023562,0.5084665155057596,2.726618081565828,0.9883737041002391,1.12154404155664,-1.2907514258345878,-0.9530547527254425,3.1257278482177995,-0.37021836847012013,3.290903176652543,1.393456894546655,-0.2671836491682237,-1.2303222477351103,1.686471584546851,-1.9818578167337186,0.17111654642025798,-0.37138197891279034,-1.3541783351426115,-1.3908310772837797,-2.0647698651077597,4.438711282186544,0.1425091010336006,0.0898887982579315,0.807928982299301,-0.4336646493048757,1.6424276433986105,3.4841779384429588,-3.3323579514741337,-1.4540167015772414,-3.621359180126875,-0.17826910516979733,2.5738278411239723,-3.6468569129236306,-1.2249634612071725,3.553353109389148,2.9657319685633903,2.7193802906336613,3.098713659830012,0.4266404738679419,-1.4940650904975055,2.3340592744931685,-1.5970206781589218,3.182222379333528,4.481392498556383,3.6334456904878523
3.480190403071073,2.3047304579840815,1.3035218199984222,3.031568050055919,-0.9044531683595888,1.313275500711181,-1.8890434047538267,-2.6826809547945403,4.022783758927297,-0.23278719649633262,2.8161629970127717,3.009687880931822,-2.7235253690132555,-1.4477620414104904,1.777691335898951,-3.062364273544679,1.7792367652507866,-1.6301052052021632,-1.4949365606997158,-1.6588593164093406,-2.829691006064598,4.961921438841691,0.7495039715014253,1.2475036020199153,0.44728884404373104,-4.705094612053156,1.6860917540889702,4.327135458977828,-3.028152743991689,-0.7209081146633984,-3.321779432413838,3.358249092691854,1.8547900353097937,-3.2362700279721732,2.7490093836955944,3.1543463524139543,2.038639480265372,2.0173022508936023,2.270613007305935,3.561674642582793,-0.37600554613498827,2.034157216541585,0.9507615490297767,1.2210333849796875,4.360941342960922,1.7437556675211228
0.24492961484024045,2.0771093345925076,-0.16636553632242324,-0.11912390459541133,0.3631586154665375,2.1209398770193086,-1.0548162719526508,0.22978881495140646,1.8033761360968341,0.1786107748278557,1.4186152278826305,0.6518371150252124,-1.0994565465835324,-1.1795980476488255,1.8795804452200282,-0.3699541258437491,0.8574884097438307,0.20906330119371153,-1.7997327060860586,-0.37906909511981857,-0.49262015979132445,0.7674461012243143,-0.35035091963372156,-0.13797972584453277,0.47849589176848983,-1.7399050062882402,0.7212391534223141,1.1414332509239664,-0.22946836021668537,-1.5482972066277996,-1.356566888107473,1.619562619826524,0.17913110762500561,-1.8789604660877086,0.9586058490148729,1.667192108374925,0.7939566596712938,0.42047372733397737,-0.3522122075138774,2.1503297834954815,-1.517918716226544,0.06566897511015601,1.8409224921289826,0.6011063038571794,3.7043531243206385,1.5955508029852403
2.518664480264376,2.3689381384580566,1.3340295869621217,2.366964061470354,0.26493832590870026,2.3982322757241046,-2.0021913835310183,-1.26731409368579,0.42792965229403834,0.5531907198431455,2.0564509549156873,2.5781687306419316,-1.350596849190813,-1.9919653969700777,2.8776282318435884,-1.4809135424664595,0.9411714863048621,-2.2957613269628765,0.0016965014054350913,-1.715102066882473,-3.2377401779294903,4.759838491681641,1.9161495666617352,1.6445446477644012,0.5943308405521999,-2.0251836443228446,2.1279618117922534,4.5863405360166185,-4.156230853338461,-1.862238941114937,-3.6903344609309725,0.7972053236139651,3.1773641069881213,-4.11224624289264,-0.45845003271426643,3.776965188897208,2.6712842485743167,3.3782424423520485,3.4655626003505215,0.7320223427059005,-1.1291478565111497,2.355903824322293,-0.513890800783263,2.826311446703164,4.718631348337231,3.489805672635952
1.869290822980655,1.8539533349156834,1.5492975102999824,2.1157744407266494,-0.7991880270681074,2.1519448810118975,-1.2242802408362965,-3.9767193091250856,1.7341685204601962,1.3973873726394752,2.341353695072244,1.583594627619569,-1.3904589700292198,-1.9656574980945587,1.329737236933512,-3.3729919245101687,3.6000285743400924,-0.9786105843174873,-2.200887059400695,-3.856622766653164,-2.322801215528086,1.8475592418015214,1.2981315418132982,2.4918504576985336,1.4335194873970722,-1.4969879515831486,1.234004187291035,1.7714596583561506,-1.7931987917791998,-0.5729826057836414,-1.7989446063378436,-0.30558515812563436,1.3669175114133958,-1.4229049401903255,-1.088220409234126,2.147301324213131,1.1773449885847975,0.9545956019823642,1.7034750980497706,0.5489225535574276,-0.7966805979673868,1.4222983628165187,0.08707094593012465,1.0153788269699964,3.9779707274978766,1.76587580664521
0.8176964754363414,1.6856720912914778,1.6836448210051473,1.1861705953443775,0.08450264208469078,2.312362671530207,-0.7276732632411373,-1.6657766572288473,3.860959902391789,1.3482690630366174,2.074804046923538,0.6480386843489752,-1.8153189279466961,-0.9861437022395511,0.8286865246283542,-2.511191098870908,0.143550444397464,0.4514106743427577,-1.8321061634695937,-1.4734015070888038,-1.7829113198284472,-0.2277868857635399,1.8366682585287784,1.4371811906820673,1.2478661417580488,-3.310103591743024,1.1571603694040395,-0.22276601979710553,-1.2438602234762342,-0.9874038897650793,-0.06270567581710185,2.370260226356059,1.0477565933998607,0.05674989870323088,2.7649931623296595,1.5466400285416488,1.1854627890284843,1.406663486342003,0.9604279568236292,2.072887979752502,0.028346495277043138,1.160679677387202,1.530440230640208,1.3393828144474935,3.273067235719379,1.0821194768807156
1.0762780296687404,2.63625277726962,1.8542908838528245,1.3410040637071625,2.1715946811508573,2.7234334908821642,-1.3989358131313343,-2.1615134162745377,1.6322060426485505,0.3374411766626876,1.2442679678849506,1.2398987032464357,0.8395940851701906,-1.5078210969874963,2.2381407361667622,-1.5934801364545719,1.9718151318987869,-1.3752821900117702,-1.8407891440646196,-3.97245100677853,-1.500977332651023,0.7546666797579231,2.3118259613699115,2.184791133182248,0.3528489804335927,0.6203183081096002,1.2776702412415837,0.8521278854779633,-2.2391230358265437,-0.18493780148827865,-0.9159492726224369,3.669348904193228,1.0913560010034389,-0.42203941744504925,3.911743418873562,1.2910901909185195,0.7009786650808137,1.215639268962586,1.2392141435786996,3.798718294998829,-1.604738985473066,1.0780761422294165,2.2680994697031167,0.1420431469698663,4.579879073747999,1.0466787218874751
0.7518375163889266,3.155416764385664,0.31258379328332975,2.166305232520651,-1.4261199664208042,3.053917196044761,-2.3382032423279613,-0.058117272326799085,2.1739070884847957,-0.05941563586452925,2.1698571108038243,-1.351044003970152,-2.139145271787182,-2.508691323612519,2.140846938760602,-1.7621985859158453,-1.2138033139455233,0.6338553234193633,-0.7281518723296254,-0.8454399874324594,-0.9563175817109484,1.1188226739208913,0.07817746354474564,0.29099813509848693,0.8552169664179916,-2.456299586567302,2.43085767025154,1.4053872721220348,-0.28217263100098333,-1.7208647766497203,-0.9928930904095701,-2.40758284628435,-0.8223409441082947,-0.9308146157568434,-3.6490621825994918,-1.1670183254884643,-1.2292212092046513,-0.12858848492915276,-0.9885285667619794,-1.2992041333489908,-4.241586912634306,-0.5156013895956599,3.379339891255201,-0.9555569498378127,3.547141542960919,-0.5537878335909301
1.3638901059582498,0.6057475029591344,1.510873587578384,-0.6686162692559203,-2.5733381598574687,0.35016787939444605,-0.3324778863236908,-1.3266668153764611,0.4091122009068371,1.7291089542110076,0.83190561018298,-0.8816678452053399,-3.488342001400202,-0.5192257062169048,1.1949376655278514,-2.279670384971963,2.0379467980615393,-1.490323318794602,0.0014108846450993084,-1.4562702107757095,-1.1948903661547787,2.8021876647853183,1.1722297999170845,1.618061770636643,1.3266704310753923,-4.592380012201952,0.8513602381674191,2.3006875291092124,-2.4489545614896806,-0.596571211788997,-2.7370880755686793,2.2268397985418384,2.286162247098841,-2.917877538688116,2.3250093546655854,2.51022028610313,1.2764509596481537,2.776131625499858,3.1804055243842493,3.5976725845003408,-1.5955899174404233,2.191349606735841,2.0922375994201485,1.240709748295657,2.4288533497599314,1.4704269423698653
0.9724305525303067,2.4083854609218824,2.390353081898774,0.07771816006012777,0.9042736609269271,3.4329296337507835,-1.2260483320751574,-3.0642181122220444,2.148928262287201,1.7166658221773683,0.8735807180044513,0.6410001913096957,-0.43204238899801406,-1.3790398877675774,1.0547853846206792,-2.228055767947868,1.9775152795477648,-2.625883579355566,-1.539068299348745,-3.2540409828808663,-1.9551893545416212,1.12462920098373,2.5460228732913768,3.8069868781390888,2.309019889891718,-0.5312159757073094,0.2489721674765204,1.1119117372994198,-1.9937510370354146,-0.4174623821776872,-0.26005254734928607,3.351984694423705,1.4761758041715378,-0.19410540805620036,3.296517268536845,2.7543366992257434,0.7432134889886375,1.246704329119499,1.327826052061831,4.187603676913665,-0.9652781107237924,1.0051143544312773,2.1750163390977733,0.6349188728499251,3.016175134224083,1.175855049613113
0.5654835779786002,1.564467471198204,1.5036971399917753,0.8878538451871806,-0.7667871755362162,1.4183525990388728,-0.5727466207789339,-1.727690519701726,2.2595895676422604,1.1009482083639406,2.0352737961738248,0.6507769094903959,-1.9626194010887046,-0.5321334640873778,0.88833920699163,-2.4460992857048227,1.4812144376903924,-2.109600016491533,-2.2298763446189915,-3.2957543075430977,-1.0355256149934189,0.7883550222883897,2.1321985851568908,2.8092897409239637,1.9219903539573437,-2.274932187901331,1.0005360054093564,0.920874049661125,-1.6644242966919394,-0.7957250939014374,-0.5290898487714197,3.182598806212315,1.2337995559321382,-0.011545734225136384,3.1996166422999854,1.84185713397186,0.41876666324483147,1.6131647692800555,2.096552195381446,3.1418428842106665,-0.33335730447497247,1.824331750873442,1.5103009615522254,0.08812783660372792,2.913234547042498,0.2973122065675122
1.760665972643451,1.6480366832351712,1.8561385323260238,2.5500761027703227,0.9530579373539166,0.7930654453960375,-1.0486423595724825,-3.2244142592507568,2.59003345192503,0.6737052636906248,3.6630859428056626,1.5404182169320266,-0.13784911044480774,-1.5148060867276496,2.07101580736017,-3.4387127700697917,2.4468374313839334,-3.1217683218672563,-3.3075881336435167,-3.8001354120561794,-2.3752621808839844,1.3546945124050414,1.825391437649012,1.308540231920269,1.4334194427634543,-0.9384351320690715,1.965379585306453,1.3552064147354157,-1.5087605207718056,-1.471593220041387,-0.5254556098834353,-0.5668633305038397,0.6798155825419687,-0.0472925318136701,-0.7796447271103772,1.332939229438379,1.2139764594843492,1.0034510294811676,0.797891790100141,-0.10606868431395089,-0.8808966787221029,0.6018720360779468,0.2174847385625538,1.1837802959866672,4.443789461630941,1.660653292451487
1.2143810087430393,2.1535249674325345,0.6724354767175399,1.3571148583649781,1.7452666736706859,2.3136057626973807,-1.2299875227258994,-1.1631284002052786,0.9881625204105124,0.22604406618361172,3.0362899930479825,0.28696443741492317,0.045771815449188624,-1.927025738757908,1.412115772677401,-2.005900243844807,1.197557524290451,-1.2399865686070386,-1.8898647889982905,-0.8515768430847549,-1.5458662567351196,2.022303704373359,1.3165225036132788,0.5128516288179107,0.9546720377566869,-0.5330328877115835,1.7640926736264384,1.7957362917484847,-0.8772287948127291,-0.6499037148680377,-1.1850276822141281,3.230328572884831,0.18359595526462769,-1.2694336848013743,2.1372578346527336,1.3898143034614996,-1.1584107240218606,0.9911706567924559,-0.7653547337426285,4.900736329494117,-1.9692678644363595,-0.09375069772210232,4.08771388340642,-0.9194929693533069,4.999500841930517,-0.2526400533464215
1.1165225336182028,0.4520432122990723,1.3280032926612724,0.14340987012293072,1.2724035662767128,0.11219496804644047,-0.14879513119978371,-0.8153094219724353,2.159686643577714,1.8761845606557874,1.868718846541392,3.0222702904477683,0.2906411761849401,-0.36532738629976125,-0.2082274392887573,-2.016058702480438,1.7816880788350662,-1.876237390912939,-1.4087658035818473,-0.2704871652729848,-1.59919746170058,3.342082287654577,-0.2370668364507349,2.4864397492713346,0.8911940303219215,-0.004777720515391826,-0.6277919282421094,3.0979571135517463,-1.99376523415876,0.819528627587776,-3.0739436386251837,1.2932251974599587,1.449878892296094,-3.0670248966107962,1.0515100104613724,2.169376013905544,0.08700685544683961,1.9686309296442686,2.3890533542200405,1.0749106471166407,-1.761544287192243,2.181276393624151,3.244361937717237,0.4907536488924697,1.1577663293533194,1.2289890163402646
1.767803198137807,2.1712280826765045,2.504034699021999,1.9401841058238962,-0.07772838525314973,1.261050462489086,-1.7852216412848638,-1.6600930347215002,2.7822288112680313,1.9711147434584215,1.0343866256964989,0.7236104169720169,-1.3991705938749122,-1.2316144531824305,2.044014532062551,-1.7450031196255993,0.9105441500373607,-2.2960564026980346,-0.4276562857668822,-1.0798630007130632,-1.728040779756857,2.3393727729880265,1.6289610500219802,4.101475252376797,1.9296922377028116,-2.000569375452823,1.5811654162267668,2.4121327227869247,-3.3082610118647424,-1.7353829539879881,-1.7312646508769638,5.059010261292867,2.4145566655257937,-1.5251344500975372,5.104279604418305,2.8927944940749435,3.0694639875139402,2.8691946014643976,2.4622649665602783,4.612390292810222,-0.3221853263624357,2.3117282655825466,1.9466848211327994,1.0885996367975606,2.977311715076301,1.9056986806342093
1.6092023012564969,1.335534916111226,1.6244621265632446,1.1440515912969222,1.6164762798151067,2.06026816495815,-0.5022207917476452,-2.041903649014542,1.2502311348932766,1.950574358187222,3.476924360086703,0.5731479301205954,0.9802201432415645,-0.07022483629737586,0.9419849797664346,-2.2954273350131276,2.666538686006198,-2.4876309194205852,-1.0817888988358548,-1.5557751976051304,-1.8345819939516868,2.219646777624238,2.994970717573192,2.175707411728312,1.738858479477725,0.23127843758151867,0.2761225433054142,1.726491952851454,-1.6221316261602527,0.5106078567658665,-2.286191647423205,0.18154383781770878,1.1818482366568073,-2.4394860247048396,-0.0560991291390327,2.232456802221116,1.4697686164150066,1.0643036298206732,2.043561718413849,0.6135109375015599,-1.0458501899257935,0.7826755849596555,1.7953083789873332,2.066534161444939,2.2594173378953677,2.683985573104248
1.4730461553474496,1.165049957828935,2.129209411793304,2.9269497541134823,-0.43993298272089787,0.3022222218572148,-0.7701459966793628,-3.0224635188869633,2.637986831435814,1.1790411699602708,3.0188711609573433,1.9054714491750566,-2.6331355851655966,-0.7408141754188713,0.13963939471093356,-2.1251776012281143,1.984740297519303,-1.2570693342711239,-2.5908373253747263,-3.4648971611176256,-1.9163815885507252,1.4192571799108307,4.018705674943991,3.6865368465091244,0.6227255105716537,-4.6171115408005345,0.23907936806160657,2.0697407668695496,-0.9785261823390723,0.19036938619187116,-0.29356378655319526,-0.32795588452399715,-0.038901836443880455,0.21088895591237788,-0.46790148200380455,1.0599708703949986,-0.040404245961888186,0.7295815644995755,-0.5120348361597251,0.340937927995848,-2.9879036466327564,-0.2074585427767519,0.8366381819134515,0.08730418982778909,0.6708032797157788,1.1519739342302027
1.1582465568998395,1.3255568390689811,1.17632898187252,1.4970398082963752,-1.0022040327536978,0.320769914332127,-1.536310627958532,-1.59501501437133,1.6370006969595918,-0.05055971533088932,1.6449712055672152,2.1966366787993667,-1.5030511489071072,-1.7823674392786244,1.8678131255293762,-0.7914246337914843,1.5762453384072628,-1.684644927653536,-2.1260368436517556,-1.3680836731951556,-1.3602210688427154,1.7142215110015429,3.1261535621147596,1.0858552978137415,1.5994981849947179,-2.537600580546848,1.2179976785949438,1.5608315136516557,-1.263524229303974,-1.1256473073464772,-1.2535113736686232,1.624450517672733,0.47301548432795215,-1.6094566363455018,1.0158824322286895,1.01763445641227,-0.40191839045363553,1.1647553684628646,0.22491653645894394,2.6217789046924036,-2.484343203362192,0.09519629309792099,1.9363576329945908,-0.2288211738262409,3.5557045667408396,0.566688681775037
-0.10484205755649412,2.903998685153168,2.4470452601822528,-0.13513842440298207,-0.4254548849833141,2.718213025061343,-2.3837666393174928,-3.054818808110579,0.29183362869777496,2.1585832130634968,1.7162583281398098,1.4387140640976774,-1.1992421250744365,-2.664140592609395,2.7111693983359264,-2.8514097518317456,2.4911847431655767,-1.8182245176804726,-0.5667000665984891,-2.607636850468954,-0.46409482925115086,-2.571597818639424,2.6350198627798678,3.819797659998449,2.5203126512981213,-1.9839601244733651,2.4253903832815054,-1.975380023391155,0.5189435507859799,0.19226441255844762,0.955450799898997,1.8207130406812149,-1.352301338305446,1.3864611289647715,2.83318549149779,-0.619843656093694,-3.6340000153832746,-0.4777040993268009,-1.4569084259808334,0.1028968244738564,-2.016456580559516,-1.138271552989047,2.93733728949485,-4.0712923668268175,5.51056027921548,-2.825923512289978
1.1729320005108557,0.9386606827027812,1.558755081067145,2.0028434392025223,0.21983021909999242,1.9595359586218823,-0.89324025304757,-2.330602929697836,1.8721686161982793,0.760279068817572,1.384204746215516,1.9428727910752919,-0.9189402060091977,-0.5583040808380771,0.4635609310232176,-2.062858437713848,2.06459710776535,-1.1484780416996365,-3.4520220064761586,-2.0550442978542836,-2.0278138401698964,1.6063320898254978,1.6385334112077898,3.3989337156274777,2.406654961979571,-1.4947911572851964,0.5045961342162637,1.8778795566964817,-1.989115818053351,-0.8800622010843983,-1.2089870962614255,1.1694858599808615,1.5846720780197237,-1.398735054985524,0.6928838033140132,2.2678366985607274,1.834850923440808,1.7058128362966425,0.5930157548633553,1.2692790610212445,-0.9920415865348926,0.9268046178216136,2.172623617098065,1.3928662961300655,1.299897506333524,1.509260939023882
0.5462672022485492,1.6309429583016937,1.246984266391681,2.2122968475642977,0.8053494521934053,1.8013299263136293,-1.7808614358194308,-0.9627905032907398,1.7812182374953838,0.7083243951317779,3.601302889930494,0.5059936568457741,-0.44823398075557563,-2.292111437179608,2.2671363385306553,-1.017391249004616,1.6277152123696146,-0.5622727065278291,-0.7971053314855409,-0.7218525244363687,-1.0315836945279409,1.4304778044153716,1.8350942636041632,0.7627637911773686,0.9264590707619883,-0.8477068858931207,1.5273115965961308,1.453757878309693,-1.5910592568477706,-1.0278726547151709,-1.8967539514420513,2.680662624872248,0.825698037590621,-1.6557549868417578,2.948050917305175,1.1419587259975814,0.25961544184847807,1.1986233562772781,0.07413346257204423,3.5146877825532474,-2.1583859115084176,0.2654306467122607,1.7881799494865145,-1.128700312102142,3.0775243579583167,0.09360258276235145
1.0324381004001157,0.048661823115055736,0.11574348612315344,-0.6872624346113692,0.04890878897895516,1.1845999144874306,0.3796954913262014,-0.4936391433250974,-0.5756609726335018,0.51897474096867,0.40067562236723897,0.17699342457166511,-0.4068991715663196,0.49785662662488384,0.0015137196343437687,-2.382601007952273,1.1696244293337845,-0.8706027555469241,-1.1288409585995003,-0.44192124054169013,-0.98030815640763,1.7486524948461666,-0.5284658718772022,0.10264591819624602,0.3418168733717255,-0.9885197608995278,-0.14208203879857506,1.4575917326005965,-0.9804336443650207,1.0877779102076308,-1.4917355559546832,0.7736997704354093,1.2773961304550199,-1.9869959028944912,0.6028757035316045,2.606900595309165,1.2004175207412566,2.1917610309250213,2.198883983221177,1.4011974862473031,-2.879228357628527,1.6630465812771988,1.3173816866121444,1.2783020397516638,2.089146487008793,2.1476026129390573
1.2411298730435034,1.6556056561943278,2.474551124011759,1.7204163418327267,-0.971593863971684,1.502613834644761,-1.5586786194976723,-1.5664884238417398,3.0194158094585193,2.3819909070958665,1.459407589618953,1.7542040748962904,-2.304991872640777,-1.290730774972766,2.0865615394531036,-1.5117618332481177,0.9496508741968843,-1.6439224870084315,-0.5449890801840405,-0.4725493107843237,-1.7837387579546071,2.84565939990991,1.3440303478597646,3.92524238859275,1.8576692563220858,-3.3393382201579604,1.5017124897731344,2.505699408532488,-2.725858260190174,-1.0742186522259605,-1.9230079538851776,0.49942967123383,2.0506264909238263,-1.8189273312376577,0.8530780655660886,4.05901621765069,1.5405459015968743,1.4472744898746093,2.1590097076524346,0.5832571201038761,-1.5082024355104677,2.019209642591354,1.2121817436273106,1.750443974456131,0.9417938074441112,2.1210183037334174
0.2389804474683821,3.0306019765437275,1.0600357969119576,-0.076077400656126,-0.9912524266088824,2.8272019067372645,-2.0197962208201212,-1.0935841977453724,1.121221740004614,1.2431105499426776,1.683279693142941,2.6475259704644687,-2.264953872366407,-2.5430099806354214,2.4015296054592596,-2.160654229395675,0.9961838107398646,-0.07892099996472512,-0.9457274834702912,-2.224280146081459,-0.8172816026942972,1.6115908962807224,0.7777279880890968,1.8719119297775975,1.178323623776606,-3.0276482864468983,2.457271168869484,1.2352393789383302,-0.9183324689825053,-1.3901162378117595,-2.2287184980263977,0.22571291238307722,-0.35817343031815585,-2.304360137712319,-0.24716513834830445,0.8109286254496637,-0.7011324568814278,0.05978585698725292,-0.5110054690572075,2.0590016721590843,-2.1765823382708653,-0.6634921052126106,-0.8553720766012722,-0.7682044587711516,5.7048582591030295,-0.2504288117545026
0.4293262345072564,1.0456792418895655,1.4706693011143053,1.430939657364917,0.4087694430046038,2.0457569461027134,-0.7999343418194688,-0.857766356890629,2.1359251171647418,1.2975768488225425,3.2808845289614803,0.9174993110792323,-0.8677377850543807,-0.1766104638718602,1.0432803021834292,-2.3955705621942016,0.43452274828273074,-1.2768668018136669,-1.6099653833043026,-1.282463210086637,-2.1413633802916463,0.8785216425513638,1.2449362948304215,1.0359304935826632,1.3148026270122295,-1.059438919840669,-0.502277982306716,0.8118568209676289,-1.6941096351767426,-0.7542783203738807,-1.5177300700464564,0.37842772750310405,1.5477215583004176,-1.5079023240589937,0.10532962588827965,1.701090554945256,1.3100007425765197,1.4416551751950473,1.997876153400377,0.5019046949468196,-1.449893229265776,1.6361166637148798,2.0883413110473406,1.2802360047375432,2.8301379351812344,1.7887790736949944
1.267558377024575,1.0219388866328756,1.7885038294298055,2.3691082065567084,-0.8729207671777673,2.139543982606514,-0.3895222477433298,-2.96368066526568,3.2108597149772375,1.3244059891451212,1.5222697117454083,1.213920889311252,-1.2239566225255474,-0.5782497320481248,0.12389999652194561,-1.305383689309181,2.520354116450951,-2.3637290558670814,-1.4273776280728647,-3.104223756231657,-1.452835712359129,1.2915137267430126,3.540959369808469,2.8229940617912543,0.8775543651330473,-1.3767315404838973,-0.22024953593613184,1.2762690249852047,-1.1650195466130695,0.8558047686936197,-0.16194434825065573,-0.9990659433409095,0.9657872819370117,0.07880390854277386,-1.3254199092256338,2.2135859733994785,0.7337556476236963,1.136893473823154,1.0299222809872666,-1.3646587739461589,-2.0880556474630323,1.39612705222308,1.7637002008850347,0.06579268997082988,1.003318967019069,1.8350145152237227
1.2024612834980113,1.4552393895597224,0.5274758731644485,1.825776636049164,0.8737034338572373,1.8850005723176733,-0.5369952254585763,-0.7614158603520257,0.6889121929752562,-0.39132427478503895,2.0681936970768184,0.7389300515632165,-0.06387677977531803,-0.8225602886590349,2.027549630544023,-1.7541037190458497,-0.06095326364974496,-0.7058231890983919,-1.19572426090709,-0.8689397901239007,-1.4495484546934063,2.2577492222791262,0.5513414573990871,0.5159492414475401,0.9608360249078054,-0.02289748210178999,1.0298867895573736,1.9151951421322464,-1.976429825915717,-1.2143089794978787,-1.6252366101355662,0.07949056462246573,1.3798589541475474,-1.6171399534250896,-1.344930043770266,3.898784615402328,0.7184093852896563,1.9508649777150957,1.7462736948664235,0.42078751584060314,-2.119374060087465,1.466287575882447,0.7491497231720963,0.45244919403443346,3.229761830312108,0.5064724216793041
